project_id,state,district,project_type,land_area_hectares,affected_families,compensation_status,legal_dispute,approval_stage,possession_status,rehabilitation_progress_pct,stakeholder_responsiveness,historical_dept_performance_score,months_since_initiation,approval_timeline_days,notification_delay,approval_delay,compensation_delay,possession_delay,delay_label
LA-1001,Gujarat,Vadodara,Irrigation,46.44,5,Paid,Yes,Possession,In Progress,87.3,High,65.26872616740691,49.1,300,Delayed,Delayed,Delayed,Delayed,Delayed
LA-1002,West Bengal,Kolkata,Highway,65.55,90,Pending,No,Possession,Completed,27.2,Low,66.87173395088966,17.4,191,On-Time,Delayed,On-Time,On-Time,Delayed
LA-1003,Karnataka,Bengaluru,Irrigation,38.55,75,Partially Paid,No,Possession,In Progress,53.7,Medium,58.635630805513124,17.3,169,On-Time,On-Time,On-Time,On-Time,On-Time
LA-1004,Madhya Pradesh,Jabalpur,Airport,50.03,120,Paid,No,Compensation,In Progress,69.3,Medium,54.91310703223682,28.6,251,On-Time,Delayed,On-Time,Delayed,On-Time
LA-1005,Uttar Pradesh,Kanpur,Metro,127.39,294,Paid,No,Possession,Completed,89.8,High,64.69079711114149,20.9,178,Delayed,On-Time,On-Time,On-Time,On-Time
LA-1006,Uttar Pradesh,Agra,Power Project,125.63,210,Partially Paid,Yes,Approval,Pending,48.5,High,86.6344497225496,7.3,164,On-Time,On-Time,Delayed,On-Time,On-Time
LA-1007,Delhi,South Delhi,Power Project,132.03,231,Pending,No,Notification,Not Started,77.1,High,43.16816094722971,36.5,261,Delayed,Delayed,Delayed,Delayed,On-Time
LA-1008,Bihar,Muzaffarpur,Industrial Corridor,64.93,60,Paid,No,Compensation,In Progress,48.7,High,81.97528745376086,6.3,93,On-Time,On-Time,On-Time,On-Time,On-Time
LA-1009,Madhya Pradesh,Gwalior,Power Project,92.77,130,Paid,Yes,Compensation,In Progress,94.9,High,40.495035579195076,40.3,297,On-Time,On-Time,On-Time,On-Time,On-Time
LA-1010,Karnataka,Mysuru,Metro,86.52,177,Paid,No,Possession,Pending,81.4,Medium,70.42750865266659,10.9,166,Delayed,On-Time,On-Time,On-Time,On-Time
LA-1011,Delhi,New Delhi,Airport,206.45,170,Partially Paid,No,Notification,Not Started,39.7,High,80.74419192455265,60.0,183,On-Time,On-Time,Delayed,On-Time,On-Time
LA-1012,West Bengal,Kolkata,Power Project,59.52,69,Paid,Yes,Possession,In Progress,56.3,Low,45.14743471048624,7.2,292,Delayed,Delayed,On-Time,Delayed,On-Time
LA-1013,Bihar,Bhagalpur,Industrial Corridor,54.15,89,Paid,Yes,Approval,Not Started,64.9,High,70.26140537165209,7.9,204,Delayed,Delayed,Delayed,On-Time,On-Time
LA-1014,Uttar Pradesh,Prayagraj,Metro,60.49,105,Pending,No,Compensation,Pending,67.0,Medium,49.30625705178474,10.5,212,Delayed,Delayed,On-Time,On-Time,On-Time
LA-1015,Uttar Pradesh,Kanpur,Highway,167.28,227,Paid,Yes,Notification,Not Started,66.6,Medium,82.55473588402273,39.4,276,Delayed,On-Time,On-Time,On-Time,On-Time
LA-1016,Uttar Pradesh,Prayagraj,Railway,143.24,327,Paid,No,Compensation,Pending,39.8,Medium,40.99877793478032,30.8,307,Delayed,Delayed,On-Time,On-Time,On-Time
LA-1017,Maharashtra,Nagpur,Railway,30.44,85,Partially Paid,No,Compensation,Pending,93.2,High,51.61290372254253,41.5,244,On-Time,Delayed,On-Time,On-Time,On-Time
LA-1018,Rajasthan,Udaipur,Highway,29.04,119,Pending,Yes,Approval,Pending,82.8,Medium,66.97069752377547,32.5,259,On-Time,Delayed,Delayed,Delayed,Delayed
LA-1019,Gujarat,Ahmedabad,Irrigation,112.54,162,Paid,No,Approval,Not Started,87.0,Low,75.67210681074471,20.7,254,On-Time,On-Time,On-Time,Delayed,On-Time
LA-1020,Maharashtra,Mumbai,Power Project,81.61,102,Paid,No,Compensation,In Progress,86.8,Low,66.39075353658303,47.0,259,Delayed,Delayed,On-Time,On-Time,On-Time
LA-1021,Madhya Pradesh,Bhopal,Railway,15.71,97,Paid,No,Possession,Completed,57.6,Medium,72.42710972701475,58.2,239,Delayed,On-Time,On-Time,Delayed,On-Time
LA-1022,Uttar Pradesh,Lucknow,Irrigation,30.72,5,Paid,No,Approval,Not Started,53.8,Medium,56.761750388330654,9.8,178,Delayed,On-Time,On-Time,On-Time,On-Time
LA-1023,Maharashtra,Nashik,Railway,84.56,62,Partially Paid,Yes,Approval,Not Started,56.8,High,48.633401508547195,45.3,306,On-Time,Delayed,Delayed,Delayed,Delayed
LA-1024,Gujarat,Surat,Highway,358.73,347,Partially Paid,No,Approval,Not Started,52.9,Low,86.9691902546963,44.8,213,Delayed,Delayed,Delayed,On-Time,Delayed
LA-1025,Rajasthan,Jaipur,Power Project,130.65,351,Partially Paid,No,Possession,Pending,36.8,Low,72.48147280234816,11.1,205,Delayed,Delayed,Delayed,Delayed,Delayed
LA-1026,Tamil Nadu,Coimbatore,Power Project,40.63,55,Partially Paid,No,Approval,Pending,70.5,Medium,57.68397506640653,13.7,213,Delayed,On-Time,On-Time,Delayed,Delayed
LA-1027,Uttar Pradesh,Kanpur,Irrigation,203.28,424,Pending,No,Notification,Not Started,84.7,Medium,40.19371497375777,37.9,259,On-Time,Delayed,On-Time,On-Time,On-Time
LA-1028,Rajasthan,Jaipur,Highway,36.58,72,Partially Paid,No,Possession,Pending,38.8,Medium,83.34759676578119,15.1,170,Delayed,On-Time,On-Time,On-Time,Delayed
LA-1029,Madhya Pradesh,Indore,Irrigation,54.35,72,Pending,No,Compensation,Pending,57.9,High,83.965315482547,24.3,118,On-Time,On-Time,Delayed,On-Time,On-Time
LA-1030,Delhi,North Delhi,Power Project,199.37,405,Paid,No,Notification,Not Started,79.4,Low,61.73803320445452,25.5,257,On-Time,Delayed,On-Time,On-Time,Delayed
LA-1031,Madhya Pradesh,Jabalpur,Power Project,36.33,107,Pending,No,Possession,Pending,54.0,Medium,55.090808129488416,10.4,182,Delayed,On-Time,On-Time,On-Time,On-Time
LA-1032,Uttar Pradesh,Lucknow,Metro,220.32,417,Paid,No,Compensation,In Progress,69.3,Medium,61.11055446911006,10.4,161,On-Time,On-Time,On-Time,Delayed,On-Time
LA-1033,Delhi,South Delhi,Irrigation,11.36,67,Paid,Yes,Compensation,In Progress,55.6,Medium,61.83818713132143,9.1,249,On-Time,On-Time,Delayed,Delayed,On-Time
LA-1034,West Bengal,Howrah,Metro,115.58,144,Pending,No,Approval,Not Started,31.0,Low,76.54305371742048,31.3,209,On-Time,Delayed,Delayed,On-Time,Delayed
LA-1035,West Bengal,Kolkata,Highway,98.71,249,Paid,No,Possession,In Progress,59.5,Medium,47.93210547349062,7.2,185,On-Time,On-Time,On-Time,On-Time,On-Time
LA-1036,Tamil Nadu,Madurai,Airport,160.92,311,Partially Paid,Yes,Approval,Not Started,32.6,High,56.245931553447235,40.0,275,On-Time,Delayed,Delayed,Delayed,On-Time
LA-1037,Maharashtra,Pune,Railway,95.5,180,Partially Paid,No,Approval,Not Started,73.4,Medium,62.24497393767173,14.6,177,On-Time,On-Time,Delayed,On-Time,On-Time
LA-1038,Uttar Pradesh,Varanasi,Metro,100.63,212,Pending,No,Notification,Not Started,51.7,Low,68.875859165007,24.2,219,On-Time,On-Time,On-Time,On-Time,On-Time
LA-1039,Karnataka,Bengaluru,Railway,51.28,63,Partially Paid,No,Possession,In Progress,58.6,Medium,77.99568685213033,8.7,158,Delayed,On-Time,On-Time,On-Time,Delayed
LA-1040,Gujarat,Ahmedabad,Industrial Corridor,70.75,132,Paid,Yes,Compensation,Pending,42.5,Low,69.66470851990101,60.0,344,On-Time,Delayed,Delayed,Delayed,Delayed
LA-1041,Uttar Pradesh,Varanasi,Highway,207.15,205,Paid,No,Compensation,In Progress,82.4,Low,91.28156669278067,32.9,168,On-Time,On-Time,On-Time,On-Time,Delayed
LA-1042,Rajasthan,Jodhpur,Airport,113.73,174,Pending,No,Approval,Not Started,70.1,Medium,50.12680121286097,32.1,231,On-Time,Delayed,Delayed,Delayed,Delayed
LA-1043,Delhi,South Delhi,Industrial Corridor,128.18,253,Paid,Yes,Compensation,Pending,95.8,High,86.92453532321116,34.1,232,On-Time,Delayed,On-Time,Delayed,On-Time
LA-1044,Bihar,Muzaffarpur,Industrial Corridor,101.29,138,Pending,No,Possession,Completed,71.7,High,50.69187691651627,30.3,191,On-Time,Delayed,Delayed,On-Time,On-Time
LA-1045,Maharashtra,Nagpur,Power Project,74.79,208,Paid,No,Approval,Not Started,70.5,Medium,59.07044876661021,9.8,167,On-Time,On-Time,On-Time,On-Time,On-Time
LA-1046,Karnataka,Mangaluru,Industrial Corridor,16.65,110,Paid,No,Possession,In Progress,55.7,High,70.80834601877316,11.8,105,On-Time,On-Time,On-Time,On-Time,On-Time
LA-1047,Maharashtra,Aurangabad,Highway,184.56,291,Paid,No,Approval,Not Started,54.1,Medium,82.66805124263104,20.4,142,On-Time,On-Time,On-Time,On-Time,On-Time
LA-1048,Rajasthan,Udaipur,Metro,136.87,176,Partially Paid,No,Possession,In Progress,87.3,Medium,59.09518282382507,31.1,235,On-Time,Delayed,On-Time,On-Time,Delayed
LA-1049,Rajasthan,Udaipur,Highway,87.82,164,Paid,Yes,Notification,Not Started,67.8,High,70.88772377120038,36.4,233,On-Time,Delayed,On-Time,Delayed,Delayed
LA-1050,Uttar Pradesh,Prayagraj,Metro,44.82,104,Paid,No,Compensation,In Progress,23.7,Medium,60.265643254900105,12.6,188,Delayed,On-Time,On-Time,Delayed,On-Time
LA-1051,West Bengal,Siliguri,Industrial Corridor,144.37,287,Paid,No,Possession,Completed,62.6,Medium,30.566524337724722,19.2,248,On-Time,Delayed,On-Time,On-Time,Delayed
LA-1052,Tamil Nadu,Coimbatore,Industrial Corridor,42.05,105,Paid,No,Possession,In Progress,63.8,High,64.42346273979912,54.8,202,On-Time,On-Time,On-Time,Delayed,On-Time
LA-1053,West Bengal,Durgapur,Airport,130.01,190,Paid,Yes,Approval,Pending,47.6,High,46.37705938446773,60.0,359,Delayed,Delayed,On-Time,On-Time,Delayed
LA-1054,Bihar,Gaya,Metro,53.4,102,Paid,Yes,Approval,Pending,71.1,Low,84.07233597326191,16.9,249,On-Time,Delayed,On-Time,On-Time,Delayed
LA-1055,Madhya Pradesh,Bhopal,Industrial Corridor,106.31,146,Pending,Yes,Notification,Not Started,55.3,High,84.17609440886025,41.1,203,On-Time,Delayed,Delayed,Delayed,On-Time
LA-1056,West Bengal,Kolkata,Power Project,194.18,248,Paid,No,Possession,In Progress,51.4,High,52.460034673376555,6.3,134,On-Time,On-Time,On-Time,On-Time,On-Time
LA-1057,Uttar Pradesh,Agra,Railway,94.85,159,Paid,Yes,Compensation,In Progress,46.9,High,50.154571407235224,17.3,239,On-Time,On-Time,On-Time,On-Time,Delayed
LA-1058,Uttar Pradesh,Prayagraj,Airport,121.1,235,Pending,No,Approval,Not Started,75.6,High,55.56529386192778,45.4,194,Delayed,On-Time,On-Time,On-Time,On-Time
LA-1059,Delhi,North Delhi,Highway,254.84,368,Paid,No,Notification,Not Started,22.4,Medium,72.98592083540368,51.8,239,On-Time,Delayed,On-Time,On-Time,On-Time
LA-1060,Maharashtra,Mumbai,Airport,110.96,132,Pending,Yes,Possession,In Progress,67.0,High,73.04541803953032,28.6,228,On-Time,Delayed,Delayed,On-Time,On-Time
LA-1061,Gujarat,Surat,Railway,41.08,152,Paid,No,Compensation,Pending,25.5,Low,95.0,3.7,137,On-Time,On-Time,On-Time,Delayed,On-Time
LA-1062,Maharashtra,Pune,Metro,132.83,149,Paid,Yes,Approval,Not Started,79.9,High,60.369806421492214,3.4,214,On-Time,Delayed,On-Time,On-Time,On-Time
LA-1063,Tamil Nadu,Chennai,Highway,68.5,185,Paid,No,Approval,Pending,81.8,Medium,66.37054496595074,27.1,194,On-Time,On-Time,On-Time,On-Time,On-Time
LA-1064,Gujarat,Rajkot,Highway,223.57,296,Partially Paid,No,Approval,Pending,42.6,High,93.97599507004642,28.8,134,On-Time,On-Time,On-Time,On-Time,On-Time
LA-1065,Maharashtra,Mumbai,Metro,66.36,169,Partially Paid,No,Compensation,In Progress,38.1,Low,69.29511781569978,60.0,292,Delayed,On-Time,On-Time,Delayed,Delayed
LA-1066,Rajasthan,Jaipur,Irrigation,66.86,131,Paid,Yes,Possession,Pending,71.7,Medium,48.6788649092845,12.9,323,Delayed,On-Time,On-Time,On-Time,On-Time
LA-1067,Uttar Pradesh,Agra,Irrigation,119.44,206,Pending,No,Possession,In Progress,79.0,Low,70.12948969884918,8.5,175,On-Time,On-Time,Delayed,On-Time,Delayed
LA-1068,Tamil Nadu,Coimbatore,Airport,104.53,252,Paid,No,Compensation,Pending,61.3,Medium,75.5722296933775,19.7,161,On-Time,On-Time,On-Time,Delayed,Delayed
LA-1069,Delhi,New Delhi,Industrial Corridor,131.55,114,Paid,No,Possession,In Progress,45.9,Medium,59.87457181712065,16.2,198,On-Time,On-Time,On-Time,On-Time,On-Time
LA-1070,West Bengal,Kolkata,Irrigation,61.68,63,Partially Paid,Yes,Approval,Not Started,30.1,Low,76.92919485973563,33.4,323,On-Time,On-Time,On-Time,Delayed,Delayed
LA-1071,Tamil Nadu,Madurai,Airport,144.8,223,Pending,No,Approval,Not Started,69.8,High,75.59435084150331,37.2,151,On-Time,Delayed,On-Time,Delayed,On-Time
LA-1072,Uttar Pradesh,Lucknow,Irrigation,20.75,76,Paid,No,Possession,In Progress,70.1,Medium,58.123323967678694,19.3,222,Delayed,On-Time,On-Time,On-Time,On-Time
LA-1073,Delhi,South Delhi,Railway,56.69,157,Paid,No,Approval,Not Started,51.6,High,88.27554489496656,36.0,125,On-Time,On-Time,On-Time,On-Time,On-Time
LA-1074,Tamil Nadu,Madurai,Power Project,127.52,256,Pending,No,Approval,Not Started,42.4,Medium,53.246310419575735,10.3,218,Delayed,Delayed,On-Time,On-Time,On-Time
LA-1075,Karnataka,Hubballi,Industrial Corridor,16.3,120,Pending,No,Possession,Pending,93.4,Low,71.55967667487081,25.9,218,On-Time,On-Time,On-Time,On-Time,Delayed
LA-1076,Karnataka,Mysuru,Airport,115.67,166,Paid,No,Notification,Not Started,43.8,Low,55.968291256570915,2.1,190,On-Time,On-Time,On-Time,Delayed,On-Time
LA-1077,Tamil Nadu,Coimbatore,Power Project,103.04,190,Pending,Yes,Possession,Completed,56.5,High,39.60638431332894,12.7,272,On-Time,Delayed,On-Time,On-Time,On-Time
LA-1078,Delhi,New Delhi,Power Project,49.67,115,Paid,No,Possession,Pending,10.9,High,70.37557967121293,31.5,179,On-Time,On-Time,Delayed,On-Time,On-Time
LA-1079,Gujarat,Vadodara,Irrigation,115.76,185,Pending,No,Compensation,Pending,31.0,High,93.93991979483447,59.0,103,On-Time,On-Time,Delayed,Delayed,On-Time
LA-1080,Uttar Pradesh,Agra,Metro,52.02,84,Partially Paid,Yes,Notification,Not Started,54.8,High,64.19238390407078,11.4,242,Delayed,Delayed,On-Time,On-Time,Delayed
LA-1081,Bihar,Bhagalpur,Railway,137.69,152,Pending,No,Approval,Pending,35.4,High,42.598624101790506,26.4,185,On-Time,On-Time,Delayed,Delayed,On-Time
LA-1082,Madhya Pradesh,Jabalpur,Railway,108.21,141,Pending,Yes,Notification,Not Started,70.2,High,68.33087087790175,11.1,211,On-Time,On-Time,Delayed,Delayed,Delayed
LA-1083,Maharashtra,Pune,Railway,158.69,282,Paid,No,Approval,Pending,14.6,Low,52.719756872579545,16.6,237,Delayed,Delayed,On-Time,On-Time,Delayed
LA-1084,Delhi,North Delhi,Industrial Corridor,292.59,444,Paid,No,Possession,Completed,58.1,Medium,80.80688236005298,29.7,118,On-Time,On-Time,On-Time,On-Time,On-Time
LA-1085,Maharashtra,Pune,Highway,109.24,241,Partially Paid,No,Approval,Not Started,64.9,Medium,61.57048375305667,9.5,169,On-Time,On-Time,Delayed,On-Time,On-Time
LA-1086,Maharashtra,Nagpur,Industrial Corridor,172.71,186,Paid,Yes,Approval,Not Started,87.5,Medium,38.4115648691992,16.5,321,Delayed,Delayed,On-Time,On-Time,Delayed
LA-1087,Karnataka,Hubballi,Airport,33.12,125,Paid,Yes,Compensation,In Progress,27.4,Medium,72.62785977393882,24.4,294,Delayed,On-Time,On-Time,On-Time,Delayed
LA-1088,Madhya Pradesh,Gwalior,Power Project,127.35,323,Pending,Yes,Compensation,In Progress,44.0,Low,68.13316463675511,25.6,314,Delayed,Delayed,On-Time,On-Time,On-Time
LA-1089,Bihar,Muzaffarpur,Power Project,10.04,31,Paid,No,Possession,In Progress,46.4,Medium,60.50182508575064,22.7,221,On-Time,Delayed,On-Time,Delayed,On-Time
LA-1090,Rajasthan,Jaipur,Highway,132.89,208,Paid,No,Approval,Not Started,43.9,High,49.41796030523211,24.4,155,On-Time,On-Time,On-Time,Delayed,On-Time
LA-1091,Uttar Pradesh,Varanasi,Airport,33.57,91,Paid,No,Possession,Pending,61.4,Medium,91.8370609514177,13.3,120,On-Time,On-Time,Delayed,On-Time,On-Time
LA-1092,Karnataka,Hubballi,Highway,145.41,349,Partially Paid,No,Compensation,Pending,45.7,Low,58.22137202139197,11.8,258,Delayed,On-Time,On-Time,On-Time,On-Time
LA-1093,Tamil Nadu,Chennai,Power Project,184.0,369,Paid,No,Approval,Not Started,87.3,High,78.45647257094595,9.8,138,On-Time,On-Time,On-Time,On-Time,On-Time
LA-1094,Madhya Pradesh,Indore,Irrigation,126.42,251,Paid,Yes,Approval,Not Started,55.7,Medium,58.05107160201478,10.8,255,On-Time,Delayed,Delayed,Delayed,On-Time
LA-1095,Tamil Nadu,Salem,Industrial Corridor,16.32,5,Pending,No,Approval,Pending,88.0,High,75.21236313759131,10.1,127,On-Time,On-Time,On-Time,On-Time,On-Time
LA-1096,Rajasthan,Udaipur,Railway,62.48,114,Pending,No,Compensation,Pending,38.3,High,65.80178248640955,23.0,182,Delayed,Delayed,Delayed,On-Time,On-Time
LA-1097,Rajasthan,Kota,Power Project,278.59,359,Pending,No,Approval,Pending,77.2,Low,65.42022187935352,11.1,225,Delayed,On-Time,Delayed,On-Time,On-Time
LA-1098,Gujarat,Rajkot,Metro,123.53,277,Pending,No,Possession,Pending,68.4,High,52.60289423089251,24.5,189,On-Time,On-Time,Delayed,Delayed,On-Time
LA-1099,Delhi,South Delhi,Railway,140.31,258,Paid,No,Compensation,In Progress,91.6,High,72.92216612340518,19.5,139,On-Time,Delayed,On-Time,On-Time,On-Time
LA-1100,Uttar Pradesh,Agra,Power Project,36.99,45,Partially Paid,No,Possession,Pending,84.5,High,86.07685382112908,27.4,138,On-Time,On-Time,On-Time,Delayed,On-Time
LA-1101,Delhi,North Delhi,Industrial Corridor,42.94,35,Paid,Yes,Notification,Not Started,77.0,Low,49.48430926755602,21.9,348,On-Time,On-Time,On-Time,On-Time,On-Time
LA-1102,Madhya Pradesh,Bhopal,Highway,73.99,88,Paid,No,Approval,Pending,57.8,High,52.5157486003459,20.5,178,On-Time,Delayed,On-Time,On-Time,On-Time
LA-1103,Maharashtra,Pune,Irrigation,159.23,292,Paid,Yes,Notification,Not Started,31.6,Low,95.0,39.9,228,On-Time,On-Time,On-Time,On-Time,Delayed
LA-1104,Rajasthan,Jodhpur,Irrigation,45.94,78,Paid,No,Approval,Not Started,79.3,High,49.97597238969813,37.6,215,On-Time,On-Time,On-Time,On-Time,On-Time
LA-1105,Bihar,Muzaffarpur,Railway,264.29,251,Paid,Yes,Possession,Pending,41.5,Low,56.68134473273207,26.2,296,Delayed,Delayed,On-Time,On-Time,On-Time
LA-1106,Maharashtra,Nagpur,Industrial Corridor,23.03,95,Paid,Yes,Notification,Not Started,78.3,Low,85.75550580844151,37.1,318,Delayed,Delayed,Delayed,On-Time,On-Time
LA-1107,Gujarat,Surat,Irrigation,73.4,92,Partially Paid,No,Approval,Pending,29.1,High,86.20738986670683,10.9,85,On-Time,On-Time,On-Time,Delayed,On-Time
LA-1108,Tamil Nadu,Chennai,Irrigation,199.68,236,Paid,No,Notification,Not Started,42.7,High,28.57875384408439,16.9,226,On-Time,Delayed,On-Time,On-Time,On-Time
LA-1109,Uttar Pradesh,Lucknow,Airport,36.85,68,Partially Paid,No,Approval,Not Started,82.3,High,76.48138870926068,17.3,119,Delayed,On-Time,Delayed,On-Time,On-Time
LA-1110,Delhi,North Delhi,Metro,59.2,126,Partially Paid,Yes,Possession,Completed,87.3,Medium,62.07492852648652,25.1,268,Delayed,Delayed,On-Time,Delayed,Delayed
LA-1111,Maharashtra,Mumbai,Railway,95.24,143,Pending,No,Compensation,In Progress,70.1,High,62.75967618454264,6.7,161,On-Time,On-Time,On-Time,On-Time,On-Time
LA-1112,Uttar Pradesh,Kanpur,Highway,37.53,197,Paid,No,Compensation,In Progress,58.0,High,82.47685375111317,26.0,155,On-Time,On-Time,On-Time,On-Time,On-Time
LA-1113,West Bengal,Siliguri,Irrigation,18.82,81,Partially Paid,No,Approval,Not Started,59.3,High,59.777361083414306,31.2,200,On-Time,On-Time,On-Time,On-Time,On-Time
LA-1114,Tamil Nadu,Madurai,Airport,48.01,151,Partially Paid,Yes,Possession,Pending,89.9,High,57.320744538005194,30.5,285,On-Time,Delayed,On-Time,On-Time,On-Time
LA-1115,Madhya Pradesh,Jabalpur,Industrial Corridor,184.12,243,Pending,Yes,Compensation,In Progress,52.3,High,60.17700863083597,6.2,213,On-Time,On-Time,On-Time,Delayed,Delayed
LA-1116,Bihar,Gaya,Irrigation,73.22,121,Paid,No,Approval,Not Started,69.2,Low,59.763460156405536,7.3,190,On-Time,Delayed,On-Time,On-Time,Delayed
LA-1117,Tamil Nadu,Chennai,Metro,36.1,60,Paid,No,Approval,Not Started,56.3,Low,70.2103551988532,13.0,184,On-Time,Delayed,On-Time,On-Time,On-Time
LA-1118,Uttar Pradesh,Varanasi,Highway,37.14,148,Paid,No,Possession,Completed,81.0,High,84.84994889516018,60.0,189,On-Time,On-Time,On-Time,On-Time,On-Time
LA-1119,Bihar,Patna,Industrial Corridor,153.46,318,Paid,No,Compensation,Pending,81.3,Medium,71.41327701664035,26.4,211,On-Time,On-Time,On-Time,On-Time,On-Time
LA-1120,Rajasthan,Kota,Industrial Corridor,49.22,51,Partially Paid,No,Compensation,In Progress,84.8,Medium,64.80703427050022,7.6,147,On-Time,On-Time,Delayed,On-Time,On-Time
LA-1121,Tamil Nadu,Coimbatore,Railway,113.69,193,Pending,No,Approval,Pending,79.3,Medium,73.1958314646389,27.5,178,On-Time,On-Time,Delayed,Delayed,Delayed
LA-1122,Bihar,Patna,Irrigation,66.58,123,Paid,No,Approval,Pending,53.7,Medium,76.70294196799317,22.8,165,On-Time,On-Time,Delayed,On-Time,On-Time
LA-1123,Maharashtra,Pune,Railway,106.44,170,Paid,No,Compensation,Pending,69.7,Medium,73.67015532732884,29.9,172,Delayed,On-Time,On-Time,On-Time,On-Time
LA-1124,Uttar Pradesh,Prayagraj,Highway,153.74,135,Paid,Yes,Compensation,In Progress,26.6,Medium,54.99042593184643,20.3,297,Delayed,On-Time,On-Time,On-Time,Delayed
LA-1125,Uttar Pradesh,Kanpur,Irrigation,161.67,205,Paid,Yes,Compensation,In Progress,95.8,Medium,71.36906762668994,21.0,274,On-Time,Delayed,On-Time,On-Time,Delayed
LA-1126,Gujarat,Surat,Power Project,40.0,117,Pending,No,Compensation,In Progress,76.4,High,33.20672246540927,12.9,262,On-Time,On-Time,On-Time,On-Time,Delayed
LA-1127,Tamil Nadu,Madurai,Irrigation,74.62,178,Pending,No,Approval,Not Started,37.6,High,88.00882166736025,60.0,213,On-Time,On-Time,Delayed,On-Time,Delayed
LA-1128,Bihar,Bhagalpur,Power Project,57.48,74,Paid,No,Possession,In Progress,88.8,High,87.96621839925831,16.4,124,On-Time,Delayed,On-Time,On-Time,On-Time
LA-1129,Delhi,New Delhi,Industrial Corridor,175.04,224,Paid,Yes,Possession,In Progress,47.5,Medium,78.34101544766655,18.8,227,Delayed,Delayed,On-Time,On-Time,On-Time
LA-1130,Rajasthan,Kota,Railway,39.46,5,Pending,Yes,Possession,In Progress,54.9,High,83.68901687465547,14.7,204,On-Time,On-Time,On-Time,On-Time,Delayed
LA-1131,Gujarat,Rajkot,Metro,111.66,205,Paid,No,Approval,Pending,72.0,Medium,63.88756980670871,3.4,128,On-Time,On-Time,Delayed,On-Time,On-Time
LA-1132,Uttar Pradesh,Varanasi,Irrigation,107.77,145,Partially Paid,No,Approval,Not Started,74.8,High,53.74270137445157,6.9,176,On-Time,On-Time,On-Time,On-Time,Delayed
LA-1133,Uttar Pradesh,Agra,Metro,42.64,68,Pending,No,Possession,In Progress,66.5,Low,46.19145861313874,23.3,270,Delayed,On-Time,On-Time,On-Time,On-Time
LA-1134,Maharashtra,Mumbai,Irrigation,18.92,46,Partially Paid,No,Compensation,In Progress,37.0,High,80.12206399114353,15.9,125,On-Time,Delayed,On-Time,On-Time,On-Time
LA-1135,West Bengal,Kolkata,Industrial Corridor,50.98,214,Paid,No,Compensation,In Progress,27.4,Medium,53.740776139877354,5.5,175,On-Time,Delayed,On-Time,On-Time,Delayed
LA-1136,Maharashtra,Nashik,Railway,67.26,109,Paid,No,Possession,In Progress,46.3,Medium,59.39356775048348,32.5,236,Delayed,On-Time,On-Time,On-Time,On-Time
LA-1137,Rajasthan,Jaipur,Highway,70.3,78,Pending,Yes,Compensation,In Progress,79.9,High,68.36207152308552,31.9,226,On-Time,On-Time,Delayed,Delayed,Delayed
LA-1138,Karnataka,Bengaluru,Highway,65.42,106,Paid,No,Compensation,Pending,68.4,High,64.43795165877454,28.8,195,Delayed,On-Time,On-Time,On-Time,On-Time
LA-1139,Gujarat,Ahmedabad,Highway,130.03,152,Paid,Yes,Notification,Not Started,32.6,Low,68.97159174485587,22.2,302,Delayed,On-Time,On-Time,On-Time,On-Time
LA-1140,West Bengal,Siliguri,Irrigation,143.78,191,Pending,Yes,Notification,Not Started,81.6,High,37.87824019369889,53.2,348,Delayed,On-Time,Delayed,Delayed,Delayed
LA-1141,West Bengal,Durgapur,Irrigation,168.65,235,Pending,No,Notification,Not Started,75.9,Low,61.49755473159851,15.1,200,On-Time,On-Time,Delayed,On-Time,On-Time
LA-1142,Maharashtra,Mumbai,Metro,47.14,134,Paid,No,Possession,In Progress,69.8,Low,77.36244975274225,22.1,185,Delayed,On-Time,On-Time,On-Time,On-Time
LA-1143,Rajasthan,Jaipur,Railway,77.33,183,Paid,No,Approval,Pending,87.9,Medium,58.522740355046096,8.8,156,On-Time,On-Time,On-Time,Delayed,On-Time
LA-1144,Maharashtra,Nashik,Irrigation,207.48,246,Partially Paid,No,Compensation,In Progress,41.1,Medium,52.067548761439404,6.1,212,On-Time,On-Time,On-Time,On-Time,Delayed
LA-1145,Maharashtra,Nagpur,Railway,74.71,149,Paid,Yes,Possession,In Progress,76.1,Medium,79.32192199722522,48.7,280,On-Time,Delayed,Delayed,On-Time,On-Time
LA-1146,Delhi,New Delhi,Metro,55.71,157,Paid,Yes,Compensation,In Progress,45.5,Medium,58.63622428081872,28.7,280,On-Time,Delayed,On-Time,Delayed,On-Time
LA-1147,Madhya Pradesh,Indore,Irrigation,121.67,199,Pending,No,Compensation,In Progress,89.4,Low,67.7673332540297,26.4,221,On-Time,Delayed,Delayed,Delayed,On-Time
LA-1148,Rajasthan,Udaipur,Highway,133.68,237,Paid,No,Approval,Pending,47.4,High,61.84334173340384,60.0,247,On-Time,Delayed,On-Time,On-Time,On-Time
LA-1149,Delhi,New Delhi,Highway,75.05,174,Paid,No,Possession,In Progress,70.3,High,64.99349557372085,5.1,115,On-Time,On-Time,Delayed,On-Time,On-Time
LA-1150,Maharashtra,Aurangabad,Industrial Corridor,61.73,91,Paid,No,Notification,Not Started,38.1,High,87.94415441246886,7.5,87,On-Time,On-Time,On-Time,On-Time,On-Time
LA-1151,Bihar,Gaya,Power Project,35.25,86,Paid,No,Notification,Not Started,25.2,Medium,73.57903654401602,60.0,201,On-Time,Delayed,On-Time,On-Time,On-Time
LA-1152,Maharashtra,Pune,Airport,64.0,86,Partially Paid,No,Notification,Not Started,85.2,High,46.6732248280299,22.6,180,On-Time,On-Time,Delayed,Delayed,On-Time
LA-1153,Uttar Pradesh,Lucknow,Power Project,26.75,47,Pending,Yes,Approval,Not Started,73.2,Low,59.418766883946844,22.3,305,On-Time,Delayed,Delayed,On-Time,Delayed
LA-1154,Rajasthan,Jodhpur,Irrigation,170.62,309,Partially Paid,No,Approval,Not Started,24.1,High,58.81080736194754,16.5,189,Delayed,On-Time,On-Time,On-Time,On-Time
LA-1155,West Bengal,Howrah,Railway,22.0,58,Partially Paid,No,Compensation,Pending,71.0,Low,68.24557229268747,21.6,229,On-Time,On-Time,Delayed,Delayed,On-Time
LA-1156,Maharashtra,Nagpur,Irrigation,50.96,136,Partially Paid,No,Approval,Not Started,32.5,High,78.63174994670199,27.6,164,Delayed,On-Time,On-Time,On-Time,On-Time
LA-1157,Karnataka,Mysuru,Railway,96.69,131,Paid,No,Compensation,In Progress,34.7,High,65.47756338628311,46.1,211,On-Time,Delayed,On-Time,Delayed,On-Time
LA-1158,Tamil Nadu,Coimbatore,Railway,87.89,129,Paid,No,Notification,Not Started,66.0,High,65.03692678194547,55.1,193,On-Time,On-Time,On-Time,On-Time,Delayed
LA-1159,Maharashtra,Nagpur,Power Project,43.3,146,Partially Paid,Yes,Notification,Not Started,33.8,High,31.52668669415951,35.0,358,On-Time,Delayed,On-Time,On-Time,Delayed
LA-1160,Karnataka,Mangaluru,Airport,104.22,257,Paid,No,Compensation,In Progress,49.3,Medium,84.86067221243208,60.0,225,On-Time,On-Time,On-Time,On-Time,On-Time
LA-1161,Gujarat,Vadodara,Industrial Corridor,28.09,132,Paid,Yes,Possession,Completed,74.9,Low,62.48199407028331,12.8,325,Delayed,Delayed,On-Time,Delayed,Delayed
LA-1162,Madhya Pradesh,Bhopal,Power Project,97.45,180,Paid,No,Possession,Pending,67.8,High,68.8796175380349,40.3,216,On-Time,On-Time,On-Time,On-Time,On-Time
LA-1163,Madhya Pradesh,Gwalior,Airport,46.92,135,Partially Paid,No,Possession,In Progress,85.7,Medium,68.84419440937157,27.4,192,On-Time,On-Time,Delayed,Delayed,Delayed
LA-1164,Rajasthan,Jaipur,Highway,25.78,46,Paid,No,Compensation,Pending,79.6,High,53.46157102291872,25.7,182,On-Time,Delayed,On-Time,On-Time,On-Time
LA-1165,Uttar Pradesh,Varanasi,Highway,67.74,151,Partially Paid,No,Compensation,Pending,53.8,High,61.3413838631165,13.8,113,On-Time,On-Time,Delayed,Delayed,On-Time
LA-1166,Bihar,Muzaffarpur,Railway,150.39,259,Paid,Yes,Compensation,In Progress,96.9,Medium,53.34360269796245,20.3,292,On-Time,Delayed,On-Time,On-Time,Delayed
LA-1167,Maharashtra,Nashik,Metro,44.98,144,Pending,No,Compensation,In Progress,87.0,High,85.74994622822528,15.5,111,On-Time,On-Time,On-Time,On-Time,On-Time
LA-1168,Uttar Pradesh,Prayagraj,Irrigation,133.44,259,Paid,No,Notification,Not Started,65.3,Low,31.642204064431468,3.2,249,On-Time,On-Time,On-Time,On-Time,On-Time
LA-1169,Delhi,South Delhi,Irrigation,80.77,233,Partially Paid,No,Compensation,In Progress,52.4,Medium,50.70014814895181,25.3,217,On-Time,Delayed,On-Time,On-Time,On-Time
LA-1170,Madhya Pradesh,Bhopal,Railway,37.01,71,Paid,Yes,Approval,Not Started,84.0,High,60.168952627195324,60.0,315,On-Time,On-Time,On-Time,On-Time,Delayed
LA-1171,Karnataka,Hubballi,Metro,61.92,152,Paid,Yes,Approval,Not Started,72.6,Medium,87.46243573870179,13.4,172,On-Time,Delayed,On-Time,Delayed,On-Time
LA-1172,Delhi,North Delhi,Airport,73.93,106,Pending,No,Compensation,In Progress,59.9,High,75.61724480957227,26.1,174,Delayed,On-Time,Delayed,Delayed,Delayed
LA-1173,Rajasthan,Kota,Highway,22.5,65,Paid,No,Notification,Not Started,54.9,Medium,40.42939569585669,10.1,242,On-Time,On-Time,On-Time,On-Time,On-Time
LA-1174,Uttar Pradesh,Varanasi,Irrigation,60.65,133,Paid,Yes,Approval,Not Started,72.7,Low,63.26735853312259,37.6,318,Delayed,On-Time,On-Time,On-Time,Delayed
LA-1175,Madhya Pradesh,Bhopal,Power Project,26.34,141,Partially Paid,No,Notification,Not Started,85.5,Low,75.81996512392625,47.1,237,On-Time,Delayed,On-Time,On-Time,On-Time
LA-1176,Uttar Pradesh,Kanpur,Metro,142.83,201,Paid,No,Possession,In Progress,82.3,High,95.0,4.0,82,On-Time,On-Time,On-Time,On-Time,On-Time
LA-1177,Karnataka,Bengaluru,Airport,112.45,170,Partially Paid,No,Notification,Not Started,79.1,High,59.903782067287864,18.9,185,Delayed,On-Time,On-Time,On-Time,On-Time
LA-1178,Gujarat,Ahmedabad,Highway,108.1,70,Paid,No,Approval,Not Started,65.3,Medium,47.23342898295369,16.0,260,On-Time,On-Time,On-Time,On-Time,On-Time
LA-1179,West Bengal,Howrah,Power Project,48.0,67,Paid,No,Possession,In Progress,53.2,Low,69.83552403544145,18.5,198,Delayed,Delayed,On-Time,On-Time,On-Time
LA-1180,Uttar Pradesh,Agra,Metro,37.94,104,Pending,Yes,Compensation,In Progress,35.3,Low,64.35071592680586,36.1,348,Delayed,Delayed,Delayed,Delayed,On-Time
LA-1181,Maharashtra,Nashik,Railway,97.94,111,Partially Paid,No,Notification,Not Started,52.8,High,71.94963006782922,18.2,139,On-Time,On-Time,On-Time,On-Time,On-Time
LA-1182,Uttar Pradesh,Prayagraj,Railway,140.49,209,Paid,Yes,Approval,Pending,87.5,Medium,75.35712402256,42.1,269,On-Time,Delayed,Delayed,On-Time,On-Time
LA-1183,West Bengal,Siliguri,Railway,276.62,414,Partially Paid,No,Notification,Not Started,31.2,Low,69.79897538206748,3.1,180,On-Time,On-Time,On-Time,On-Time,On-Time
LA-1184,Bihar,Muzaffarpur,Irrigation,175.39,249,Pending,No,Approval,Pending,75.4,High,72.92295085500969,24.2,172,On-Time,Delayed,On-Time,Delayed,On-Time
LA-1185,Maharashtra,Mumbai,Airport,196.04,442,Partially Paid,Yes,Notification,Not Started,44.1,Low,89.5352747954251,25.7,243,On-Time,Delayed,Delayed,Delayed,On-Time
LA-1186,Karnataka,Bengaluru,Railway,162.42,194,Paid,No,Approval,Pending,61.2,High,60.63412354568901,8.2,153,On-Time,On-Time,On-Time,On-Time,On-Time
LA-1187,Tamil Nadu,Madurai,Irrigation,74.86,143,Paid,No,Possession,Completed,24.6,High,46.63353646686814,56.7,242,On-Time,On-Time,On-Time,On-Time,Delayed
LA-1188,Madhya Pradesh,Gwalior,Industrial Corridor,41.41,138,Paid,Yes,Compensation,In Progress,58.1,High,69.7096362572621,16.8,212,On-Time,On-Time,Delayed,On-Time,On-Time
LA-1189,Rajasthan,Udaipur,Irrigation,11.62,137,Paid,No,Compensation,In Progress,61.2,Medium,45.780004547213295,32.5,274,On-Time,On-Time,On-Time,On-Time,On-Time
LA-1190,Maharashtra,Nashik,Highway,68.53,134,Paid,No,Approval,Not Started,34.3,Low,48.17612370897827,12.6,242,On-Time,On-Time,On-Time,On-Time,On-Time
LA-1191,Uttar Pradesh,Lucknow,Irrigation,157.67,194,Paid,No,Approval,Pending,93.7,Medium,52.66849716727977,10.7,187,On-Time,On-Time,On-Time,On-Time,On-Time
LA-1192,Bihar,Patna,Airport,53.02,91,Pending,No,Possession,Pending,82.5,High,46.238889486874214,35.4,212,On-Time,On-Time,On-Time,On-Time,Delayed
LA-1193,Bihar,Gaya,Power Project,89.4,132,Partially Paid,No,Notification,Not Started,39.7,High,82.52847563013238,11.6,118,On-Time,On-Time,Delayed,On-Time,On-Time
LA-1194,Madhya Pradesh,Bhopal,Irrigation,52.83,163,Paid,Yes,Possession,Pending,30.6,Medium,65.73366647026207,18.6,260,On-Time,On-Time,Delayed,Delayed,On-Time
LA-1195,Maharashtra,Nagpur,Railway,112.03,238,Partially Paid,Yes,Compensation,In Progress,23.3,Medium,75.60183255790935,13.5,234,On-Time,On-Time,Delayed,On-Time,Delayed
LA-1196,Maharashtra,Pune,Highway,67.25,119,Partially Paid,No,Possession,Pending,46.5,Medium,72.65396577387986,34.1,190,On-Time,On-Time,On-Time,Delayed,On-Time
LA-1197,Karnataka,Mangaluru,Metro,5.0,84,Paid,No,Approval,Pending,71.8,High,61.850742023266385,15.7,181,On-Time,On-Time,On-Time,On-Time,On-Time
LA-1198,Bihar,Muzaffarpur,Railway,27.02,167,Paid,Yes,Approval,Pending,54.3,Medium,79.40755782615186,9.0,231,On-Time,On-Time,On-Time,On-Time,On-Time
LA-1199,Bihar,Patna,Highway,128.15,183,Paid,No,Possession,In Progress,22.3,Low,57.76147986933384,27.7,242,On-Time,On-Time,On-Time,On-Time,Delayed
LA-1200,Tamil Nadu,Coimbatore,Industrial Corridor,9.3,51,Partially Paid,No,Possession,In Progress,64.4,Medium,62.48055888010309,53.0,247,On-Time,On-Time,On-Time,On-Time,On-Time
LA-1201,Madhya Pradesh,Gwalior,Metro,86.55,184,Paid,No,Approval,Pending,42.7,Medium,54.382382213671335,37.4,221,Delayed,On-Time,On-Time,On-Time,Delayed
LA-1202,Uttar Pradesh,Agra,Industrial Corridor,126.39,263,Paid,No,Possession,In Progress,57.7,Low,86.00458711061418,38.0,204,On-Time,On-Time,Delayed,Delayed,On-Time
LA-1203,Uttar Pradesh,Lucknow,Power Project,24.68,107,Paid,No,Notification,Not Started,52.2,Medium,63.392971875803944,13.9,170,On-Time,Delayed,On-Time,On-Time,On-Time
LA-1204,Bihar,Muzaffarpur,Highway,158.61,310,Partially Paid,No,Notification,Not Started,47.2,Medium,73.97041610495943,24.5,183,On-Time,On-Time,Delayed,On-Time,On-Time
LA-1205,Madhya Pradesh,Jabalpur,Industrial Corridor,203.62,243,Partially Paid,No,Compensation,In Progress,81.1,Medium,56.2780753555166,16.7,200,Delayed,On-Time,On-Time,On-Time,On-Time
LA-1206,Delhi,North Delhi,Power Project,29.45,65,Paid,No,Compensation,In Progress,75.7,High,77.70529365718184,9.8,114,Delayed,Delayed,On-Time,On-Time,On-Time
LA-1207,Uttar Pradesh,Agra,Highway,51.08,148,Paid,No,Possession,In Progress,79.5,Medium,76.59204635147414,28.1,182,On-Time,On-Time,On-Time,On-Time,On-Time
LA-1208,Karnataka,Mysuru,Highway,93.23,119,Partially Paid,Yes,Approval,Not Started,67.3,Low,40.61780474557479,26.1,359,On-Time,Delayed,On-Time,On-Time,Delayed
LA-1209,Delhi,North Delhi,Industrial Corridor,223.55,379,Pending,No,Notification,Not Started,29.1,High,65.06187640574271,19.7,181,On-Time,On-Time,On-Time,On-Time,On-Time
LA-1210,Uttar Pradesh,Kanpur,Highway,61.4,130,Pending,No,Compensation,Pending,66.0,Low,66.75350799944464,44.7,269,Delayed,Delayed,On-Time,On-Time,Delayed
LA-1211,Rajasthan,Udaipur,Railway,137.81,216,Pending,No,Approval,Not Started,87.1,Medium,60.504179080834824,6.3,197,On-Time,On-Time,On-Time,On-Time,Delayed
LA-1212,Karnataka,Hubballi,Highway,87.86,170,Paid,No,Approval,Not Started,80.0,High,85.77065501420644,31.5,129,Delayed,On-Time,On-Time,On-Time,On-Time
LA-1213,Karnataka,Hubballi,Airport,50.9,44,Paid,No,Compensation,In Progress,64.5,Medium,46.74129316361433,28.5,245,Delayed,On-Time,On-Time,On-Time,On-Time
LA-1214,Uttar Pradesh,Prayagraj,Power Project,15.64,121,Partially Paid,No,Notification,Not Started,79.4,High,58.275759703817386,4.8,185,On-Time,On-Time,Delayed,Delayed,On-Time
LA-1215,Karnataka,Mangaluru,Highway,44.32,71,Paid,No,Compensation,Pending,76.6,Low,52.25993227902237,27.9,255,On-Time,Delayed,On-Time,On-Time,On-Time
LA-1216,Maharashtra,Nagpur,Airport,44.41,149,Paid,Yes,Approval,Pending,82.0,Medium,80.4488221551825,6.0,216,On-Time,On-Time,On-Time,Delayed,Delayed
LA-1217,Maharashtra,Pune,Highway,250.29,292,Paid,No,Compensation,Pending,63.4,Low,49.570791188519486,16.0,248,Delayed,On-Time,On-Time,Delayed,On-Time
LA-1218,Karnataka,Mysuru,Highway,148.64,189,Paid,No,Compensation,In Progress,76.5,Medium,37.51126601453302,17.4,239,Delayed,On-Time,On-Time,On-Time,On-Time
LA-1219,Madhya Pradesh,Bhopal,Industrial Corridor,60.72,137,Paid,No,Notification,Not Started,29.5,Medium,71.47077677600784,13.1,192,On-Time,Delayed,On-Time,On-Time,On-Time
LA-1220,Bihar,Muzaffarpur,Railway,90.99,210,Pending,Yes,Approval,Not Started,76.4,Low,62.91242305971349,12.5,279,Delayed,On-Time,Delayed,Delayed,Delayed
LA-1221,Karnataka,Mangaluru,Power Project,48.52,115,Paid,No,Approval,Pending,53.5,High,80.60524431009857,13.3,140,On-Time,On-Time,On-Time,On-Time,On-Time
LA-1222,Madhya Pradesh,Gwalior,Railway,183.96,288,Paid,No,Notification,Not Started,49.3,Medium,77.18515093580652,23.3,186,On-Time,Delayed,On-Time,On-Time,On-Time
LA-1223,Uttar Pradesh,Kanpur,Metro,49.25,126,Paid,Yes,Compensation,In Progress,42.1,High,64.36275261696753,41.1,267,On-Time,Delayed,On-Time,On-Time,Delayed
LA-1224,Gujarat,Surat,Industrial Corridor,44.54,63,Pending,No,Possession,In Progress,48.7,Low,43.35232596299643,29.8,270,On-Time,Delayed,Delayed,On-Time,Delayed
LA-1225,Maharashtra,Pune,Industrial Corridor,85.19,148,Partially Paid,No,Compensation,In Progress,41.3,Medium,47.02846521808364,33.8,246,On-Time,On-Time,On-Time,On-Time,Delayed
LA-1226,Maharashtra,Mumbai,Railway,24.26,72,Paid,No,Compensation,Pending,78.7,Low,38.402136317303565,51.0,343,On-Time,On-Time,On-Time,On-Time,On-Time
LA-1227,West Bengal,Kolkata,Irrigation,71.21,118,Paid,No,Approval,Not Started,90.9,Low,62.92607759074201,45.2,283,On-Time,On-Time,On-Time,On-Time,On-Time
LA-1228,Gujarat,Ahmedabad,Industrial Corridor,50.27,156,Partially Paid,Yes,Approval,Not Started,72.2,High,55.11945941293409,33.2,291,On-Time,Delayed,On-Time,On-Time,On-Time
LA-1229,Bihar,Gaya,Railway,115.68,246,Paid,No,Possession,Completed,31.1,High,62.289208765911944,7.6,145,On-Time,On-Time,On-Time,On-Time,On-Time
LA-1230,Madhya Pradesh,Gwalior,Industrial Corridor,192.06,338,Pending,Yes,Possession,Pending,71.2,Medium,67.60346263258454,15.7,254,Delayed,Delayed,Delayed,Delayed,Delayed
LA-1231,Tamil Nadu,Chennai,Highway,82.26,165,Partially Paid,No,Compensation,In Progress,51.8,Medium,93.4745106554345,4.3,122,Delayed,On-Time,Delayed,On-Time,On-Time
LA-1232,Rajasthan,Kota,Railway,91.51,146,Paid,No,Approval,Not Started,26.6,High,73.71301039132639,7.2,119,On-Time,On-Time,On-Time,On-Time,On-Time
LA-1233,Madhya Pradesh,Bhopal,Railway,130.42,147,Pending,No,Possession,Completed,61.5,High,66.07005672542579,17.0,170,On-Time,On-Time,On-Time,On-Time,On-Time
LA-1234,Rajasthan,Udaipur,Airport,18.4,78,Paid,Yes,Notification,Not Started,78.3,Medium,41.52804828687991,22.5,319,On-Time,Delayed,On-Time,On-Time,On-Time
LA-1235,Uttar Pradesh,Varanasi,Industrial Corridor,56.38,56,Paid,No,Possession,In Progress,44.0,High,65.39317319452392,41.4,212,On-Time,Delayed,On-Time,Delayed,On-Time
LA-1236,Karnataka,Bengaluru,Industrial Corridor,137.31,176,Paid,No,Possession,In Progress,69.8,Low,78.22762237691997,34.3,187,Delayed,On-Time,Delayed,On-Time,On-Time
LA-1237,Maharashtra,Aurangabad,Railway,174.01,306,Pending,No,Notification,Not Started,48.0,Low,70.8625896228411,48.5,239,Delayed,Delayed,On-Time,On-Time,Delayed
LA-1238,Delhi,New Delhi,Highway,130.55,179,Paid,No,Possession,In Progress,71.9,Medium,49.2820849152592,9.9,200,Delayed,On-Time,On-Time,On-Time,On-Time
LA-1239,Madhya Pradesh,Indore,Highway,208.55,75,Paid,No,Possession,In Progress,76.1,High,59.35325680638826,47.4,221,On-Time,On-Time,On-Time,On-Time,On-Time
LA-1240,Uttar Pradesh,Kanpur,Power Project,46.25,53,Paid,Yes,Possession,Completed,58.3,High,66.10059397002003,29.3,239,On-Time,On-Time,On-Time,On-Time,On-Time
LA-1241,West Bengal,Kolkata,Highway,166.97,251,Pending,Yes,Compensation,In Progress,28.1,Medium,58.87830731466587,37.7,347,On-Time,On-Time,Delayed,On-Time,Delayed
LA-1242,West Bengal,Howrah,Industrial Corridor,81.8,157,Paid,Yes,Approval,Pending,77.8,Low,55.74341103693242,24.9,296,Delayed,On-Time,On-Time,On-Time,Delayed
LA-1243,Bihar,Patna,Irrigation,14.07,77,Paid,No,Compensation,In Progress,80.1,High,32.79197310415312,28.9,258,On-Time,Delayed,On-Time,On-Time,On-Time
LA-1244,Gujarat,Surat,Airport,110.94,254,Partially Paid,No,Approval,Pending,86.8,High,53.477281529955754,22.1,211,On-Time,On-Time,On-Time,On-Time,On-Time
LA-1245,Delhi,South Delhi,Railway,69.43,168,Partially Paid,No,Approval,Not Started,43.8,High,68.76713529975052,18.0,159,On-Time,On-Time,On-Time,On-Time,On-Time
LA-1246,West Bengal,Durgapur,Metro,279.19,604,Pending,No,Approval,Pending,75.5,Medium,78.12673934816732,23.1,162,On-Time,On-Time,On-Time,On-Time,Delayed
LA-1247,Gujarat,Rajkot,Airport,98.99,170,Paid,No,Compensation,Pending,92.6,Medium,66.14238515369375,28.1,199,Delayed,On-Time,On-Time,On-Time,On-Time
LA-1248,West Bengal,Howrah,Irrigation,60.3,135,Pending,No,Notification,Not Started,47.1,High,80.89173259139025,58.3,202,On-Time,Delayed,Delayed,On-Time,On-Time
LA-1249,West Bengal,Howrah,Metro,89.84,127,Paid,No,Approval,Pending,38.8,Medium,63.821459787668104,13.3,150,On-Time,On-Time,On-Time,On-Time,On-Time
LA-1250,Bihar,Bhagalpur,Airport,57.91,132,Paid,No,Notification,Not Started,65.7,Medium,51.83408997015647,13.6,194,Delayed,On-Time,On-Time,On-Time,On-Time
LA-1251,Maharashtra,Nashik,Highway,32.15,98,Pending,Yes,Compensation,In Progress,69.4,Medium,57.889861131451525,16.1,263,On-Time,On-Time,On-Time,Delayed,Delayed
LA-1252,Gujarat,Surat,Industrial Corridor,84.43,213,Partially Paid,No,Compensation,In Progress,46.2,Medium,72.48520538169686,50.1,231,On-Time,On-Time,On-Time,Delayed,Delayed
LA-1253,Bihar,Bhagalpur,Irrigation,43.68,117,Partially Paid,Yes,Notification,Not Started,83.7,Low,60.97878336671753,41.6,357,Delayed,Delayed,On-Time,On-Time,Delayed
LA-1254,Maharashtra,Nagpur,Metro,146.98,283,Pending,No,Possession,In Progress,64.1,Medium,55.362539677110895,25.5,257,On-Time,Delayed,Delayed,Delayed,Delayed
LA-1255,Uttar Pradesh,Prayagraj,Irrigation,281.67,315,Partially Paid,No,Notification,Not Started,64.4,Medium,41.636916427755764,20.2,200,On-Time,Delayed,On-Time,On-Time,On-Time
LA-1256,Madhya Pradesh,Gwalior,Airport,62.64,165,Paid,Yes,Compensation,In Progress,2.8,Low,51.602363285111565,10.3,287,On-Time,Delayed,On-Time,On-Time,Delayed
LA-1257,West Bengal,Siliguri,Industrial Corridor,214.75,422,Pending,No,Possession,Completed,56.6,Low,59.04380839685774,6.4,205,Delayed,Delayed,Delayed,On-Time,Delayed
LA-1258,Karnataka,Mysuru,Irrigation,20.91,33,Paid,Yes,Possession,Completed,54.2,High,56.28040397069431,18.2,261,On-Time,Delayed,On-Time,On-Time,Delayed
LA-1259,Madhya Pradesh,Indore,Metro,156.81,340,Partially Paid,No,Notification,Not Started,40.8,High,50.38101041668944,9.6,189,On-Time,On-Time,Delayed,On-Time,On-Time
LA-1260,Uttar Pradesh,Kanpur,Railway,98.57,150,Paid,No,Possession,Completed,84.8,Low,88.36065498146365,40.2,180,On-Time,Delayed,On-Time,On-Time,On-Time
LA-1261,Madhya Pradesh,Indore,Airport,118.78,178,Paid,No,Possession,Pending,68.4,High,74.00601423936658,24.3,156,On-Time,On-Time,Delayed,On-Time,On-Time
LA-1262,West Bengal,Kolkata,Railway,177.44,248,Partially Paid,No,Compensation,Pending,76.0,Low,95.0,21.2,111,On-Time,Delayed,On-Time,On-Time,On-Time
LA-1263,Uttar Pradesh,Prayagraj,Highway,105.24,198,Paid,No,Compensation,In Progress,60.2,High,40.92189323184405,8.5,197,On-Time,Delayed,Delayed,Delayed,Delayed
LA-1264,Rajasthan,Udaipur,Railway,22.84,25,Partially Paid,No,Notification,Not Started,53.4,Low,69.69715588306532,16.2,204,On-Time,On-Time,Delayed,On-Time,On-Time
LA-1265,Bihar,Gaya,Railway,133.7,169,Pending,No,Compensation,In Progress,70.0,Medium,58.4808663641851,21.6,203,On-Time,Delayed,On-Time,On-Time,Delayed
LA-1266,Karnataka,Mangaluru,Power Project,117.58,283,Paid,No,Approval,Not Started,38.4,Medium,65.29479502772811,50.4,227,On-Time,On-Time,On-Time,On-Time,On-Time
LA-1267,Karnataka,Hubballi,Airport,65.55,85,Partially Paid,Yes,Possession,In Progress,73.5,High,92.76160469018023,22.5,181,Delayed,On-Time,Delayed,Delayed,Delayed
LA-1268,Karnataka,Bengaluru,Highway,74.03,158,Pending,No,Approval,Not Started,68.7,Low,38.90760700322623,30.4,294,On-Time,Delayed,Delayed,Delayed,Delayed
LA-1269,Gujarat,Vadodara,Railway,140.67,179,Partially Paid,No,Compensation,Pending,42.3,High,56.409287546521995,12.5,199,Delayed,On-Time,On-Time,On-Time,Delayed
LA-1270,Maharashtra,Nashik,Industrial Corridor,95.81,78,Partially Paid,No,Notification,Not Started,36.8,High,53.77806682090316,19.4,156,On-Time,On-Time,Delayed,On-Time,On-Time
LA-1271,Tamil Nadu,Salem,Metro,61.01,104,Paid,No,Notification,Not Started,67.5,High,56.44934011374485,7.4,153,On-Time,On-Time,On-Time,On-Time,Delayed
LA-1272,Tamil Nadu,Madurai,Railway,89.95,102,Paid,Yes,Notification,Not Started,42.7,Low,33.33978728617379,45.2,365,Delayed,Delayed,On-Time,Delayed,Delayed
LA-1273,Bihar,Patna,Highway,34.63,144,Paid,No,Notification,Not Started,73.7,Medium,84.2805524155659,39.1,179,On-Time,On-Time,On-Time,On-Time,On-Time
LA-1274,Bihar,Muzaffarpur,Railway,44.73,118,Paid,Yes,Compensation,In Progress,54.5,Medium,84.8764408415723,57.2,284,On-Time,On-Time,On-Time,On-Time,Delayed
LA-1275,Rajasthan,Kota,Metro,82.01,154,Partially Paid,No,Possession,In Progress,82.7,Medium,73.72821949364061,21.5,163,On-Time,Delayed,On-Time,On-Time,On-Time
LA-1276,Rajasthan,Jodhpur,Highway,78.89,109,Paid,No,Compensation,Pending,50.0,Low,44.92435197746347,4.4,253,On-Time,On-Time,On-Time,On-Time,On-Time
LA-1277,Tamil Nadu,Coimbatore,Airport,95.15,217,Pending,Yes,Compensation,In Progress,76.7,Medium,69.16461991301635,20.0,213,On-Time,Delayed,Delayed,On-Time,Delayed
LA-1278,Madhya Pradesh,Indore,Highway,80.95,139,Pending,No,Compensation,In Progress,31.1,Medium,77.98977999443294,12.7,133,On-Time,Delayed,On-Time,On-Time,On-Time
LA-1279,Karnataka,Bengaluru,Airport,28.2,77,Paid,No,Approval,Not Started,37.1,Medium,70.82573265357792,24.2,224,On-Time,On-Time,On-Time,Delayed,On-Time
LA-1280,Tamil Nadu,Chennai,Highway,212.76,168,Paid,No,Approval,Not Started,17.5,Medium,64.25958999935233,22.2,170,On-Time,On-Time,On-Time,On-Time,Delayed
LA-1281,Bihar,Gaya,Irrigation,172.56,260,Partially Paid,No,Approval,Pending,47.0,High,86.15870598159836,18.2,98,Delayed,On-Time,Delayed,Delayed,On-Time
LA-1282,Maharashtra,Aurangabad,Metro,107.51,125,Partially Paid,No,Compensation,In Progress,51.1,High,54.36290185048557,12.2,154,On-Time,Delayed,Delayed,On-Time,On-Time
LA-1283,Gujarat,Rajkot,Metro,58.29,155,Pending,No,Notification,Not Started,59.5,High,62.467517027307196,39.5,183,On-Time,Delayed,Delayed,Delayed,Delayed
LA-1284,Uttar Pradesh,Prayagraj,Highway,157.31,316,Paid,Yes,Notification,Not Started,72.0,High,74.38400494336962,10.7,202,Delayed,On-Time,On-Time,Delayed,On-Time
LA-1285,Madhya Pradesh,Bhopal,Irrigation,145.73,257,Paid,No,Compensation,In Progress,74.3,Medium,69.76761436287356,24.8,209,Delayed,Delayed,On-Time,On-Time,Delayed
LA-1286,Delhi,New Delhi,Railway,195.54,253,Pending,No,Possession,Completed,72.6,Medium,73.39946360413725,54.2,234,On-Time,On-Time,Delayed,On-Time,Delayed
LA-1287,Rajasthan,Jodhpur,Metro,125.09,254,Paid,No,Compensation,Pending,29.2,Low,73.00304958950065,37.9,226,Delayed,On-Time,On-Time,On-Time,On-Time
LA-1288,Rajasthan,Udaipur,Airport,65.85,163,Partially Paid,No,Possession,Pending,73.7,High,72.87299915793,11.6,167,Delayed,On-Time,On-Time,On-Time,On-Time
LA-1289,Maharashtra,Aurangabad,Airport,121.99,111,Paid,No,Compensation,In Progress,73.9,Medium,59.527723914814516,25.7,201,On-Time,On-Time,On-Time,On-Time,On-Time
LA-1290,Madhya Pradesh,Indore,Industrial Corridor,12.45,89,Pending,No,Compensation,In Progress,48.5,Medium,54.53741693533571,7.1,193,On-Time,On-Time,Delayed,On-Time,On-Time
LA-1291,Delhi,South Delhi,Power Project,61.87,168,Paid,No,Compensation,In Progress,79.6,High,67.05708179566379,10.3,144,On-Time,On-Time,On-Time,Delayed,On-Time
LA-1292,Delhi,South Delhi,Irrigation,246.91,446,Partially Paid,No,Possession,In Progress,30.7,Medium,87.66783060652159,17.6,158,On-Time,On-Time,On-Time,On-Time,On-Time
LA-1293,Tamil Nadu,Chennai,Power Project,29.05,82,Partially Paid,No,Approval,Not Started,75.8,Low,64.62708946584257,19.0,196,Delayed,Delayed,Delayed,Delayed,On-Time
LA-1294,Gujarat,Vadodara,Power Project,17.23,64,Pending,No,Approval,Not Started,49.6,High,73.99097616389328,36.4,146,On-Time,Delayed,Delayed,On-Time,On-Time
LA-1295,Uttar Pradesh,Varanasi,Airport,67.11,143,Paid,No,Approval,Pending,40.9,Medium,66.68655989168269,18.7,204,On-Time,On-Time,On-Time,On-Time,On-Time
LA-1296,Rajasthan,Kota,Industrial Corridor,68.22,56,Paid,No,Compensation,Pending,35.0,High,95.0,21.7,138,On-Time,On-Time,On-Time,On-Time,On-Time
LA-1297,Tamil Nadu,Madurai,Power Project,149.93,213,Paid,No,Possession,Completed,61.3,High,62.931259384107435,35.4,180,On-Time,On-Time,On-Time,On-Time,On-Time
LA-1298,Uttar Pradesh,Varanasi,Power Project,100.28,173,Pending,No,Approval,Not Started,80.4,Medium,74.04255478916762,12.0,135,On-Time,On-Time,On-Time,On-Time,Delayed
LA-1299,Madhya Pradesh,Bhopal,Highway,83.26,97,Partially Paid,No,Approval,Not Started,27.8,Low,54.21666520682781,53.2,268,Delayed,On-Time,Delayed,On-Time,On-Time
LA-1300,Uttar Pradesh,Lucknow,Highway,19.33,29,Partially Paid,No,Possession,In Progress,62.7,Medium,48.193400448129005,46.8,285,On-Time,Delayed,On-Time,Delayed,Delayed
LA-1301,Delhi,South Delhi,Highway,84.53,138,Paid,No,Compensation,In Progress,50.8,Medium,64.8964740860127,23.4,162,On-Time,Delayed,On-Time,Delayed,On-Time
LA-1302,Rajasthan,Udaipur,Railway,46.75,104,Paid,Yes,Compensation,Pending,38.4,Low,82.71646890807617,33.4,281,Delayed,Delayed,Delayed,Delayed,On-Time
LA-1303,Rajasthan,Jodhpur,Power Project,136.97,151,Paid,Yes,Possession,In Progress,73.9,High,74.50383411691323,23.3,217,On-Time,Delayed,On-Time,On-Time,On-Time
LA-1304,Madhya Pradesh,Gwalior,Railway,86.39,102,Paid,Yes,Compensation,In Progress,66.7,Medium,33.703993495544125,20.3,315,On-Time,On-Time,Delayed,Delayed,Delayed
LA-1305,Karnataka,Bengaluru,Industrial Corridor,6.1,79,Pending,No,Compensation,In Progress,49.6,Medium,75.99288923820257,26.1,160,On-Time,Delayed,On-Time,On-Time,On-Time
LA-1306,West Bengal,Kolkata,Irrigation,190.26,386,Paid,No,Notification,Not Started,84.2,Low,42.02974395780795,39.9,310,On-Time,Delayed,On-Time,On-Time,Delayed
LA-1307,Rajasthan,Jaipur,Airport,33.42,62,Partially Paid,No,Notification,Not Started,92.7,Medium,77.59988249555579,37.4,206,On-Time,On-Time,On-Time,On-Time,On-Time
LA-1308,Maharashtra,Pune,Power Project,91.77,226,Pending,No,Approval,Not Started,51.1,Low,73.1661459628642,13.2,217,On-Time,Delayed,Delayed,On-Time,On-Time
LA-1309,Tamil Nadu,Salem,Airport,75.17,125,Pending,No,Compensation,In Progress,77.5,High,62.75291831237242,21.0,176,On-Time,Delayed,Delayed,Delayed,On-Time
LA-1310,Maharashtra,Mumbai,Irrigation,119.31,169,Partially Paid,No,Possession,Completed,81.1,Medium,75.90878909588102,8.9,152,On-Time,On-Time,Delayed,Delayed,On-Time
LA-1311,Gujarat,Ahmedabad,Highway,53.3,37,Paid,Yes,Possession,In Progress,43.8,Medium,61.038005037336944,30.6,292,Delayed,Delayed,On-Time,On-Time,Delayed
LA-1312,Delhi,South Delhi,Power Project,46.31,89,Partially Paid,No,Possession,In Progress,77.5,Medium,67.24045544226993,33.7,226,On-Time,On-Time,On-Time,On-Time,Delayed
LA-1313,Delhi,North Delhi,Metro,71.68,153,Paid,No,Approval,Pending,51.1,Medium,43.426543802942795,29.0,212,On-Time,Delayed,On-Time,On-Time,On-Time
LA-1314,West Bengal,Siliguri,Railway,205.46,351,Paid,No,Possession,Completed,69.4,High,61.157010795032036,60.0,237,Delayed,Delayed,On-Time,On-Time,On-Time
LA-1315,Bihar,Muzaffarpur,Railway,30.29,105,Partially Paid,No,Compensation,In Progress,62.8,High,78.85793856738694,24.6,128,On-Time,On-Time,Delayed,On-Time,Delayed
LA-1316,Karnataka,Mangaluru,Power Project,85.89,224,Pending,Yes,Approval,Pending,73.6,High,45.032610222610394,4.1,259,On-Time,Delayed,Delayed,Delayed,Delayed
LA-1317,Gujarat,Ahmedabad,Irrigation,102.8,219,Paid,Yes,Compensation,Pending,21.3,Low,77.27935525235725,22.1,253,Delayed,On-Time,Delayed,Delayed,On-Time
LA-1318,Uttar Pradesh,Varanasi,Highway,92.9,287,Paid,No,Notification,Not Started,23.9,Low,34.719204150812025,11.3,285,Delayed,Delayed,On-Time,On-Time,On-Time
LA-1319,Uttar Pradesh,Agra,Railway,54.82,141,Partially Paid,No,Notification,Not Started,72.1,High,47.15606243254835,35.7,231,On-Time,On-Time,On-Time,On-Time,On-Time
LA-1320,Maharashtra,Mumbai,Highway,62.91,145,Paid,Yes,Possession,In Progress,67.7,Low,60.278197200716086,40.6,321,On-Time,Delayed,On-Time,Delayed,Delayed
LA-1321,Rajasthan,Jodhpur,Industrial Corridor,74.41,34,Partially Paid,No,Compensation,Pending,50.2,High,67.30377500051944,18.3,144,On-Time,On-Time,On-Time,On-Time,On-Time
LA-1322,Karnataka,Mysuru,Airport,82.45,205,Paid,Yes,Approval,Not Started,38.8,High,56.40930980253046,22.1,244,On-Time,Delayed,On-Time,On-Time,On-Time
LA-1323,Karnataka,Hubballi,Irrigation,10.97,64,Paid,No,Compensation,In Progress,73.5,High,55.99989292318027,26.8,189,On-Time,On-Time,On-Time,On-Time,On-Time
LA-1324,Maharashtra,Mumbai,Metro,122.46,197,Partially Paid,No,Possession,In Progress,12.8,Low,81.60740569153495,26.1,237,Delayed,On-Time,On-Time,On-Time,On-Time
LA-1325,West Bengal,Kolkata,Airport,109.14,125,Pending,No,Compensation,Pending,64.2,Medium,82.83035262593822,40.7,149,On-Time,On-Time,Delayed,Delayed,Delayed
LA-1326,Karnataka,Bengaluru,Airport,147.99,219,Partially Paid,No,Approval,Not Started,30.0,High,58.63407152285733,25.4,187,On-Time,On-Time,On-Time,On-Time,On-Time
LA-1327,Madhya Pradesh,Bhopal,Industrial Corridor,14.75,65,Pending,No,Notification,Not Started,76.3,Medium,59.088314374262985,21.3,212,On-Time,Delayed,On-Time,Delayed,On-Time
LA-1328,Madhya Pradesh,Bhopal,Railway,101.52,176,Paid,Yes,Approval,Not Started,33.7,High,60.69418548323123,18.4,231,On-Time,On-Time,On-Time,On-Time,On-Time
LA-1329,Gujarat,Surat,Metro,76.06,83,Pending,Yes,Possession,Completed,88.3,High,95.0,7.9,123,On-Time,Delayed,On-Time,On-Time,On-Time
LA-1330,Maharashtra,Nagpur,Railway,93.15,201,Paid,No,Approval,Pending,28.7,High,65.25443224332498,10.7,142,On-Time,On-Time,On-Time,On-Time,On-Time
LA-1331,Gujarat,Ahmedabad,Power Project,71.31,107,Pending,No,Compensation,Pending,89.2,High,88.56524984672595,10.2,74,On-Time,Delayed,On-Time,On-Time,On-Time
LA-1332,Tamil Nadu,Madurai,Airport,109.91,152,Paid,Yes,Compensation,In Progress,98.4,Low,75.98025897345563,60.0,344,On-Time,On-Time,On-Time,On-Time,Delayed
LA-1333,Delhi,South Delhi,Power Project,51.03,66,Paid,Yes,Possession,In Progress,52.3,Medium,63.427021534084616,20.8,242,Delayed,On-Time,Delayed,On-Time,On-Time
LA-1334,Uttar Pradesh,Lucknow,Highway,88.57,188,Paid,No,Compensation,In Progress,57.8,High,55.289185143701246,33.5,199,On-Time,Delayed,On-Time,On-Time,On-Time
LA-1335,Delhi,North Delhi,Airport,18.5,44,Partially Paid,Yes,Compensation,In Progress,55.7,High,76.68784582116359,30.7,212,On-Time,On-Time,Delayed,Delayed,Delayed
LA-1336,Delhi,New Delhi,Railway,63.25,58,Paid,No,Approval,Not Started,42.5,High,53.20804045726089,4.6,183,On-Time,On-Time,On-Time,On-Time,On-Time
LA-1337,Bihar,Gaya,Airport,65.82,169,Pending,No,Notification,Not Started,58.0,High,59.202304321791296,19.2,202,On-Time,On-Time,Delayed,On-Time,Delayed
LA-1338,Karnataka,Hubballi,Highway,5.93,5,Paid,No,Possession,In Progress,82.9,Medium,74.88262976557223,28.7,176,On-Time,On-Time,On-Time,On-Time,On-Time
LA-1339,Rajasthan,Jaipur,Industrial Corridor,90.41,112,Paid,No,Possession,In Progress,76.3,High,61.391230723089095,3.2,121,On-Time,Delayed,On-Time,Delayed,On-Time
LA-1340,Uttar Pradesh,Varanasi,Power Project,106.21,148,Paid,No,Possession,In Progress,69.5,Medium,59.075708779061436,19.2,234,On-Time,On-Time,On-Time,On-Time,On-Time
LA-1341,Rajasthan,Kota,Power Project,62.78,114,Paid,No,Possession,In Progress,80.7,High,60.38083915512437,35.2,189,On-Time,On-Time,On-Time,On-Time,Delayed
LA-1342,Rajasthan,Udaipur,Railway,136.16,303,Partially Paid,No,Possession,Completed,30.1,High,54.699454925152345,17.0,182,On-Time,On-Time,On-Time,On-Time,On-Time
LA-1343,Uttar Pradesh,Kanpur,Airport,191.24,171,Partially Paid,No,Compensation,In Progress,46.3,Low,71.7419697796172,32.1,222,On-Time,On-Time,On-Time,Delayed,Delayed
LA-1344,Gujarat,Surat,Railway,269.97,415,Pending,No,Possession,Completed,44.9,High,65.54368590984892,11.5,142,On-Time,On-Time,On-Time,On-Time,On-Time
LA-1345,Gujarat,Ahmedabad,Industrial Corridor,28.33,71,Paid,No,Compensation,In Progress,59.1,High,44.65741908207549,16.2,185,On-Time,Delayed,On-Time,On-Time,Delayed
LA-1346,Madhya Pradesh,Gwalior,Airport,120.39,193,Pending,Yes,Notification,Not Started,35.5,High,57.68799761811523,33.5,232,Delayed,Delayed,Delayed,On-Time,Delayed
LA-1347,Madhya Pradesh,Indore,Airport,91.3,129,Paid,No,Approval,Not Started,61.9,High,59.49437905876317,19.8,206,On-Time,On-Time,On-Time,On-Time,On-Time
LA-1348,Delhi,New Delhi,Railway,80.62,133,Pending,No,Possession,In Progress,87.7,High,59.389338134080056,8.9,159,On-Time,On-Time,On-Time,On-Time,On-Time
LA-1349,Gujarat,Ahmedabad,Railway,28.36,86,Paid,No,Approval,Not Started,47.8,High,73.98637650672431,35.4,163,On-Time,On-Time,On-Time,On-Time,Delayed
LA-1350,Madhya Pradesh,Gwalior,Highway,82.38,109,Partially Paid,Yes,Possession,In Progress,59.1,Low,54.46709757664091,26.0,344,Delayed,On-Time,Delayed,Delayed,Delayed
LA-1351,Rajasthan,Jaipur,Irrigation,7.47,18,Partially Paid,No,Notification,Not Started,65.8,Medium,95.0,11.9,107,On-Time,Delayed,On-Time,On-Time,Delayed
LA-1352,Bihar,Muzaffarpur,Irrigation,71.78,203,Paid,Yes,Approval,Not Started,58.5,Medium,85.78333373325461,33.1,250,On-Time,On-Time,Delayed,Delayed,On-Time
LA-1353,Karnataka,Bengaluru,Industrial Corridor,17.77,59,Paid,Yes,Approval,Pending,31.6,Medium,85.71104618958647,17.8,205,On-Time,On-Time,On-Time,On-Time,On-Time
LA-1354,Uttar Pradesh,Varanasi,Irrigation,56.27,98,Partially Paid,No,Notification,Not Started,40.1,Medium,49.4945178078905,47.1,255,On-Time,Delayed,On-Time,Delayed,Delayed
LA-1355,Delhi,South Delhi,Highway,158.54,293,Paid,No,Notification,Not Started,64.2,High,34.541350822611875,40.5,263,On-Time,On-Time,On-Time,Delayed,Delayed
LA-1356,Madhya Pradesh,Jabalpur,Power Project,48.9,168,Partially Paid,No,Notification,Not Started,38.1,High,59.91395908077092,22.2,179,On-Time,On-Time,Delayed,On-Time,On-Time
LA-1357,Delhi,South Delhi,Airport,12.88,21,Partially Paid,No,Possession,Completed,55.2,High,69.40288808917482,29.6,159,On-Time,On-Time,Delayed,On-Time,On-Time
LA-1358,Madhya Pradesh,Bhopal,Railway,100.85,149,Partially Paid,No,Notification,Not Started,48.1,Medium,62.57061813034966,45.4,248,On-Time,Delayed,On-Time,On-Time,Delayed
LA-1359,West Bengal,Kolkata,Airport,46.64,52,Pending,No,Approval,Not Started,60.3,High,57.05265476711291,22.1,164,On-Time,On-Time,On-Time,On-Time,On-Time
LA-1360,Madhya Pradesh,Gwalior,Airport,273.25,280,Paid,No,Notification,Not Started,83.0,High,38.88518156594735,4.3,170,On-Time,On-Time,On-Time,On-Time,On-Time
LA-1361,Gujarat,Rajkot,Metro,20.01,78,Paid,Yes,Compensation,In Progress,71.6,High,54.91788089915323,29.4,260,On-Time,Delayed,On-Time,On-Time,Delayed
LA-1362,Madhya Pradesh,Bhopal,Power Project,406.39,478,Paid,Yes,Compensation,Pending,50.8,High,61.35379746534089,36.3,262,On-Time,Delayed,Delayed,On-Time,On-Time
LA-1363,Rajasthan,Jodhpur,Metro,53.38,144,Partially Paid,Yes,Compensation,In Progress,28.1,High,57.56949233352951,37.1,269,Delayed,On-Time,On-Time,On-Time,Delayed
LA-1364,Rajasthan,Jaipur,Irrigation,51.51,101,Pending,No,Approval,Pending,18.2,High,57.484116792603565,11.4,154,On-Time,On-Time,On-Time,Delayed,Delayed
LA-1365,West Bengal,Howrah,Airport,23.69,49,Pending,No,Approval,Pending,85.3,High,53.02569249221396,47.6,243,Delayed,Delayed,On-Time,Delayed,On-Time
LA-1366,Gujarat,Rajkot,Railway,108.43,195,Pending,No,Compensation,Pending,65.0,High,89.82287652481747,60.0,200,On-Time,On-Time,Delayed,Delayed,On-Time
LA-1367,West Bengal,Howrah,Airport,8.56,5,Pending,No,Possession,In Progress,44.7,High,75.62670957422975,36.7,161,On-Time,Delayed,On-Time,Delayed,On-Time
LA-1368,Bihar,Gaya,Power Project,101.96,173,Pending,No,Notification,Not Started,87.4,High,79.34014906444413,17.7,140,On-Time,On-Time,Delayed,On-Time,On-Time
LA-1369,Uttar Pradesh,Lucknow,Metro,147.77,186,Paid,No,Compensation,In Progress,62.5,High,69.09158211506809,27.2,148,On-Time,On-Time,On-Time,On-Time,On-Time
LA-1370,Delhi,North Delhi,Railway,27.48,52,Pending,Yes,Approval,Not Started,96.0,Medium,44.97353230673369,32.1,321,Delayed,On-Time,Delayed,On-Time,Delayed
LA-1371,Uttar Pradesh,Lucknow,Airport,225.58,376,Pending,No,Notification,Not Started,41.6,High,76.07646807032108,34.3,169,On-Time,On-Time,Delayed,Delayed,On-Time
LA-1372,Delhi,North Delhi,Industrial Corridor,41.63,89,Paid,No,Compensation,Pending,49.2,High,85.22333850585497,24.7,110,On-Time,On-Time,On-Time,Delayed,On-Time
LA-1373,Uttar Pradesh,Kanpur,Power Project,65.33,46,Paid,No,Compensation,In Progress,84.6,High,87.41088374971085,9.9,115,On-Time,On-Time,On-Time,On-Time,On-Time
LA-1374,Karnataka,Mangaluru,Power Project,16.87,45,Paid,No,Approval,Not Started,73.2,High,74.35457633051014,33.8,147,On-Time,Delayed,On-Time,On-Time,On-Time
LA-1375,Delhi,North Delhi,Industrial Corridor,73.88,173,Pending,Yes,Approval,Not Started,58.2,High,65.01481488738519,13.8,246,On-Time,On-Time,Delayed,Delayed,Delayed
LA-1376,Maharashtra,Nagpur,Airport,114.3,125,Partially Paid,No,Possession,Pending,76.8,Low,64.97162653106274,17.5,233,On-Time,On-Time,Delayed,Delayed,On-Time
LA-1377,Bihar,Gaya,Power Project,28.01,88,Paid,No,Possession,In Progress,66.0,Low,72.78176968367664,12.0,215,On-Time,Delayed,On-Time,On-Time,Delayed
LA-1378,Delhi,North Delhi,Railway,94.79,192,Partially Paid,No,Possession,In Progress,64.5,High,40.38487705703117,9.2,214,Delayed,On-Time,On-Time,On-Time,On-Time
LA-1379,Tamil Nadu,Coimbatore,Airport,109.51,198,Paid,No,Compensation,In Progress,57.7,Medium,74.5786933875063,17.1,205,Delayed,On-Time,On-Time,On-Time,On-Time
LA-1380,Maharashtra,Nashik,Airport,134.42,217,Pending,Yes,Compensation,Pending,35.7,High,57.71471834469347,26.3,269,Delayed,Delayed,On-Time,Delayed,Delayed
LA-1381,Uttar Pradesh,Kanpur,Metro,79.91,157,Pending,No,Approval,Not Started,25.2,High,95.0,15.0,64,On-Time,On-Time,On-Time,On-Time,On-Time
LA-1382,Karnataka,Mangaluru,Power Project,180.64,258,Pending,Yes,Notification,Not Started,85.0,Medium,60.4925391596689,11.6,264,On-Time,On-Time,On-Time,Delayed,Delayed
LA-1383,Madhya Pradesh,Indore,Power Project,27.0,92,Paid,No,Approval,Pending,78.1,High,67.9180558714916,21.6,147,On-Time,Delayed,Delayed,On-Time,On-Time
LA-1384,Bihar,Patna,Industrial Corridor,105.86,274,Pending,No,Compensation,Pending,48.7,High,67.17079362017688,5.1,106,On-Time,On-Time,Delayed,On-Time,On-Time
LA-1385,Karnataka,Mysuru,Metro,44.55,128,Paid,No,Approval,Not Started,57.6,Medium,54.61793828548275,2.4,210,On-Time,Delayed,On-Time,On-Time,On-Time
LA-1386,Tamil Nadu,Salem,Irrigation,101.01,178,Paid,Yes,Possession,Completed,76.1,Medium,71.85953149419878,38.0,272,Delayed,On-Time,On-Time,On-Time,Delayed
LA-1387,Maharashtra,Nagpur,Metro,87.31,61,Paid,No,Notification,Not Started,84.4,Low,70.13135369406477,7.8,162,On-Time,On-Time,Delayed,On-Time,On-Time
LA-1388,Uttar Pradesh,Kanpur,Power Project,42.96,87,Partially Paid,No,Approval,Not Started,59.7,Medium,80.34207251882361,23.0,151,On-Time,On-Time,On-Time,On-Time,On-Time
LA-1389,Tamil Nadu,Coimbatore,Airport,75.59,154,Pending,Yes,Notification,Not Started,31.2,Medium,75.80671164883832,38.3,316,On-Time,On-Time,Delayed,On-Time,Delayed
LA-1390,Tamil Nadu,Madurai,Metro,42.1,136,Partially Paid,Yes,Approval,Pending,38.7,High,67.8072112957705,23.3,262,Delayed,On-Time,On-Time,Delayed,Delayed
LA-1391,West Bengal,Howrah,Industrial Corridor,254.76,284,Pending,No,Notification,Not Started,38.1,High,52.71829900888474,12.5,188,On-Time,On-Time,On-Time,On-Time,Delayed
LA-1392,Gujarat,Rajkot,Metro,126.42,254,Paid,Yes,Approval,Not Started,32.2,Medium,53.154266268462656,22.0,304,On-Time,Delayed,On-Time,On-Time,Delayed
LA-1393,Gujarat,Rajkot,Industrial Corridor,258.26,549,Paid,Yes,Approval,Not Started,49.0,Low,89.85516100888147,13.6,218,Delayed,Delayed,On-Time,Delayed,Delayed
LA-1394,Tamil Nadu,Salem,Irrigation,38.22,100,Partially Paid,No,Compensation,In Progress,53.5,High,66.30719890636905,16.5,133,On-Time,Delayed,On-Time,On-Time,Delayed
LA-1395,Maharashtra,Nagpur,Metro,15.52,58,Paid,Yes,Compensation,In Progress,30.8,Low,95.0,6.3,226,Delayed,Delayed,On-Time,Delayed,On-Time
LA-1396,West Bengal,Kolkata,Industrial Corridor,103.19,171,Pending,No,Approval,Not Started,56.2,High,52.72611981985815,2.5,190,Delayed,On-Time,On-Time,On-Time,On-Time
LA-1397,Bihar,Patna,Metro,104.8,141,Partially Paid,No,Compensation,In Progress,50.1,High,95.0,15.7,73,On-Time,On-Time,On-Time,On-Time,Delayed
LA-1398,Gujarat,Vadodara,Irrigation,131.96,269,Paid,No,Compensation,In Progress,70.9,High,50.84729947034067,8.6,169,On-Time,On-Time,On-Time,On-Time,On-Time
LA-1399,Tamil Nadu,Chennai,Metro,132.51,307,Pending,Yes,Approval,Not Started,59.0,Medium,58.424213379711944,29.2,297,Delayed,On-Time,On-Time,Delayed,Delayed
LA-1400,Tamil Nadu,Coimbatore,Railway,246.67,359,Paid,No,Possession,In Progress,66.7,Medium,71.6321551881345,21.3,169,On-Time,On-Time,Delayed,On-Time,On-Time
LA-1401,Uttar Pradesh,Lucknow,Industrial Corridor,131.65,297,Paid,No,Compensation,In Progress,48.6,High,79.96307889449486,16.6,121,On-Time,On-Time,On-Time,On-Time,On-Time
LA-1402,Bihar,Muzaffarpur,Irrigation,32.71,29,Partially Paid,No,Approval,Pending,44.3,Low,75.17119909077647,56.4,234,Delayed,Delayed,Delayed,On-Time,On-Time
LA-1403,Rajasthan,Kota,Industrial Corridor,22.5,42,Partially Paid,No,Possession,Completed,77.1,Medium,36.30333591529002,25.9,262,On-Time,Delayed,On-Time,On-Time,On-Time
LA-1404,Tamil Nadu,Coimbatore,Industrial Corridor,258.86,288,Pending,No,Possession,Completed,32.8,Medium,56.41394531703006,23.9,216,On-Time,Delayed,On-Time,On-Time,Delayed
LA-1405,Maharashtra,Pune,Highway,80.4,196,Paid,No,Possession,In Progress,27.4,Medium,47.81715170744303,46.4,276,Delayed,On-Time,On-Time,On-Time,On-Time
LA-1406,Bihar,Patna,Irrigation,192.93,271,Partially Paid,Yes,Compensation,Pending,48.6,High,44.28030748408099,10.7,258,Delayed,On-Time,Delayed,Delayed,Delayed
LA-1407,Gujarat,Ahmedabad,Metro,40.29,107,Paid,No,Approval,Not Started,80.2,Medium,64.75651583778779,14.7,197,On-Time,Delayed,On-Time,On-Time,On-Time
LA-1408,Delhi,North Delhi,Industrial Corridor,128.8,199,Paid,No,Approval,Not Started,30.3,High,33.32642347679848,9.7,215,On-Time,Delayed,On-Time,On-Time,On-Time
LA-1409,Bihar,Gaya,Power Project,39.89,103,Partially Paid,No,Compensation,In Progress,84.7,High,79.99860600747589,21.0,156,On-Time,Delayed,On-Time,On-Time,On-Time
LA-1410,Uttar Pradesh,Kanpur,Highway,5.35,28,Paid,No,Possession,Completed,47.9,Medium,76.17183968351061,60.0,222,On-Time,On-Time,On-Time,On-Time,On-Time
LA-1411,Maharashtra,Aurangabad,Railway,169.66,361,Partially Paid,No,Compensation,In Progress,32.5,Low,89.29114675840785,14.8,182,Delayed,On-Time,On-Time,On-Time,Delayed
LA-1412,West Bengal,Howrah,Industrial Corridor,27.95,73,Partially Paid,No,Possession,In Progress,27.7,Medium,49.00031982363544,19.5,217,Delayed,On-Time,Delayed,On-Time,Delayed
LA-1413,West Bengal,Kolkata,Industrial Corridor,24.64,110,Paid,No,Approval,Not Started,83.6,Medium,50.47633954547653,7.7,213,On-Time,Delayed,On-Time,On-Time,On-Time
LA-1414,Madhya Pradesh,Indore,Highway,73.47,133,Paid,No,Approval,Not Started,54.7,Medium,80.78245521922112,38.5,213,Delayed,Delayed,Delayed,On-Time,On-Time
LA-1415,Madhya Pradesh,Bhopal,Metro,74.62,145,Paid,Yes,Possession,In Progress,76.5,High,81.91690185775684,51.7,272,On-Time,On-Time,On-Time,On-Time,Delayed
LA-1416,Gujarat,Rajkot,Power Project,98.1,216,Pending,No,Possession,In Progress,91.6,Low,85.22986456389467,15.1,168,On-Time,Delayed,On-Time,Delayed,Delayed
LA-1417,Maharashtra,Aurangabad,Railway,106.32,152,Paid,No,Possession,Completed,51.5,High,82.31244170632185,60.0,175,On-Time,Delayed,On-Time,On-Time,On-Time
LA-1418,Maharashtra,Mumbai,Industrial Corridor,40.08,102,Paid,No,Possession,In Progress,84.2,High,68.2871800798602,4.7,150,On-Time,On-Time,On-Time,On-Time,On-Time
LA-1419,Karnataka,Bengaluru,Metro,25.06,66,Partially Paid,No,Approval,Pending,33.0,High,58.09903415801666,18.2,162,On-Time,On-Time,Delayed,On-Time,On-Time
LA-1420,Tamil Nadu,Salem,Irrigation,184.36,240,Pending,No,Compensation,In Progress,53.8,High,76.02498498149677,14.8,150,On-Time,On-Time,Delayed,On-Time,Delayed
LA-1421,Tamil Nadu,Chennai,Power Project,142.01,298,Pending,No,Possession,In Progress,25.5,High,58.37223365748535,22.1,153,On-Time,Delayed,On-Time,On-Time,Delayed
LA-1422,Tamil Nadu,Chennai,Irrigation,27.67,117,Paid,No,Compensation,Pending,84.5,High,66.57925321162455,34.5,188,On-Time,On-Time,Delayed,On-Time,On-Time
LA-1423,Uttar Pradesh,Agra,Power Project,17.88,50,Paid,No,Approval,Not Started,93.0,High,59.2732965103675,49.8,209,On-Time,Delayed,On-Time,On-Time,Delayed
LA-1424,Rajasthan,Jaipur,Railway,59.4,91,Partially Paid,No,Approval,Not Started,31.1,Medium,68.99948918694125,13.2,138,On-Time,On-Time,On-Time,On-Time,On-Time
LA-1425,Delhi,South Delhi,Airport,24.22,69,Pending,Yes,Compensation,Pending,31.3,Medium,83.63100288447251,26.4,222,On-Time,Delayed,Delayed,Delayed,On-Time
LA-1426,Rajasthan,Jaipur,Power Project,57.7,121,Paid,Yes,Notification,Not Started,36.0,Medium,59.758261502940385,24.1,274,Delayed,On-Time,On-Time,Delayed,On-Time
LA-1427,Gujarat,Ahmedabad,Airport,135.92,112,Paid,Yes,Compensation,In Progress,34.0,High,57.47924435910262,37.4,315,On-Time,On-Time,Delayed,Delayed,Delayed
LA-1428,Bihar,Gaya,Irrigation,70.71,193,Paid,Yes,Notification,Not Started,53.7,Medium,63.407959124413786,16.2,203,On-Time,Delayed,Delayed,On-Time,Delayed
LA-1429,Gujarat,Ahmedabad,Power Project,171.47,204,Paid,No,Approval,Pending,63.6,High,47.31530084284309,12.6,178,On-Time,On-Time,On-Time,On-Time,On-Time
LA-1430,Uttar Pradesh,Kanpur,Railway,62.69,78,Partially Paid,No,Possession,In Progress,44.1,Medium,74.96180725201847,13.9,154,Delayed,On-Time,On-Time,On-Time,On-Time
LA-1431,Uttar Pradesh,Agra,Highway,163.85,218,Paid,Yes,Compensation,In Progress,46.2,High,66.74778355356199,31.7,230,Delayed,Delayed,Delayed,Delayed,Delayed
LA-1432,Tamil Nadu,Chennai,Railway,55.29,97,Paid,No,Possession,Pending,70.1,Medium,64.46916808834177,5.9,162,On-Time,On-Time,On-Time,On-Time,On-Time
LA-1433,Madhya Pradesh,Gwalior,Railway,5.01,59,Paid,No,Approval,Not Started,87.0,High,69.92978918611729,14.3,139,On-Time,On-Time,On-Time,On-Time,On-Time
LA-1434,Uttar Pradesh,Prayagraj,Highway,104.75,211,Paid,No,Possession,In Progress,92.5,Medium,42.89072112472131,19.8,221,Delayed,Delayed,On-Time,On-Time,On-Time
LA-1435,Uttar Pradesh,Lucknow,Highway,11.44,56,Paid,Yes,Approval,Pending,34.5,Low,86.0097867322054,25.9,269,Delayed,Delayed,On-Time,On-Time,Delayed
LA-1436,Karnataka,Bengaluru,Metro,48.96,45,Paid,Yes,Notification,Not Started,84.1,Medium,57.20527392307183,25.2,320,On-Time,Delayed,On-Time,On-Time,On-Time
LA-1437,Delhi,North Delhi,Power Project,78.13,92,Pending,No,Possession,Pending,56.0,High,59.37864546550334,10.1,155,Delayed,On-Time,On-Time,On-Time,Delayed
LA-1438,Tamil Nadu,Chennai,Irrigation,90.37,179,Paid,No,Possession,In Progress,20.7,High,77.975559079799,7.5,102,On-Time,On-Time,On-Time,On-Time,On-Time
LA-1439,Karnataka,Hubballi,Metro,116.3,183,Partially Paid,Yes,Approval,Not Started,47.7,Low,74.16850127457974,27.5,286,On-Time,Delayed,On-Time,On-Time,Delayed
LA-1440,Uttar Pradesh,Lucknow,Highway,17.86,90,Pending,No,Possession,In Progress,37.9,High,94.98294190026408,13.4,83,On-Time,On-Time,On-Time,On-Time,On-Time
LA-1441,Uttar Pradesh,Kanpur,Airport,34.91,70,Paid,No,Compensation,In Progress,60.8,Low,50.52240342792774,19.5,270,On-Time,Delayed,Delayed,On-Time,On-Time
LA-1442,West Bengal,Kolkata,Irrigation,61.8,189,Paid,No,Possession,In Progress,80.3,High,50.93526886500833,11.1,165,On-Time,On-Time,On-Time,On-Time,On-Time
LA-1443,Gujarat,Vadodara,Airport,117.58,92,Paid,No,Compensation,Pending,84.0,Low,47.061959380654116,10.9,252,On-Time,On-Time,On-Time,Delayed,On-Time
LA-1444,Gujarat,Vadodara,Railway,94.43,173,Partially Paid,No,Compensation,In Progress,30.7,Low,67.00283762383042,29.6,236,Delayed,Delayed,Delayed,Delayed,Delayed
LA-1445,Tamil Nadu,Chennai,Industrial Corridor,34.15,49,Partially Paid,No,Approval,Not Started,26.9,Medium,60.94130856560728,22.8,204,On-Time,Delayed,On-Time,On-Time,On-Time
LA-1446,West Bengal,Kolkata,Railway,161.29,174,Paid,No,Approval,Not Started,93.9,High,54.570523140312325,17.6,155,On-Time,Delayed,On-Time,On-Time,On-Time
LA-1447,West Bengal,Durgapur,Railway,18.69,107,Pending,No,Compensation,Pending,14.3,High,64.01490613405475,20.7,151,On-Time,On-Time,On-Time,Delayed,On-Time
LA-1448,Tamil Nadu,Salem,Industrial Corridor,100.58,274,Partially Paid,No,Compensation,In Progress,65.1,Low,49.51786850064733,14.8,239,On-Time,Delayed,On-Time,Delayed,On-Time
LA-1449,Gujarat,Surat,Power Project,40.03,92,Paid,No,Notification,Not Started,12.9,Low,88.18931648109387,21.5,152,On-Time,On-Time,On-Time,On-Time,On-Time
LA-1450,Uttar Pradesh,Varanasi,Highway,138.74,230,Pending,No,Approval,Pending,34.2,High,54.51152036393353,17.1,157,On-Time,On-Time,Delayed,On-Time,On-Time
LA-1451,Tamil Nadu,Salem,Airport,48.82,128,Paid,No,Approval,Not Started,92.4,High,56.43282989438839,50.4,213,On-Time,Delayed,On-Time,On-Time,On-Time
LA-1452,Madhya Pradesh,Bhopal,Railway,416.71,360,Partially Paid,No,Possession,Completed,79.1,Low,29.196499381145635,14.3,290,Delayed,On-Time,On-Time,On-Time,Delayed
LA-1453,Gujarat,Surat,Industrial Corridor,102.3,232,Paid,No,Compensation,In Progress,29.0,Medium,40.31728951078167,11.7,255,On-Time,Delayed,Delayed,On-Time,On-Time
LA-1454,Bihar,Bhagalpur,Metro,198.15,317,Partially Paid,No,Possession,In Progress,57.8,Low,56.17938130776125,40.4,274,Delayed,Delayed,On-Time,On-Time,On-Time
LA-1455,Uttar Pradesh,Lucknow,Railway,249.32,282,Paid,No,Possession,Pending,42.6,Low,60.417570286000355,17.8,228,Delayed,On-Time,On-Time,Delayed,On-Time
LA-1456,Rajasthan,Udaipur,Airport,64.27,103,Partially Paid,Yes,Compensation,In Progress,76.2,Low,75.7907155755959,42.5,309,On-Time,Delayed,On-Time,Delayed,Delayed
LA-1457,Delhi,New Delhi,Highway,72.15,159,Paid,No,Possession,In Progress,54.4,High,42.565937330889234,30.1,213,On-Time,On-Time,On-Time,On-Time,On-Time
LA-1458,Rajasthan,Jaipur,Railway,185.62,284,Partially Paid,No,Approval,Pending,60.4,High,71.7825612093707,10.7,131,On-Time,On-Time,On-Time,On-Time,Delayed
LA-1459,Delhi,New Delhi,Railway,84.04,208,Paid,No,Notification,Not Started,71.0,High,74.36279878706131,22.0,156,On-Time,On-Time,On-Time,On-Time,On-Time
LA-1460,Uttar Pradesh,Lucknow,Power Project,32.94,73,Paid,No,Approval,Not Started,87.6,Low,75.15419186578401,8.6,202,On-Time,On-Time,On-Time,On-Time,On-Time
LA-1461,Uttar Pradesh,Kanpur,Industrial Corridor,16.48,105,Paid,Yes,Compensation,In Progress,78.8,Medium,80.53489670940039,48.1,227,Delayed,On-Time,On-Time,Delayed,Delayed
LA-1462,Madhya Pradesh,Jabalpur,Metro,92.53,191,Paid,No,Possession,In Progress,88.4,High,47.571198566921744,11.7,197,On-Time,On-Time,On-Time,On-Time,On-Time
LA-1463,Karnataka,Hubballi,Metro,50.11,68,Partially Paid,No,Compensation,In Progress,43.6,High,73.11846731016202,2.2,111,On-Time,On-Time,On-Time,On-Time,On-Time
LA-1464,Madhya Pradesh,Indore,Irrigation,135.06,210,Pending,No,Approval,Not Started,22.3,High,91.47741351859067,9.7,101,On-Time,On-Time,On-Time,On-Time,On-Time
LA-1465,West Bengal,Kolkata,Highway,55.55,209,Pending,Yes,Compensation,In Progress,69.7,Low,86.00404723269688,54.4,312,Delayed,Delayed,Delayed,Delayed,Delayed
LA-1466,Gujarat,Vadodara,Irrigation,242.12,281,Pending,No,Compensation,In Progress,96.5,Medium,93.37933567703955,26.7,141,On-Time,On-Time,Delayed,Delayed,On-Time
LA-1467,Maharashtra,Aurangabad,Airport,37.18,103,Paid,No,Notification,Not Started,73.4,Medium,68.61504746488691,21.9,196,On-Time,Delayed,On-Time,On-Time,On-Time
LA-1468,Bihar,Muzaffarpur,Highway,25.61,5,Paid,No,Compensation,Pending,78.6,High,56.12220969652768,5.3,161,On-Time,On-Time,On-Time,On-Time,On-Time
LA-1469,Uttar Pradesh,Kanpur,Railway,71.36,144,Partially Paid,No,Possession,Completed,71.9,Low,27.043923671070104,56.9,351,Delayed,Delayed,Delayed,Delayed,On-Time
LA-1470,West Bengal,Howrah,Railway,126.79,268,Pending,Yes,Possession,Completed,38.3,High,46.358931751857625,44.3,307,On-Time,On-Time,Delayed,Delayed,Delayed
LA-1471,Delhi,New Delhi,Metro,142.99,322,Partially Paid,No,Compensation,In Progress,73.1,Medium,57.11898537893377,9.6,170,On-Time,On-Time,On-Time,Delayed,On-Time
LA-1472,West Bengal,Kolkata,Airport,84.15,169,Paid,No,Approval,Not Started,9.8,High,59.82327288605667,5.0,148,On-Time,On-Time,On-Time,On-Time,On-Time
LA-1473,Delhi,South Delhi,Industrial Corridor,251.54,465,Paid,No,Notification,Not Started,28.4,High,53.12370264244146,33.4,164,On-Time,On-Time,Delayed,On-Time,On-Time
LA-1474,Bihar,Muzaffarpur,Airport,77.49,210,Paid,No,Compensation,Pending,47.4,High,70.09356390204077,38.2,183,On-Time,On-Time,On-Time,On-Time,On-Time
LA-1475,Rajasthan,Kota,Railway,62.82,106,Paid,No,Possession,In Progress,61.6,Medium,67.92214846966436,27.5,210,On-Time,Delayed,Delayed,Delayed,On-Time
LA-1476,West Bengal,Kolkata,Industrial Corridor,103.33,132,Partially Paid,No,Approval,Not Started,46.9,Medium,65.61429364514328,43.9,196,On-Time,Delayed,On-Time,On-Time,Delayed
LA-1477,Delhi,North Delhi,Airport,29.67,73,Paid,No,Approval,Not Started,48.0,High,76.77940410552573,24.7,138,Delayed,On-Time,On-Time,On-Time,On-Time
LA-1478,Madhya Pradesh,Indore,Airport,162.98,317,Pending,No,Possession,Pending,90.8,High,57.95546767596501,13.4,193,Delayed,On-Time,Delayed,On-Time,On-Time
LA-1479,West Bengal,Kolkata,Industrial Corridor,182.76,276,Pending,No,Possession,Completed,20.0,Low,81.43984184368048,46.1,270,On-Time,On-Time,On-Time,Delayed,On-Time
LA-1480,Rajasthan,Udaipur,Railway,89.93,153,Pending,No,Compensation,Pending,70.4,High,46.943220107065706,13.0,184,On-Time,Delayed,On-Time,On-Time,On-Time
LA-1481,Madhya Pradesh,Indore,Airport,35.04,89,Pending,No,Notification,Not Started,74.1,High,60.44630072095408,20.8,172,On-Time,On-Time,Delayed,On-Time,On-Time
LA-1482,Karnataka,Hubballi,Industrial Corridor,94.59,152,Paid,No,Notification,Not Started,43.8,High,69.77814145495935,27.0,160,On-Time,On-Time,On-Time,On-Time,On-Time
LA-1483,Rajasthan,Udaipur,Power Project,243.59,239,Pending,No,Notification,Not Started,72.6,Low,36.21985751715887,19.7,280,On-Time,Delayed,On-Time,Delayed,On-Time
LA-1484,Madhya Pradesh,Jabalpur,Power Project,118.54,236,Paid,No,Compensation,Pending,44.4,High,57.44186839695545,49.3,244,Delayed,On-Time,On-Time,On-Time,On-Time
LA-1485,Madhya Pradesh,Indore,Railway,139.39,289,Pending,No,Notification,Not Started,76.9,Low,75.67622959962814,41.5,231,Delayed,Delayed,On-Time,On-Time,Delayed
LA-1486,Bihar,Bhagalpur,Industrial Corridor,155.94,320,Paid,No,Possession,In Progress,42.5,High,58.58987581724322,13.5,136,On-Time,On-Time,On-Time,Delayed,On-Time
LA-1487,Delhi,North Delhi,Power Project,29.01,87,Paid,No,Possession,Completed,38.1,High,37.660809451465965,49.1,263,On-Time,On-Time,On-Time,On-Time,On-Time
LA-1488,Maharashtra,Nashik,Industrial Corridor,67.67,148,Paid,Yes,Approval,Not Started,72.2,High,51.68986238429929,5.0,231,On-Time,Delayed,Delayed,On-Time,On-Time
LA-1489,West Bengal,Durgapur,Airport,129.83,190,Paid,No,Compensation,In Progress,64.9,Medium,44.8232100333492,4.8,185,On-Time,On-Time,On-Time,On-Time,On-Time
LA-1490,Bihar,Patna,Railway,21.45,12,Pending,No,Compensation,In Progress,55.0,High,72.44305848546115,60.0,183,On-Time,On-Time,Delayed,On-Time,Delayed
LA-1491,Rajasthan,Udaipur,Power Project,175.72,298,Pending,No,Possession,Completed,70.5,Medium,66.75930861852768,41.5,217,Delayed,On-Time,On-Time,Delayed,Delayed
LA-1492,Madhya Pradesh,Jabalpur,Irrigation,23.05,104,Partially Paid,No,Possession,Completed,72.1,High,41.578095841794365,9.1,203,On-Time,On-Time,Delayed,On-Time,On-Time
LA-1493,Maharashtra,Nashik,Airport,53.18,107,Partially Paid,Yes,Notification,Not Started,38.9,High,40.43047662000113,17.7,292,Delayed,Delayed,On-Time,On-Time,Delayed
LA-1494,Uttar Pradesh,Varanasi,Irrigation,171.35,321,Partially Paid,No,Notification,Not Started,64.0,Low,54.12714986459248,17.7,262,On-Time,Delayed,Delayed,Delayed,On-Time
LA-1495,Rajasthan,Jaipur,Irrigation,72.92,134,Paid,No,Possession,In Progress,89.0,Medium,65.46937225416164,37.3,200,On-Time,Delayed,On-Time,On-Time,On-Time
LA-1496,Gujarat,Ahmedabad,Highway,92.77,203,Pending,No,Compensation,In Progress,46.2,High,54.92199107010687,31.7,190,On-Time,Delayed,On-Time,On-Time,Delayed
LA-1497,Madhya Pradesh,Bhopal,Highway,270.86,362,Paid,No,Notification,Not Started,66.1,Medium,70.25339814582199,47.3,233,On-Time,On-Time,Delayed,On-Time,On-Time
LA-1498,Delhi,North Delhi,Railway,152.84,168,Partially Paid,No,Compensation,Pending,95.6,Medium,69.73358598290626,12.6,184,On-Time,Delayed,On-Time,On-Time,On-Time
LA-1499,West Bengal,Howrah,Power Project,76.01,127,Pending,No,Possession,Completed,66.9,High,72.98455665257578,38.9,162,On-Time,On-Time,Delayed,Delayed,On-Time
LA-1500,West Bengal,Kolkata,Power Project,158.67,203,Paid,Yes,Approval,Not Started,76.8,Medium,43.799990503959,11.6,281,On-Time,Delayed,On-Time,On-Time,On-Time
LA-1501,Karnataka,Bengaluru,Power Project,77.37,132,Paid,No,Possession,Completed,69.4,High,60.862702520628,27.3,189,On-Time,On-Time,On-Time,On-Time,On-Time
LA-1502,Rajasthan,Jodhpur,Industrial Corridor,67.32,171,Pending,No,Notification,Not Started,44.6,Medium,81.13149075953565,27.4,186,On-Time,On-Time,On-Time,Delayed,On-Time
LA-1503,Maharashtra,Nashik,Airport,81.35,132,Pending,No,Possession,Completed,44.5,Medium,54.922032385706004,19.7,205,On-Time,On-Time,Delayed,On-Time,Delayed
LA-1504,Tamil Nadu,Salem,Power Project,61.0,174,Pending,No,Compensation,Pending,69.0,High,52.79673039035998,11.5,181,On-Time,On-Time,On-Time,On-Time,Delayed
LA-1505,Karnataka,Bengaluru,Airport,46.9,62,Partially Paid,Yes,Approval,Pending,71.8,High,57.67508484799585,29.3,264,Delayed,On-Time,On-Time,Delayed,On-Time
LA-1506,Uttar Pradesh,Kanpur,Railway,56.28,69,Paid,Yes,Compensation,Pending,49.0,High,57.298836133153394,38.4,265,On-Time,On-Time,Delayed,On-Time,Delayed
LA-1507,Bihar,Gaya,Irrigation,51.54,101,Paid,No,Possession,In Progress,60.5,Low,66.8220966825839,60.0,291,On-Time,Delayed,On-Time,Delayed,Delayed
LA-1508,Tamil Nadu,Chennai,Power Project,35.47,5,Paid,No,Possession,In Progress,76.2,Medium,56.27716581921944,20.3,203,On-Time,On-Time,On-Time,On-Time,On-Time
LA-1509,West Bengal,Durgapur,Railway,125.64,114,Partially Paid,Yes,Approval,Pending,44.3,High,34.70286687244886,18.1,262,Delayed,Delayed,Delayed,Delayed,Delayed
LA-1510,Karnataka,Hubballi,Power Project,137.21,127,Paid,No,Compensation,In Progress,45.3,High,82.77972014898107,47.8,153,Delayed,Delayed,On-Time,On-Time,Delayed
LA-1511,Madhya Pradesh,Gwalior,Highway,67.99,88,Partially Paid,Yes,Compensation,In Progress,56.2,High,72.59631417167041,46.0,214,On-Time,Delayed,On-Time,On-Time,On-Time
LA-1512,Gujarat,Surat,Metro,284.02,325,Pending,No,Compensation,In Progress,78.6,Medium,67.23622762677373,6.6,220,Delayed,Delayed,Delayed,Delayed,Delayed
LA-1513,West Bengal,Howrah,Railway,191.51,263,Pending,No,Possession,Completed,66.7,Medium,63.58741190666823,39.3,248,On-Time,Delayed,On-Time,Delayed,Delayed
LA-1514,Bihar,Bhagalpur,Power Project,123.86,307,Paid,No,Notification,Not Started,45.2,Low,60.15941150197345,36.2,228,Delayed,On-Time,On-Time,On-Time,Delayed
LA-1515,Delhi,South Delhi,Metro,148.92,185,Paid,Yes,Approval,Pending,25.5,High,53.000500298773844,19.1,246,Delayed,On-Time,On-Time,On-Time,On-Time
LA-1516,Delhi,South Delhi,Railway,25.52,86,Pending,No,Compensation,Pending,64.6,Medium,36.83624952053136,24.8,258,On-Time,On-Time,Delayed,On-Time,On-Time
LA-1517,Gujarat,Surat,Industrial Corridor,179.84,250,Partially Paid,No,Notification,Not Started,79.6,Medium,89.41158453841942,7.0,154,On-Time,On-Time,On-Time,On-Time,On-Time
LA-1518,Tamil Nadu,Salem,Power Project,48.24,31,Pending,No,Possession,In Progress,44.9,Low,65.31340410724349,38.4,261,On-Time,On-Time,On-Time,Delayed,On-Time
LA-1519,West Bengal,Durgapur,Industrial Corridor,246.08,469,Pending,No,Compensation,Pending,53.7,High,40.833383639599575,33.7,233,On-Time,On-Time,Delayed,Delayed,On-Time
LA-1520,Uttar Pradesh,Varanasi,Highway,398.1,406,Paid,No,Compensation,In Progress,23.8,Medium,49.607697246195485,50.1,254,Delayed,Delayed,On-Time,On-Time,On-Time
LA-1521,Madhya Pradesh,Jabalpur,Power Project,322.76,342,Paid,Yes,Possession,Pending,76.4,High,69.56720763535559,12.6,224,Delayed,On-Time,Delayed,Delayed,Delayed
LA-1522,Gujarat,Vadodara,Irrigation,126.83,184,Paid,No,Compensation,Pending,43.4,High,69.26797499511932,14.2,152,Delayed,On-Time,On-Time,On-Time,On-Time
LA-1523,West Bengal,Howrah,Highway,140.07,226,Partially Paid,No,Compensation,In Progress,73.3,Low,53.787394063037226,19.8,243,On-Time,On-Time,Delayed,On-Time,On-Time
LA-1524,Bihar,Muzaffarpur,Metro,145.7,305,Paid,No,Notification,Not Started,84.6,Low,48.831978605955335,5.8,229,On-Time,Delayed,On-Time,On-Time,On-Time
LA-1525,Bihar,Muzaffarpur,Railway,64.71,186,Pending,No,Approval,Not Started,70.4,Medium,56.41668262588558,16.5,193,On-Time,On-Time,On-Time,Delayed,On-Time
LA-1526,Rajasthan,Udaipur,Airport,121.34,205,Pending,No,Notification,Not Started,76.8,High,36.058752109850104,46.8,284,On-Time,On-Time,On-Time,Delayed,Delayed
LA-1527,Gujarat,Vadodara,Highway,42.43,128,Paid,No,Compensation,In Progress,31.4,Low,57.8650986413228,28.8,214,On-Time,On-Time,On-Time,On-Time,On-Time
LA-1528,Maharashtra,Nagpur,Airport,242.44,406,Pending,No,Compensation,Pending,82.6,High,58.0246417234613,6.0,159,On-Time,On-Time,On-Time,On-Time,On-Time
LA-1529,Delhi,North Delhi,Airport,138.1,306,Partially Paid,No,Approval,Not Started,88.2,High,87.89970447189476,13.1,104,Delayed,On-Time,On-Time,On-Time,On-Time
LA-1530,Bihar,Gaya,Railway,189.87,388,Pending,No,Compensation,Pending,63.2,Medium,58.23972573300368,12.4,153,On-Time,Delayed,On-Time,Delayed,Delayed
LA-1531,Tamil Nadu,Salem,Metro,87.43,230,Paid,No,Approval,Not Started,89.0,High,68.79272376846387,56.8,200,On-Time,Delayed,On-Time,Delayed,On-Time
LA-1532,West Bengal,Kolkata,Railway,57.98,107,Paid,No,Possession,Completed,39.6,Low,88.97431340726057,31.5,169,On-Time,On-Time,On-Time,On-Time,Delayed
LA-1533,West Bengal,Kolkata,Power Project,26.83,118,Paid,No,Notification,Not Started,12.3,High,48.990673798959406,46.9,212,Delayed,On-Time,On-Time,On-Time,On-Time
LA-1534,Madhya Pradesh,Jabalpur,Highway,49.73,116,Paid,No,Possession,In Progress,60.5,High,55.62964051683845,4.4,140,On-Time,On-Time,On-Time,On-Time,Delayed
LA-1535,Tamil Nadu,Madurai,Airport,75.94,87,Paid,Yes,Compensation,Pending,29.4,Medium,56.908938283414294,20.7,307,On-Time,On-Time,Delayed,On-Time,On-Time
LA-1536,West Bengal,Siliguri,Railway,140.99,256,Pending,No,Compensation,In Progress,55.6,Medium,39.88129952254317,12.3,228,On-Time,Delayed,On-Time,On-Time,On-Time
LA-1537,Bihar,Gaya,Railway,110.96,122,Paid,No,Approval,Pending,56.2,Medium,61.077514675438934,14.0,204,On-Time,On-Time,On-Time,On-Time,On-Time
LA-1538,Maharashtra,Aurangabad,Railway,100.01,184,Pending,No,Possession,Completed,44.9,High,82.45087344087374,17.3,97,On-Time,On-Time,On-Time,On-Time,On-Time
LA-1539,Rajasthan,Udaipur,Highway,135.09,165,Partially Paid,No,Approval,Pending,34.7,Medium,77.6833154218433,18.6,150,On-Time,On-Time,On-Time,On-Time,On-Time
LA-1540,Uttar Pradesh,Lucknow,Metro,76.7,166,Paid,No,Compensation,In Progress,98.9,High,82.73408675989309,16.6,111,On-Time,On-Time,On-Time,On-Time,On-Time
LA-1541,West Bengal,Siliguri,Irrigation,135.33,228,Partially Paid,No,Possession,In Progress,24.4,High,55.492979057809535,7.4,163,Delayed,On-Time,Delayed,On-Time,On-Time
LA-1542,Madhya Pradesh,Jabalpur,Railway,98.81,168,Pending,Yes,Possession,Completed,70.7,Medium,48.06227096179167,57.5,365,Delayed,Delayed,Delayed,On-Time,Delayed
LA-1543,Uttar Pradesh,Lucknow,Highway,95.57,165,Partially Paid,No,Compensation,In Progress,37.2,High,95.0,23.2,110,On-Time,On-Time,On-Time,On-Time,On-Time
LA-1544,Karnataka,Mysuru,Airport,46.58,82,Paid,No,Possession,In Progress,39.1,Low,68.22159077737773,60.0,257,Delayed,On-Time,Delayed,On-Time,On-Time
LA-1545,Madhya Pradesh,Indore,Power Project,64.54,162,Pending,No,Compensation,Pending,69.0,Medium,40.81437943953574,44.9,291,On-Time,On-Time,On-Time,On-Time,Delayed
LA-1546,Gujarat,Ahmedabad,Irrigation,13.47,82,Paid,No,Approval,Not Started,86.7,Low,95.0,14.4,139,On-Time,Delayed,On-Time,On-Time,On-Time
LA-1547,Uttar Pradesh,Prayagraj,Industrial Corridor,41.11,78,Partially Paid,No,Approval,Not Started,78.1,High,63.65030057992021,44.7,205,On-Time,On-Time,On-Time,On-Time,On-Time
LA-1548,Karnataka,Mysuru,Irrigation,167.85,114,Partially Paid,No,Approval,Not Started,69.1,Low,25.0,8.3,255,Delayed,Delayed,On-Time,On-Time,On-Time
LA-1549,Rajasthan,Kota,Irrigation,45.33,112,Paid,No,Approval,Not Started,82.3,High,86.8179330346608,14.5,103,On-Time,On-Time,On-Time,On-Time,On-Time
LA-1550,Tamil Nadu,Salem,Highway,110.0,235,Paid,No,Possession,Completed,59.5,High,30.344508675465953,17.9,237,Delayed,On-Time,On-Time,On-Time,On-Time
LA-1551,Rajasthan,Jodhpur,Industrial Corridor,41.98,105,Pending,Yes,Compensation,In Progress,75.5,High,69.32624707068193,21.8,231,Delayed,On-Time,On-Time,On-Time,On-Time
LA-1552,Bihar,Bhagalpur,Railway,150.84,312,Pending,No,Notification,Not Started,47.9,Medium,77.63667051246577,15.1,141,On-Time,Delayed,On-Time,On-Time,Delayed
LA-1553,Madhya Pradesh,Bhopal,Railway,115.75,138,Partially Paid,Yes,Possession,In Progress,86.5,High,75.22090670165169,19.9,225,Delayed,On-Time,On-Time,Delayed,On-Time
LA-1554,Madhya Pradesh,Gwalior,Irrigation,28.72,15,Paid,No,Approval,Pending,43.9,Medium,88.34134230216652,26.5,138,On-Time,On-Time,On-Time,On-Time,On-Time
LA-1555,Bihar,Patna,Highway,157.02,280,Paid,No,Possession,Pending,57.0,High,80.25690188157658,20.6,95,On-Time,Delayed,Delayed,On-Time,On-Time
LA-1556,Gujarat,Vadodara,Industrial Corridor,188.93,304,Paid,No,Possession,Completed,65.4,High,92.84954084952554,18.3,122,On-Time,On-Time,On-Time,On-Time,On-Time
LA-1557,Uttar Pradesh,Varanasi,Railway,42.87,123,Partially Paid,No,Possession,In Progress,93.8,Medium,63.60519075463622,40.9,204,On-Time,On-Time,On-Time,On-Time,On-Time
LA-1558,Delhi,New Delhi,Airport,69.39,102,Paid,No,Possession,Pending,78.8,High,58.79576741705648,44.2,224,On-Time,On-Time,On-Time,On-Time,On-Time
LA-1559,Tamil Nadu,Madurai,Metro,36.16,44,Paid,No,Approval,Not Started,40.6,Medium,59.800211391324424,29.8,210,On-Time,On-Time,On-Time,On-Time,On-Time
LA-1560,Madhya Pradesh,Gwalior,Metro,146.48,226,Paid,No,Compensation,Pending,88.4,Medium,85.60471357551394,11.4,149,Delayed,On-Time,On-Time,On-Time,On-Time
LA-1561,Karnataka,Mangaluru,Railway,85.76,78,Partially Paid,No,Approval,Not Started,44.4,Low,55.409318247764965,8.4,206,On-Time,Delayed,On-Time,On-Time,Delayed
LA-1562,Uttar Pradesh,Lucknow,Industrial Corridor,85.34,137,Pending,No,Approval,Not Started,66.0,High,77.71106312738809,21.5,154,On-Time,On-Time,Delayed,On-Time,Delayed
LA-1563,Uttar Pradesh,Varanasi,Power Project,75.34,81,Partially Paid,Yes,Compensation,Pending,74.1,Low,52.101426002337796,13.3,300,Delayed,Delayed,On-Time,On-Time,Delayed
LA-1564,Delhi,North Delhi,Railway,194.92,182,Partially Paid,No,Notification,Not Started,27.1,Medium,52.372672952146644,26.7,220,On-Time,On-Time,On-Time,On-Time,On-Time
LA-1565,Gujarat,Ahmedabad,Power Project,306.18,380,Paid,No,Possession,In Progress,55.9,Low,82.76426895548843,10.0,126,On-Time,On-Time,On-Time,Delayed,On-Time
LA-1566,Madhya Pradesh,Indore,Power Project,190.95,182,Paid,No,Possession,In Progress,92.6,High,71.54998775243747,44.8,152,Delayed,On-Time,On-Time,Delayed,On-Time
LA-1567,Gujarat,Ahmedabad,Industrial Corridor,149.21,152,Partially Paid,No,Approval,Pending,81.9,Medium,32.60537351482342,59.2,329,Delayed,Delayed,Delayed,Delayed,Delayed
LA-1568,Gujarat,Rajkot,Power Project,57.38,185,Partially Paid,Yes,Compensation,Pending,86.0,Low,52.192773999322434,22.2,311,Delayed,On-Time,On-Time,On-Time,Delayed
LA-1569,Bihar,Muzaffarpur,Airport,51.55,31,Paid,Yes,Compensation,Pending,53.9,High,26.437176574503162,17.8,270,Delayed,Delayed,Delayed,On-Time,Delayed
LA-1570,Maharashtra,Nagpur,Industrial Corridor,47.16,99,Partially Paid,No,Possession,In Progress,88.1,Medium,59.36707610296915,60.0,249,On-Time,On-Time,Delayed,On-Time,Delayed
LA-1571,Rajasthan,Jaipur,Railway,64.55,80,Pending,No,Compensation,In Progress,42.4,Low,60.89861270581034,33.9,260,Delayed,Delayed,On-Time,On-Time,Delayed
LA-1572,Tamil Nadu,Salem,Irrigation,59.77,118,Partially Paid,No,Approval,Not Started,66.8,Medium,57.88938289343414,55.4,233,On-Time,Delayed,Delayed,On-Time,Delayed
LA-1573,Gujarat,Surat,Airport,129.92,193,Partially Paid,No,Approval,Pending,49.3,High,83.09738927706874,21.5,147,On-Time,On-Time,On-Time,On-Time,On-Time
LA-1574,Madhya Pradesh,Jabalpur,Highway,21.85,55,Pending,No,Approval,Not Started,30.5,Medium,71.19581047679208,11.6,154,On-Time,On-Time,Delayed,On-Time,On-Time
LA-1575,Bihar,Gaya,Metro,62.94,155,Paid,No,Possession,Pending,69.2,High,95.0,22.2,96,On-Time,On-Time,On-Time,On-Time,On-Time
LA-1576,West Bengal,Kolkata,Railway,12.28,96,Partially Paid,No,Notification,Not Started,76.1,Low,73.01178217907835,41.0,220,On-Time,On-Time,On-Time,Delayed,Delayed
LA-1577,Uttar Pradesh,Prayagraj,Railway,151.46,280,Pending,No,Notification,Not Started,64.0,High,73.28784849299691,33.4,126,On-Time,Delayed,On-Time,On-Time,Delayed
LA-1578,West Bengal,Howrah,Railway,63.57,168,Paid,No,Possession,In Progress,84.2,High,69.0799118681204,19.3,145,On-Time,Delayed,On-Time,On-Time,On-Time
LA-1579,Rajasthan,Jodhpur,Airport,239.23,475,Paid,No,Possession,In Progress,59.0,High,60.96480006727688,8.8,149,On-Time,Delayed,Delayed,On-Time,On-Time
LA-1580,Maharashtra,Pune,Highway,135.75,255,Partially Paid,No,Possession,In Progress,50.7,Medium,55.255267010306014,18.1,214,On-Time,On-Time,On-Time,On-Time,On-Time
LA-1581,Rajasthan,Udaipur,Irrigation,12.58,116,Paid,No,Compensation,In Progress,86.9,Low,61.47524776933906,8.9,195,On-Time,On-Time,On-Time,On-Time,On-Time
LA-1582,West Bengal,Howrah,Industrial Corridor,25.53,167,Partially Paid,No,Compensation,Pending,82.0,High,62.163826882026925,60.0,193,On-Time,Delayed,On-Time,On-Time,On-Time
LA-1583,Rajasthan,Jaipur,Highway,61.95,173,Paid,Yes,Compensation,In Progress,78.6,High,63.586871247657584,3.2,246,On-Time,On-Time,On-Time,On-Time,On-Time
LA-1584,Maharashtra,Aurangabad,Airport,310.45,551,Partially Paid,No,Notification,Not Started,81.8,High,74.53980712048187,12.6,133,Delayed,On-Time,On-Time,On-Time,On-Time
LA-1585,Madhya Pradesh,Gwalior,Railway,38.49,119,Partially Paid,No,Compensation,Pending,85.8,Low,69.50110257000942,17.8,206,On-Time,On-Time,On-Time,On-Time,On-Time
LA-1586,Maharashtra,Nagpur,Metro,96.56,242,Paid,Yes,Notification,Not Started,33.4,Medium,57.24607608706747,32.2,319,On-Time,Delayed,On-Time,On-Time,Delayed
LA-1587,Delhi,New Delhi,Railway,166.8,240,Paid,No,Approval,Not Started,89.2,High,53.92783896741386,25.9,171,On-Time,On-Time,On-Time,On-Time,On-Time
LA-1588,Uttar Pradesh,Prayagraj,Industrial Corridor,193.63,335,Paid,No,Possession,In Progress,60.5,Medium,68.36417421636064,5.0,138,On-Time,Delayed,On-Time,On-Time,Delayed
LA-1589,Uttar Pradesh,Kanpur,Power Project,75.41,117,Paid,Yes,Approval,Not Started,65.9,High,51.09891443299464,13.9,266,Delayed,On-Time,On-Time,On-Time,On-Time
LA-1590,Uttar Pradesh,Agra,Metro,34.92,63,Paid,Yes,Possession,In Progress,95.4,High,58.596791484939445,16.3,278,Delayed,On-Time,On-Time,Delayed,On-Time
LA-1591,Uttar Pradesh,Varanasi,Railway,83.0,80,Paid,No,Approval,Pending,87.4,High,57.02981764422563,16.4,142,On-Time,On-Time,Delayed,On-Time,Delayed
LA-1592,Madhya Pradesh,Indore,Irrigation,159.94,213,Pending,No,Approval,Pending,46.4,Low,95.0,24.9,166,On-Time,Delayed,Delayed,On-Time,Delayed
LA-1593,Uttar Pradesh,Varanasi,Metro,132.24,294,Partially Paid,No,Compensation,Pending,52.1,Low,45.88731476325499,48.7,307,Delayed,On-Time,Delayed,On-Time,Delayed
LA-1594,Maharashtra,Nagpur,Power Project,14.9,79,Paid,Yes,Possession,Completed,60.2,Medium,53.11044884079052,6.9,277,Delayed,On-Time,On-Time,On-Time,Delayed
LA-1595,Bihar,Muzaffarpur,Highway,19.42,51,Paid,Yes,Compensation,In Progress,59.2,High,56.66634849682692,24.2,251,Delayed,On-Time,On-Time,On-Time,Delayed
LA-1596,Rajasthan,Udaipur,Airport,163.85,274,Paid,Yes,Possession,In Progress,40.6,Medium,58.22048227710087,8.6,242,On-Time,On-Time,On-Time,On-Time,Delayed
LA-1597,Karnataka,Bengaluru,Railway,27.8,84,Partially Paid,No,Notification,Not Started,58.3,High,79.99713475443657,38.0,115,On-Time,On-Time,On-Time,On-Time,On-Time
LA-1598,Uttar Pradesh,Agra,Industrial Corridor,24.77,61,Paid,No,Possession,Pending,43.1,Medium,61.18418139345506,28.9,250,On-Time,On-Time,On-Time,On-Time,On-Time
LA-1599,Uttar Pradesh,Agra,Highway,89.54,175,Paid,No,Notification,Not Started,65.4,Medium,45.137044088882725,5.1,238,On-Time,On-Time,On-Time,On-Time,On-Time
LA-1600,Delhi,North Delhi,Railway,159.23,195,Paid,No,Possession,In Progress,46.8,Low,86.46371121496587,36.3,187,Delayed,Delayed,On-Time,On-Time,On-Time
LA-1601,Uttar Pradesh,Varanasi,Highway,223.38,430,Pending,No,Approval,Not Started,59.1,High,68.95458501261693,23.7,157,On-Time,On-Time,On-Time,Delayed,On-Time
LA-1602,Maharashtra,Nagpur,Industrial Corridor,29.34,49,Partially Paid,No,Possession,In Progress,47.2,Medium,71.30785341925431,5.7,142,Delayed,On-Time,On-Time,Delayed,On-Time
LA-1603,Uttar Pradesh,Agra,Railway,299.04,350,Pending,Yes,Compensation,In Progress,46.0,Medium,74.76255255328824,20.0,238,Delayed,Delayed,On-Time,Delayed,Delayed
LA-1604,Uttar Pradesh,Agra,Power Project,13.66,93,Paid,Yes,Notification,Not Started,73.9,High,46.51938099858752,28.8,281,On-Time,On-Time,On-Time,On-Time,On-Time
LA-1605,Uttar Pradesh,Lucknow,Power Project,56.67,112,Paid,No,Possession,Completed,69.8,Medium,64.896786004992,60.0,225,Delayed,On-Time,On-Time,On-Time,On-Time
LA-1606,Rajasthan,Udaipur,Industrial Corridor,123.4,210,Paid,Yes,Approval,Not Started,78.6,Low,77.31871691415091,9.6,252,Delayed,Delayed,On-Time,On-Time,Delayed
LA-1607,Uttar Pradesh,Lucknow,Metro,33.36,119,Pending,No,Approval,Pending,85.2,Low,55.39595441995273,4.5,217,Delayed,Delayed,On-Time,On-Time,Delayed
LA-1608,Gujarat,Vadodara,Industrial Corridor,66.33,109,Paid,No,Possession,In Progress,49.5,Medium,69.59990960178484,13.8,137,On-Time,On-Time,On-Time,On-Time,On-Time
LA-1609,Rajasthan,Kota,Metro,58.63,141,Paid,No,Notification,Not Started,71.9,High,73.15277824046034,25.9,137,Delayed,On-Time,On-Time,On-Time,On-Time
LA-1610,Karnataka,Mysuru,Railway,16.84,88,Paid,No,Approval,Not Started,40.7,Low,43.10065873028435,26.0,243,On-Time,Delayed,On-Time,On-Time,On-Time
LA-1611,Delhi,South Delhi,Metro,79.95,92,Partially Paid,Yes,Compensation,In Progress,95.9,Medium,49.513301153358384,21.9,277,Delayed,Delayed,Delayed,Delayed,On-Time
LA-1612,Tamil Nadu,Coimbatore,Railway,46.85,113,Paid,Yes,Possession,In Progress,71.8,High,30.72835046380179,21.3,299,On-Time,Delayed,On-Time,On-Time,On-Time
LA-1613,Madhya Pradesh,Bhopal,Railway,40.86,158,Partially Paid,No,Notification,Not Started,21.2,High,68.40100702776803,19.1,147,On-Time,On-Time,On-Time,On-Time,On-Time
LA-1614,Uttar Pradesh,Lucknow,Irrigation,58.94,109,Pending,No,Compensation,Pending,25.7,High,93.27454568622974,18.0,96,On-Time,On-Time,On-Time,On-Time,On-Time
LA-1615,Bihar,Gaya,Airport,190.3,278,Paid,No,Compensation,Pending,58.8,High,54.617253492255294,50.6,267,On-Time,On-Time,On-Time,On-Time,On-Time
LA-1616,West Bengal,Kolkata,Railway,163.59,284,Partially Paid,No,Possession,In Progress,40.0,Medium,62.10968818678324,10.8,187,On-Time,On-Time,Delayed,Delayed,On-Time
LA-1617,Delhi,New Delhi,Metro,6.32,43,Partially Paid,No,Possession,In Progress,40.7,High,80.19985182379577,15.0,129,On-Time,On-Time,On-Time,On-Time,On-Time
LA-1618,Maharashtra,Pune,Airport,142.68,207,Pending,Yes,Possession,In Progress,71.0,High,68.98813468297351,6.8,208,Delayed,Delayed,On-Time,On-Time,On-Time
LA-1619,Tamil Nadu,Coimbatore,Airport,32.28,111,Paid,No,Compensation,In Progress,15.3,High,50.39464730837237,27.0,170,On-Time,Delayed,On-Time,On-Time,On-Time
LA-1620,Karnataka,Bengaluru,Railway,246.21,452,Paid,Yes,Approval,Not Started,74.0,Medium,87.89461380350743,40.2,246,Delayed,Delayed,Delayed,Delayed,On-Time
LA-1621,Uttar Pradesh,Kanpur,Industrial Corridor,34.09,36,Pending,No,Notification,Not Started,65.5,High,67.95986363350795,22.4,157,On-Time,On-Time,On-Time,On-Time,Delayed
LA-1622,Uttar Pradesh,Varanasi,Industrial Corridor,131.38,247,Paid,No,Compensation,Pending,27.9,High,61.51676551032888,52.2,229,On-Time,On-Time,On-Time,On-Time,On-Time
LA-1623,Gujarat,Vadodara,Power Project,59.44,125,Pending,Yes,Possession,In Progress,35.9,High,62.7583613338875,19.8,216,On-Time,On-Time,Delayed,Delayed,Delayed
LA-1624,Rajasthan,Jodhpur,Airport,110.56,156,Partially Paid,No,Compensation,Pending,80.3,Medium,73.86303335716815,6.6,140,On-Time,On-Time,On-Time,Delayed,On-Time
LA-1625,Madhya Pradesh,Indore,Railway,61.5,129,Partially Paid,No,Notification,Not Started,53.3,High,55.79920243679713,30.4,171,On-Time,On-Time,On-Time,On-Time,On-Time
LA-1626,Gujarat,Vadodara,Irrigation,28.94,100,Paid,No,Compensation,Pending,46.2,Medium,88.5743118573231,4.4,105,On-Time,Delayed,On-Time,Delayed,On-Time
LA-1627,Rajasthan,Jaipur,Industrial Corridor,42.21,125,Partially Paid,No,Compensation,In Progress,55.1,High,83.87950010754761,11.8,103,On-Time,On-Time,On-Time,On-Time,On-Time
LA-1628,Karnataka,Hubballi,Irrigation,14.75,34,Partially Paid,Yes,Compensation,In Progress,56.2,High,65.12719666154723,18.4,207,Delayed,Delayed,On-Time,On-Time,On-Time
LA-1629,Delhi,South Delhi,Railway,170.72,218,Partially Paid,No,Compensation,In Progress,91.9,High,65.92414079565965,11.2,160,Delayed,On-Time,On-Time,On-Time,Delayed
LA-1630,Maharashtra,Nashik,Railway,139.83,272,Paid,Yes,Compensation,Pending,87.4,High,52.30937420405894,60.0,300,On-Time,Delayed,On-Time,On-Time,On-Time
LA-1631,Karnataka,Mangaluru,Airport,101.49,165,Pending,No,Approval,Pending,53.2,High,55.43990897934228,22.0,195,On-Time,On-Time,Delayed,On-Time,Delayed
LA-1632,Bihar,Muzaffarpur,Irrigation,106.96,109,Paid,No,Possession,In Progress,22.8,High,47.96905488760669,21.4,186,On-Time,On-Time,On-Time,On-Time,Delayed
LA-1633,Rajasthan,Kota,Power Project,36.71,16,Paid,No,Compensation,Pending,55.5,High,61.938882008167134,29.2,170,On-Time,Delayed,On-Time,On-Time,On-Time
LA-1634,Rajasthan,Jodhpur,Airport,93.63,155,Pending,Yes,Approval,Not Started,87.2,Medium,65.93515279934027,10.7,265,Delayed,On-Time,Delayed,On-Time,Delayed
LA-1635,Uttar Pradesh,Varanasi,Highway,50.46,80,Partially Paid,No,Approval,Pending,43.5,High,41.14883389813387,31.6,237,On-Time,On-Time,Delayed,On-Time,On-Time
LA-1636,Gujarat,Surat,Irrigation,281.52,278,Paid,Yes,Possession,In Progress,51.2,Low,75.33367732695498,36.2,307,Delayed,Delayed,On-Time,Delayed,Delayed
LA-1637,Rajasthan,Jaipur,Industrial Corridor,108.0,127,Pending,No,Possession,Completed,76.4,Low,51.93675918699508,29.7,225,On-Time,On-Time,Delayed,Delayed,On-Time
LA-1638,Maharashtra,Nashik,Industrial Corridor,44.81,159,Paid,No,Approval,Pending,90.8,Medium,71.1771758559197,60.0,261,On-Time,Delayed,On-Time,Delayed,On-Time
LA-1639,Maharashtra,Nashik,Industrial Corridor,62.42,36,Paid,No,Notification,Not Started,60.5,High,77.10875303210179,14.1,156,On-Time,On-Time,On-Time,On-Time,On-Time
LA-1640,Gujarat,Ahmedabad,Metro,79.31,131,Partially Paid,No,Notification,Not Started,59.4,Low,84.60580861705132,19.7,174,On-Time,Delayed,Delayed,Delayed,On-Time
LA-1641,Delhi,New Delhi,Railway,58.96,118,Paid,No,Approval,Pending,55.6,High,81.45580133712616,6.6,87,On-Time,On-Time,On-Time,On-Time,On-Time
LA-1642,Maharashtra,Aurangabad,Airport,34.92,5,Pending,No,Compensation,Pending,78.8,High,89.84963609654942,18.2,83,On-Time,On-Time,On-Time,On-Time,On-Time
LA-1643,Uttar Pradesh,Prayagraj,Industrial Corridor,112.64,149,Pending,No,Compensation,In Progress,79.8,High,77.23233998449516,20.7,130,On-Time,On-Time,On-Time,Delayed,On-Time
LA-1644,Maharashtra,Aurangabad,Highway,144.34,274,Paid,Yes,Compensation,In Progress,82.4,Low,67.51586074456938,27.3,278,On-Time,Delayed,On-Time,Delayed,Delayed
LA-1645,Uttar Pradesh,Kanpur,Industrial Corridor,152.44,265,Pending,No,Compensation,In Progress,84.4,High,57.90989153090105,21.0,171,On-Time,On-Time,Delayed,Delayed,Delayed
LA-1646,Bihar,Muzaffarpur,Power Project,131.9,199,Paid,Yes,Notification,Not Started,50.6,Low,63.20843176044398,10.7,273,Delayed,Delayed,On-Time,Delayed,Delayed
LA-1647,Madhya Pradesh,Bhopal,Railway,35.56,19,Partially Paid,No,Notification,Not Started,67.1,High,89.44192772997613,29.3,98,Delayed,On-Time,On-Time,On-Time,On-Time
LA-1648,Karnataka,Mangaluru,Irrigation,132.26,183,Pending,No,Approval,Pending,90.8,Low,62.03238089347011,26.5,221,On-Time,On-Time,On-Time,Delayed,Delayed
LA-1649,Tamil Nadu,Salem,Railway,131.88,157,Pending,No,Notification,Not Started,60.3,Low,64.9228320839266,18.6,219,On-Time,On-Time,Delayed,On-Time,Delayed
LA-1650,Rajasthan,Jodhpur,Irrigation,114.93,162,Paid,No,Notification,Not Started,56.5,Low,87.14334506741986,14.7,149,Delayed,On-Time,On-Time,Delayed,Delayed
LA-1651,Uttar Pradesh,Agra,Irrigation,160.54,321,Paid,No,Compensation,In Progress,79.4,Medium,61.500168109452545,11.8,177,Delayed,On-Time,Delayed,On-Time,On-Time
LA-1652,Rajasthan,Udaipur,Airport,46.93,93,Paid,No,Possession,In Progress,62.4,Low,53.07791981771016,47.3,302,On-Time,On-Time,On-Time,On-Time,On-Time
LA-1653,Madhya Pradesh,Indore,Metro,64.3,144,Partially Paid,No,Possession,Pending,68.6,Low,81.99778121108761,35.0,193,On-Time,On-Time,Delayed,On-Time,Delayed
LA-1654,Karnataka,Bengaluru,Irrigation,150.63,244,Partially Paid,No,Possession,In Progress,95.8,High,52.58736991213515,34.1,187,On-Time,On-Time,On-Time,On-Time,On-Time
LA-1655,Gujarat,Rajkot,Irrigation,78.21,48,Paid,No,Compensation,Pending,87.3,High,71.05726090771812,20.6,151,On-Time,On-Time,On-Time,On-Time,On-Time
LA-1656,Uttar Pradesh,Kanpur,Airport,51.52,155,Paid,No,Compensation,Pending,67.5,Medium,68.43244038768454,39.4,235,Delayed,Delayed,On-Time,On-Time,Delayed
LA-1657,Maharashtra,Aurangabad,Industrial Corridor,102.81,98,Pending,Yes,Approval,Not Started,78.7,High,69.7360934535619,24.5,240,Delayed,On-Time,On-Time,On-Time,On-Time
LA-1658,Gujarat,Vadodara,Power Project,192.13,367,Paid,No,Possession,In Progress,85.9,Medium,28.703653756455964,20.1,249,On-Time,Delayed,On-Time,On-Time,On-Time
LA-1659,Madhya Pradesh,Jabalpur,Highway,48.26,107,Paid,No,Notification,Not Started,38.2,High,76.70700182970202,11.5,110,On-Time,On-Time,On-Time,On-Time,On-Time
LA-1660,Madhya Pradesh,Bhopal,Airport,286.89,414,Pending,No,Approval,Not Started,63.3,Medium,64.10757550279293,20.9,183,On-Time,Delayed,Delayed,Delayed,On-Time
LA-1661,Gujarat,Surat,Metro,44.34,136,Paid,No,Approval,Pending,55.6,High,74.2442436849081,2.6,108,On-Time,On-Time,On-Time,On-Time,On-Time
LA-1662,West Bengal,Howrah,Airport,74.99,148,Pending,Yes,Possession,In Progress,97.5,High,72.51190026840558,38.5,297,Delayed,Delayed,Delayed,On-Time,Delayed
LA-1663,Madhya Pradesh,Indore,Railway,219.38,342,Paid,Yes,Possession,Completed,81.1,High,69.73896511743986,10.4,213,Delayed,On-Time,On-Time,Delayed,On-Time
LA-1664,Maharashtra,Nagpur,Industrial Corridor,83.68,190,Paid,Yes,Possession,Pending,83.1,Low,59.04230183848209,12.5,331,On-Time,Delayed,Delayed,Delayed,On-Time
LA-1665,Uttar Pradesh,Lucknow,Industrial Corridor,159.4,264,Paid,No,Compensation,In Progress,76.1,High,59.207869643921995,16.1,182,Delayed,Delayed,On-Time,On-Time,On-Time
LA-1666,Uttar Pradesh,Prayagraj,Irrigation,23.29,121,Partially Paid,No,Compensation,In Progress,90.3,Low,64.18559423717143,11.6,158,On-Time,Delayed,On-Time,On-Time,On-Time
LA-1667,Maharashtra,Nagpur,Industrial Corridor,58.15,71,Partially Paid,No,Possession,In Progress,36.7,Medium,67.57209785671442,28.1,187,On-Time,Delayed,On-Time,Delayed,On-Time
LA-1668,Uttar Pradesh,Varanasi,Industrial Corridor,92.83,122,Paid,No,Compensation,Pending,62.9,Medium,58.639992645976896,42.3,235,Delayed,On-Time,On-Time,On-Time,On-Time
LA-1669,Uttar Pradesh,Varanasi,Industrial Corridor,20.26,72,Partially Paid,No,Possession,In Progress,25.0,High,79.14404611635888,43.9,171,On-Time,On-Time,On-Time,Delayed,On-Time
LA-1670,Maharashtra,Nagpur,Industrial Corridor,27.24,15,Paid,No,Approval,Pending,46.5,High,60.0823543842504,18.1,168,On-Time,On-Time,On-Time,On-Time,On-Time
LA-1671,Uttar Pradesh,Prayagraj,Highway,136.25,330,Paid,No,Approval,Pending,84.6,Medium,50.302231418501286,13.1,175,On-Time,On-Time,On-Time,On-Time,On-Time
LA-1672,Bihar,Muzaffarpur,Metro,67.94,134,Pending,No,Possession,In Progress,26.4,High,73.92853318974626,40.5,138,On-Time,On-Time,On-Time,On-Time,Delayed
LA-1673,Uttar Pradesh,Kanpur,Irrigation,57.28,203,Pending,No,Notification,Not Started,75.0,Medium,93.21745261005677,8.7,116,On-Time,On-Time,Delayed,Delayed,On-Time
LA-1674,Rajasthan,Udaipur,Industrial Corridor,60.14,205,Pending,No,Possession,In Progress,56.6,Low,47.48671857174524,37.0,272,Delayed,Delayed,On-Time,Delayed,On-Time
LA-1675,Gujarat,Ahmedabad,Irrigation,251.35,481,Partially Paid,No,Compensation,Pending,61.8,High,63.12026162831963,28.9,203,On-Time,On-Time,On-Time,Delayed,Delayed
LA-1676,West Bengal,Howrah,Metro,159.18,388,Paid,No,Possession,In Progress,35.6,Medium,80.95850409994289,27.5,169,On-Time,Delayed,On-Time,On-Time,Delayed
LA-1677,Uttar Pradesh,Kanpur,Power Project,128.49,256,Partially Paid,Yes,Approval,Pending,78.0,Low,73.54757563467446,13.4,283,On-Time,Delayed,Delayed,On-Time,Delayed
LA-1678,Gujarat,Ahmedabad,Industrial Corridor,77.1,179,Pending,Yes,Compensation,Pending,63.8,Low,74.31860588198512,34.9,312,On-Time,On-Time,Delayed,Delayed,Delayed
LA-1679,West Bengal,Durgapur,Irrigation,19.41,5,Paid,No,Compensation,In Progress,63.6,Low,65.45727207011437,21.9,221,On-Time,On-Time,On-Time,On-Time,Delayed
LA-1680,Bihar,Muzaffarpur,Airport,83.18,57,Paid,No,Compensation,In Progress,50.4,Low,25.1299642164568,35.7,345,On-Time,Delayed,On-Time,On-Time,Delayed
LA-1681,Tamil Nadu,Madurai,Irrigation,64.64,89,Paid,Yes,Compensation,In Progress,31.5,High,68.86778574377367,6.0,197,On-Time,Delayed,On-Time,On-Time,On-Time
LA-1682,Maharashtra,Aurangabad,Industrial Corridor,16.16,39,Paid,No,Possession,Pending,66.2,Low,70.602239754457,3.5,183,On-Time,Delayed,On-Time,On-Time,Delayed
LA-1683,Uttar Pradesh,Prayagraj,Railway,263.48,270,Paid,No,Compensation,Pending,59.2,Low,81.88758952593845,60.0,248,On-Time,On-Time,On-Time,On-Time,Delayed
LA-1684,Karnataka,Bengaluru,Highway,153.11,291,Pending,No,Approval,Not Started,78.8,Medium,53.73548453295154,5.6,174,On-Time,On-Time,Delayed,On-Time,On-Time
LA-1685,West Bengal,Durgapur,Airport,119.14,223,Partially Paid,Yes,Possession,Completed,71.6,High,90.2422935863654,46.9,202,On-Time,On-Time,On-Time,On-Time,Delayed
LA-1686,Madhya Pradesh,Jabalpur,Airport,14.66,22,Paid,No,Approval,Not Started,64.2,High,60.34331202138549,32.8,163,On-Time,On-Time,Delayed,On-Time,On-Time
LA-1687,Madhya Pradesh,Gwalior,Railway,179.7,393,Partially Paid,Yes,Approval,Not Started,96.1,High,57.76043943298398,35.2,251,On-Time,On-Time,Delayed,On-Time,Delayed
LA-1688,Maharashtra,Nagpur,Industrial Corridor,63.36,61,Paid,No,Notification,Not Started,77.0,High,54.188506301772804,4.2,155,On-Time,On-Time,On-Time,On-Time,On-Time
LA-1689,Tamil Nadu,Chennai,Highway,58.77,61,Partially Paid,Yes,Possession,Completed,31.3,Medium,80.69492923544414,30.5,255,On-Time,On-Time,Delayed,On-Time,On-Time
LA-1690,Uttar Pradesh,Kanpur,Airport,110.76,234,Pending,No,Approval,Not Started,39.8,Medium,48.56011348373296,21.4,200,On-Time,On-Time,Delayed,Delayed,Delayed
LA-1691,Maharashtra,Nagpur,Highway,92.98,79,Partially Paid,Yes,Approval,Not Started,64.0,Medium,74.47889618442738,8.8,230,Delayed,Delayed,Delayed,On-Time,Delayed
LA-1692,Gujarat,Surat,Airport,24.37,46,Partially Paid,Yes,Possession,In Progress,65.3,High,52.886512779093,14.1,245,Delayed,Delayed,On-Time,On-Time,Delayed
LA-1693,Rajasthan,Kota,Industrial Corridor,69.2,187,Paid,No,Possession,Pending,31.3,Medium,64.33762857813097,19.0,208,On-Time,Delayed,On-Time,Delayed,On-Time
LA-1694,Maharashtra,Nashik,Power Project,25.69,102,Partially Paid,Yes,Notification,Not Started,60.3,High,42.130189152630834,17.5,267,On-Time,On-Time,Delayed,On-Time,Delayed
LA-1695,Uttar Pradesh,Prayagraj,Airport,27.7,68,Partially Paid,No,Possession,In Progress,81.1,High,76.78065064070353,58.0,225,On-Time,Delayed,On-Time,On-Time,On-Time
LA-1696,Madhya Pradesh,Gwalior,Power Project,113.96,107,Pending,No,Possession,In Progress,32.7,Medium,62.749395913852574,16.8,205,On-Time,Delayed,On-Time,Delayed,On-Time
LA-1697,Maharashtra,Pune,Airport,83.86,130,Partially Paid,No,Notification,Not Started,25.2,High,73.36145431206882,43.0,171,On-Time,On-Time,Delayed,On-Time,On-Time
LA-1698,Madhya Pradesh,Bhopal,Metro,221.99,296,Pending,No,Possession,Completed,73.6,High,62.316215063196594,26.4,164,On-Time,Delayed,Delayed,On-Time,Delayed
LA-1699,Uttar Pradesh,Varanasi,Industrial Corridor,37.35,105,Pending,No,Compensation,In Progress,20.9,High,72.91621864087242,5.5,140,On-Time,On-Time,Delayed,Delayed,On-Time
LA-1700,Rajasthan,Udaipur,Railway,241.27,300,Pending,Yes,Compensation,In Progress,81.2,Medium,64.30835709578264,8.2,242,On-Time,Delayed,Delayed,Delayed,Delayed
LA-1701,Rajasthan,Kota,Power Project,49.25,96,Pending,No,Compensation,In Progress,82.2,Medium,76.10958573287769,6.3,148,On-Time,On-Time,On-Time,On-Time,Delayed
LA-1702,Delhi,South Delhi,Railway,55.69,120,Paid,Yes,Compensation,In Progress,43.8,High,73.00679211380061,26.2,218,On-Time,On-Time,Delayed,Delayed,On-Time
LA-1703,Maharashtra,Nagpur,Industrial Corridor,40.72,111,Paid,No,Notification,Not Started,84.3,High,67.94363568407744,30.5,159,On-Time,Delayed,On-Time,On-Time,On-Time
LA-1704,Uttar Pradesh,Agra,Irrigation,103.58,227,Partially Paid,No,Possession,In Progress,85.3,Medium,51.497804282091565,13.6,183,On-Time,On-Time,On-Time,On-Time,On-Time
LA-1705,Delhi,South Delhi,Railway,138.0,195,Paid,No,Notification,Not Started,56.5,Low,58.43913666722361,33.4,281,On-Time,On-Time,On-Time,On-Time,On-Time
LA-1706,West Bengal,Durgapur,Industrial Corridor,47.65,69,Pending,No,Compensation,In Progress,56.3,Medium,53.41681136992163,26.1,214,On-Time,On-Time,On-Time,On-Time,Delayed
LA-1707,Maharashtra,Aurangabad,Railway,212.07,393,Paid,No,Notification,Not Started,68.1,Low,86.43041924709811,36.7,205,On-Time,On-Time,Delayed,On-Time,On-Time
LA-1708,Tamil Nadu,Chennai,Power Project,35.17,44,Paid,Yes,Possession,In Progress,90.1,Medium,76.70538273794148,26.6,261,On-Time,Delayed,On-Time,On-Time,Delayed
LA-1709,Maharashtra,Aurangabad,Metro,86.79,188,Pending,Yes,Approval,Not Started,41.9,Medium,65.56622388798205,31.8,309,Delayed,On-Time,Delayed,Delayed,On-Time
LA-1710,Karnataka,Mysuru,Railway,121.24,167,Paid,No,Compensation,In Progress,39.2,Low,56.567754063510456,15.0,218,On-Time,Delayed,On-Time,On-Time,On-Time
LA-1711,Tamil Nadu,Madurai,Power Project,158.49,201,Paid,No,Approval,Not Started,91.1,Medium,53.153431183775155,22.2,171,Delayed,On-Time,Delayed,On-Time,Delayed
LA-1712,Madhya Pradesh,Bhopal,Airport,198.14,373,Paid,No,Possession,In Progress,29.8,Low,66.83712741572606,12.4,207,Delayed,On-Time,On-Time,On-Time,On-Time
LA-1713,Rajasthan,Udaipur,Industrial Corridor,70.47,156,Pending,Yes,Compensation,In Progress,36.0,High,92.64814380594049,59.0,248,On-Time,On-Time,On-Time,On-Time,Delayed
LA-1714,Gujarat,Ahmedabad,Highway,122.41,141,Partially Paid,No,Possession,Pending,24.6,Low,65.08895747146768,32.5,228,On-Time,Delayed,On-Time,Delayed,Delayed
LA-1715,Maharashtra,Aurangabad,Irrigation,124.33,159,Pending,No,Notification,Not Started,73.3,Medium,83.0288037949822,25.6,173,On-Time,Delayed,On-Time,On-Time,Delayed
LA-1716,West Bengal,Durgapur,Highway,41.42,50,Paid,Yes,Notification,Not Started,69.8,Low,69.13495185101777,6.3,266,Delayed,Delayed,Delayed,Delayed,Delayed
LA-1717,Bihar,Muzaffarpur,Industrial Corridor,71.4,129,Pending,Yes,Compensation,In Progress,42.5,High,73.43861255547279,42.1,244,Delayed,On-Time,Delayed,Delayed,Delayed
LA-1718,West Bengal,Durgapur,Metro,35.72,67,Paid,No,Possession,In Progress,83.1,Medium,57.8612404000973,47.2,272,On-Time,On-Time,On-Time,Delayed,On-Time
LA-1719,Uttar Pradesh,Agra,Railway,57.3,74,Paid,No,Notification,Not Started,51.4,Low,62.04398746084304,8.9,203,On-Time,Delayed,On-Time,On-Time,On-Time
LA-1720,Karnataka,Mysuru,Metro,75.12,163,Paid,No,Notification,Not Started,78.2,High,52.53791142726901,20.8,219,On-Time,On-Time,On-Time,On-Time,On-Time
LA-1721,West Bengal,Kolkata,Highway,119.99,236,Paid,No,Notification,Not Started,67.3,Medium,69.56875509620234,24.0,188,On-Time,On-Time,On-Time,On-Time,On-Time
LA-1722,Uttar Pradesh,Kanpur,Irrigation,56.87,166,Paid,Yes,Compensation,Pending,93.1,Low,61.34865871169077,10.6,272,On-Time,On-Time,On-Time,Delayed,Delayed
LA-1723,Delhi,New Delhi,Power Project,157.61,328,Paid,No,Approval,Not Started,79.8,High,70.39828349849103,15.8,105,On-Time,Delayed,On-Time,On-Time,On-Time
LA-1724,Karnataka,Mangaluru,Irrigation,24.08,71,Paid,No,Possession,In Progress,83.7,High,50.22185182068858,14.4,205,On-Time,On-Time,On-Time,On-Time,On-Time
LA-1725,Madhya Pradesh,Jabalpur,Industrial Corridor,59.76,152,Pending,No,Notification,Not Started,40.7,Medium,71.8359142174407,40.7,226,On-Time,On-Time,On-Time,On-Time,Delayed
LA-1726,Bihar,Muzaffarpur,Industrial Corridor,52.45,67,Paid,No,Notification,Not Started,74.3,Medium,67.5335433864367,54.5,253,On-Time,On-Time,On-Time,Delayed,On-Time
LA-1727,Uttar Pradesh,Kanpur,Metro,152.62,283,Pending,No,Approval,Pending,32.8,High,67.05304426912679,18.8,180,Delayed,On-Time,Delayed,On-Time,On-Time
LA-1728,Tamil Nadu,Coimbatore,Power Project,65.47,180,Pending,No,Compensation,In Progress,35.7,High,70.8406369981229,29.6,199,On-Time,On-Time,Delayed,On-Time,Delayed
LA-1729,Uttar Pradesh,Agra,Metro,55.92,5,Paid,Yes,Compensation,In Progress,37.7,High,61.435986763945614,5.4,177,On-Time,On-Time,On-Time,Delayed,On-Time
LA-1730,Uttar Pradesh,Varanasi,Railway,28.35,54,Partially Paid,No,Notification,Not Started,76.4,High,95.0,46.1,104,On-Time,On-Time,On-Time,On-Time,On-Time
LA-1731,Uttar Pradesh,Prayagraj,Airport,127.94,300,Partially Paid,No,Possession,In Progress,92.2,High,72.02668599318208,30.3,156,Delayed,On-Time,Delayed,On-Time,On-Time
LA-1732,Tamil Nadu,Madurai,Power Project,17.22,95,Pending,Yes,Approval,Not Started,92.4,Medium,66.5766796568056,24.0,287,On-Time,On-Time,On-Time,Delayed,Delayed
LA-1733,Karnataka,Hubballi,Airport,131.23,325,Pending,No,Compensation,Pending,60.3,Medium,76.12961304247786,20.3,174,Delayed,Delayed,Delayed,On-Time,Delayed
LA-1734,Rajasthan,Jaipur,Irrigation,75.73,121,Partially Paid,Yes,Compensation,In Progress,84.2,Medium,57.18110461025314,12.4,275,On-Time,Delayed,Delayed,On-Time,Delayed
LA-1735,Gujarat,Vadodara,Railway,53.87,107,Paid,Yes,Approval,Not Started,48.2,High,56.68444000725938,40.7,274,On-Time,On-Time,Delayed,On-Time,Delayed
LA-1736,Bihar,Patna,Airport,63.22,58,Paid,No,Possession,In Progress,38.8,Medium,77.00553020438485,31.6,166,Delayed,On-Time,On-Time,Delayed,On-Time
LA-1737,Gujarat,Rajkot,Highway,65.47,79,Pending,No,Possession,Completed,79.5,High,78.33714541351056,36.7,156,On-Time,On-Time,On-Time,Delayed,On-Time
LA-1738,Tamil Nadu,Coimbatore,Irrigation,64.62,148,Partially Paid,No,Approval,Not Started,73.9,Low,82.87626688336998,23.1,184,On-Time,On-Time,On-Time,On-Time,On-Time
LA-1739,Gujarat,Rajkot,Airport,10.17,42,Pending,No,Compensation,In Progress,92.8,Medium,43.62246407932366,44.4,260,On-Time,On-Time,On-Time,On-Time,Delayed
LA-1740,Gujarat,Surat,Railway,161.07,300,Partially Paid,No,Approval,Not Started,26.1,Low,63.10416419575293,13.1,226,On-Time,Delayed,Delayed,On-Time,On-Time
LA-1741,Rajasthan,Jaipur,Airport,31.73,56,Paid,Yes,Compensation,Pending,83.6,High,69.94446242292935,51.4,272,On-Time,Delayed,On-Time,On-Time,On-Time
LA-1742,Maharashtra,Pune,Industrial Corridor,35.1,91,Pending,Yes,Approval,Not Started,46.6,Medium,75.80471637761647,42.8,286,Delayed,On-Time,Delayed,On-Time,Delayed
LA-1743,Karnataka,Mangaluru,Metro,67.71,152,Pending,No,Possession,Pending,67.9,Medium,72.89874468744523,26.3,181,On-Time,Delayed,On-Time,Delayed,On-Time
LA-1744,Rajasthan,Jodhpur,Highway,139.36,254,Paid,No,Approval,Not Started,57.0,Low,52.2338357348627,10.6,245,On-Time,On-Time,Delayed,On-Time,On-Time
LA-1745,Maharashtra,Mumbai,Industrial Corridor,99.48,131,Paid,No,Notification,Not Started,70.8,Medium,72.72135346645737,41.6,185,On-Time,On-Time,On-Time,Delayed,On-Time
LA-1746,Bihar,Gaya,Industrial Corridor,36.44,116,Partially Paid,No,Approval,Not Started,72.4,Medium,69.81853213841634,12.6,141,On-Time,On-Time,On-Time,Delayed,On-Time
LA-1747,Gujarat,Vadodara,Railway,203.62,160,Pending,No,Notification,Not Started,71.7,High,69.77772933171016,18.1,141,On-Time,On-Time,On-Time,On-Time,On-Time
LA-1748,Rajasthan,Udaipur,Metro,70.74,85,Paid,No,Compensation,In Progress,52.6,Medium,48.55337534088481,7.8,220,On-Time,Delayed,On-Time,On-Time,On-Time
LA-1749,Bihar,Muzaffarpur,Metro,253.05,205,Paid,Yes,Approval,Pending,25.8,High,50.9830149524713,10.8,242,Delayed,On-Time,On-Time,On-Time,On-Time
LA-1750,Madhya Pradesh,Bhopal,Power Project,113.41,128,Partially Paid,No,Possession,Completed,78.2,High,92.18345993318545,24.6,153,On-Time,On-Time,On-Time,On-Time,On-Time
LA-1751,Uttar Pradesh,Agra,Irrigation,116.53,186,Paid,No,Approval,Pending,60.6,High,79.79168812154694,54.3,161,Delayed,On-Time,On-Time,On-Time,On-Time
LA-1752,West Bengal,Durgapur,Highway,44.55,60,Paid,No,Compensation,Pending,35.4,Low,64.05544924583997,28.7,231,On-Time,On-Time,Delayed,On-Time,On-Time
LA-1753,Madhya Pradesh,Gwalior,Irrigation,15.92,61,Partially Paid,Yes,Compensation,Pending,42.0,High,64.31167773886021,29.8,214,On-Time,On-Time,On-Time,On-Time,On-Time
LA-1754,Maharashtra,Pune,Railway,39.12,133,Pending,No,Possession,In Progress,49.9,Low,95.0,28.2,202,On-Time,Delayed,Delayed,On-Time,Delayed
LA-1755,Uttar Pradesh,Kanpur,Highway,143.26,340,Partially Paid,Yes,Possession,Pending,65.1,Low,65.68000276492798,31.7,309,On-Time,On-Time,Delayed,Delayed,Delayed
LA-1756,Tamil Nadu,Chennai,Power Project,95.26,131,Partially Paid,No,Possession,In Progress,26.8,Low,63.2481486315053,33.9,197,On-Time,Delayed,On-Time,Delayed,Delayed
LA-1757,Madhya Pradesh,Jabalpur,Airport,27.65,84,Partially Paid,No,Possession,In Progress,74.9,Low,53.09887023450773,41.0,269,Delayed,On-Time,Delayed,On-Time,Delayed
LA-1758,Rajasthan,Jaipur,Industrial Corridor,248.68,388,Partially Paid,No,Approval,Not Started,33.7,Low,61.49503703291941,48.2,218,On-Time,On-Time,On-Time,On-Time,On-Time
LA-1759,Bihar,Muzaffarpur,Highway,87.07,98,Paid,No,Possession,Completed,10.3,High,39.75734457223928,14.9,227,On-Time,On-Time,On-Time,On-Time,On-Time
LA-1760,Tamil Nadu,Chennai,Irrigation,97.49,171,Paid,No,Possession,Completed,34.6,High,72.81189497675054,39.3,155,On-Time,On-Time,On-Time,On-Time,On-Time
LA-1761,Uttar Pradesh,Kanpur,Industrial Corridor,124.0,259,Paid,No,Notification,Not Started,35.9,Medium,83.88888495264575,54.9,205,On-Time,On-Time,On-Time,On-Time,Delayed
LA-1762,Maharashtra,Mumbai,Railway,48.06,125,Pending,Yes,Compensation,Pending,37.6,Medium,84.05597225955746,16.4,207,On-Time,Delayed,Delayed,Delayed,Delayed
LA-1763,Maharashtra,Mumbai,Irrigation,192.53,297,Pending,No,Approval,Not Started,35.3,High,54.46312201514171,11.6,164,On-Time,Delayed,Delayed,On-Time,Delayed
LA-1764,Karnataka,Mysuru,Airport,19.5,56,Partially Paid,No,Compensation,In Progress,43.0,Medium,30.579681775482804,42.4,309,On-Time,Delayed,On-Time,Delayed,On-Time
LA-1765,Delhi,North Delhi,Railway,125.75,56,Pending,No,Compensation,In Progress,76.8,Medium,70.08912067256755,52.4,220,On-Time,On-Time,Delayed,On-Time,On-Time
LA-1766,Madhya Pradesh,Indore,Airport,356.99,315,Pending,No,Compensation,Pending,85.6,Low,84.78059524572456,17.8,188,On-Time,On-Time,On-Time,Delayed,On-Time
LA-1767,Tamil Nadu,Madurai,Airport,13.73,11,Pending,No,Compensation,Pending,52.3,Medium,40.93791586688553,47.9,224,On-Time,Delayed,Delayed,On-Time,Delayed
LA-1768,Bihar,Patna,Industrial Corridor,23.62,132,Paid,No,Possession,In Progress,66.4,Medium,59.395930431356476,47.6,217,On-Time,On-Time,Delayed,On-Time,Delayed
LA-1769,Maharashtra,Nashik,Railway,151.96,335,Partially Paid,No,Compensation,Pending,69.6,High,70.36121930438615,19.5,150,On-Time,On-Time,Delayed,On-Time,Delayed
LA-1770,Tamil Nadu,Chennai,Railway,16.0,70,Partially Paid,No,Possession,Completed,64.9,Medium,52.38407218995891,14.1,192,On-Time,On-Time,Delayed,On-Time,On-Time
LA-1771,Uttar Pradesh,Varanasi,Highway,118.73,269,Partially Paid,No,Approval,Not Started,53.8,Low,39.07764020596168,15.3,288,On-Time,On-Time,Delayed,On-Time,Delayed
LA-1772,Bihar,Gaya,Irrigation,84.68,157,Paid,Yes,Approval,Not Started,48.5,High,53.84430503320095,25.0,282,Delayed,On-Time,On-Time,On-Time,On-Time
LA-1773,Uttar Pradesh,Agra,Railway,124.72,239,Partially Paid,No,Compensation,Pending,87.6,High,56.46372004279485,13.0,194,Delayed,On-Time,Delayed,On-Time,On-Time
LA-1774,Gujarat,Vadodara,Highway,49.57,99,Paid,Yes,Approval,Pending,57.9,Medium,36.707579858444305,10.2,309,On-Time,Delayed,On-Time,On-Time,Delayed
LA-1775,Tamil Nadu,Chennai,Metro,71.05,94,Pending,No,Approval,Not Started,55.6,High,81.07315955255949,14.4,105,On-Time,On-Time,Delayed,On-Time,On-Time
LA-1776,Uttar Pradesh,Prayagraj,Metro,88.26,137,Pending,No,Compensation,Pending,77.6,High,88.3087312318326,39.9,155,On-Time,On-Time,Delayed,Delayed,On-Time
LA-1777,Uttar Pradesh,Agra,Metro,150.41,332,Paid,No,Compensation,In Progress,49.8,High,65.4433529112954,21.1,140,On-Time,On-Time,On-Time,On-Time,On-Time
LA-1778,Karnataka,Mangaluru,Power Project,35.8,63,Paid,No,Compensation,In Progress,38.3,High,75.94230733860041,12.5,121,On-Time,On-Time,Delayed,On-Time,On-Time
LA-1779,Karnataka,Mysuru,Railway,55.5,84,Partially Paid,No,Approval,Not Started,76.3,High,42.812162021285715,25.4,221,On-Time,On-Time,On-Time,On-Time,On-Time
LA-1780,Madhya Pradesh,Jabalpur,Power Project,57.24,63,Partially Paid,Yes,Approval,Not Started,66.1,Low,62.87632569971826,27.8,297,On-Time,On-Time,Delayed,Delayed,Delayed
LA-1781,Karnataka,Bengaluru,Irrigation,181.02,344,Partially Paid,Yes,Compensation,In Progress,52.6,Medium,56.31643192399514,9.1,314,Delayed,Delayed,On-Time,Delayed,Delayed
LA-1782,Rajasthan,Kota,Railway,20.11,34,Pending,No,Notification,Not Started,66.6,High,71.1733609823977,2.6,136,On-Time,On-Time,Delayed,On-Time,On-Time
LA-1783,Maharashtra,Nagpur,Highway,221.81,451,Pending,Yes,Approval,Pending,81.2,High,25.0,5.5,275,On-Time,On-Time,Delayed,Delayed,Delayed
LA-1784,Maharashtra,Nagpur,Power Project,127.88,245,Paid,No,Notification,Not Started,63.8,High,60.43894258235289,16.0,182,On-Time,Delayed,Delayed,Delayed,On-Time
LA-1785,Uttar Pradesh,Varanasi,Power Project,112.94,126,Partially Paid,No,Notification,Not Started,64.3,Low,74.42601194071207,47.2,275,Delayed,Delayed,On-Time,Delayed,On-Time
LA-1786,Bihar,Bhagalpur,Irrigation,37.01,96,Pending,No,Approval,Not Started,83.4,High,68.57296278426483,55.6,176,On-Time,On-Time,On-Time,On-Time,On-Time
LA-1787,Madhya Pradesh,Indore,Power Project,130.98,107,Pending,No,Notification,Not Started,83.5,Low,76.7436049235483,4.8,199,On-Time,Delayed,On-Time,On-Time,On-Time
LA-1788,Gujarat,Rajkot,Airport,75.69,160,Paid,No,Approval,Not Started,44.7,High,56.024366273441736,30.1,168,On-Time,On-Time,On-Time,On-Time,On-Time
LA-1789,Rajasthan,Jodhpur,Highway,91.7,157,Paid,No,Compensation,Pending,27.6,Low,25.0,12.5,289,Delayed,Delayed,On-Time,On-Time,On-Time
LA-1790,West Bengal,Howrah,Metro,233.28,310,Paid,No,Notification,Not Started,70.3,High,81.48326641988444,13.8,121,On-Time,On-Time,On-Time,On-Time,On-Time
LA-1791,Uttar Pradesh,Kanpur,Highway,70.04,119,Pending,Yes,Approval,Pending,58.5,High,76.38719264796661,17.3,195,On-Time,On-Time,On-Time,Delayed,Delayed
LA-1792,Madhya Pradesh,Jabalpur,Airport,204.86,209,Paid,No,Possession,In Progress,71.5,High,88.53135852878641,15.3,93,On-Time,On-Time,On-Time,Delayed,On-Time
LA-1793,Rajasthan,Udaipur,Irrigation,64.86,63,Paid,No,Possession,Completed,79.8,Medium,66.1138462802949,13.4,161,Delayed,Delayed,On-Time,On-Time,On-Time
LA-1794,Madhya Pradesh,Indore,Irrigation,33.23,129,Paid,No,Approval,Not Started,76.6,High,71.24358761022208,36.4,161,Delayed,Delayed,On-Time,On-Time,Delayed
LA-1795,Delhi,North Delhi,Railway,26.89,101,Paid,No,Possession,Completed,33.5,High,95.0,21.7,83,On-Time,On-Time,Delayed,On-Time,On-Time
LA-1796,Bihar,Patna,Highway,98.29,109,Partially Paid,Yes,Approval,Pending,81.6,Low,37.23484248622438,17.3,365,Delayed,Delayed,Delayed,On-Time,Delayed
LA-1797,West Bengal,Kolkata,Irrigation,137.25,210,Partially Paid,No,Notification,Not Started,58.7,High,71.67055943341988,13.5,107,On-Time,On-Time,On-Time,On-Time,On-Time
LA-1798,Madhya Pradesh,Indore,Power Project,125.95,180,Partially Paid,No,Possession,Completed,52.3,High,83.26609405466563,39.1,188,Delayed,On-Time,On-Time,Delayed,On-Time
LA-1799,Karnataka,Bengaluru,Irrigation,165.78,220,Paid,Yes,Possession,In Progress,36.6,Low,68.18872569121652,11.0,272,On-Time,Delayed,On-Time,Delayed,Delayed
LA-1800,West Bengal,Kolkata,Irrigation,115.81,207,Paid,Yes,Compensation,Pending,52.1,Medium,65.99460618694152,11.0,208,On-Time,Delayed,On-Time,Delayed,On-Time
LA-1801,Karnataka,Mysuru,Irrigation,24.48,67,Pending,No,Compensation,In Progress,59.1,Low,42.746416277011825,18.2,277,On-Time,Delayed,On-Time,Delayed,Delayed
LA-1802,Uttar Pradesh,Agra,Irrigation,98.33,185,Paid,No,Compensation,In Progress,18.5,High,87.00834724569555,41.1,140,On-Time,On-Time,On-Time,On-Time,On-Time
LA-1803,Madhya Pradesh,Jabalpur,Metro,49.96,121,Pending,No,Notification,Not Started,82.0,High,81.03410249248137,52.6,153,On-Time,On-Time,Delayed,On-Time,Delayed
LA-1804,Madhya Pradesh,Indore,Metro,86.79,169,Paid,No,Approval,Not Started,82.3,High,84.23838409497391,20.0,115,Delayed,On-Time,On-Time,On-Time,On-Time
LA-1805,Gujarat,Surat,Railway,63.49,143,Paid,No,Compensation,Pending,67.5,Low,64.67669208873544,11.6,193,On-Time,Delayed,On-Time,On-Time,On-Time
LA-1806,Karnataka,Hubballi,Irrigation,56.7,42,Paid,No,Possession,In Progress,48.6,Low,60.1890565534994,56.2,310,On-Time,On-Time,On-Time,On-Time,On-Time
LA-1807,West Bengal,Siliguri,Highway,66.42,163,Pending,No,Notification,Not Started,72.7,Low,64.8994124032195,60.0,265,On-Time,On-Time,On-Time,Delayed,Delayed
LA-1808,West Bengal,Siliguri,Airport,219.29,432,Paid,Yes,Possession,In Progress,61.6,High,90.48984035638297,28.1,170,On-Time,Delayed,Delayed,Delayed,On-Time
LA-1809,Rajasthan,Udaipur,Railway,10.73,26,Partially Paid,Yes,Notification,Not Started,89.2,Low,61.09538334318791,47.2,329,Delayed,Delayed,Delayed,On-Time,Delayed
LA-1810,Uttar Pradesh,Kanpur,Highway,28.43,14,Partially Paid,No,Compensation,In Progress,77.0,High,87.22914318788196,13.8,86,On-Time,On-Time,On-Time,On-Time,On-Time
LA-1811,West Bengal,Howrah,Irrigation,31.56,97,Paid,No,Compensation,Pending,44.9,Medium,62.79353023843272,11.8,204,On-Time,On-Time,On-Time,On-Time,On-Time
LA-1812,Bihar,Bhagalpur,Industrial Corridor,62.34,99,Paid,Yes,Compensation,In Progress,78.4,Low,52.14113027063131,23.2,330,Delayed,On-Time,On-Time,Delayed,Delayed
LA-1813,Uttar Pradesh,Prayagraj,Irrigation,120.33,38,Pending,Yes,Notification,Not Started,35.4,High,33.84133933823594,21.4,270,On-Time,Delayed,Delayed,Delayed,Delayed
LA-1814,West Bengal,Siliguri,Metro,59.38,205,Paid,No,Approval,Not Started,96.5,High,73.61195076300538,58.9,180,On-Time,On-Time,On-Time,On-Time,On-Time
LA-1815,Bihar,Gaya,Airport,130.79,236,Partially Paid,No,Compensation,In Progress,24.4,High,76.5218317882215,17.0,124,On-Time,On-Time,Delayed,Delayed,On-Time
LA-1816,Rajasthan,Jodhpur,Power Project,158.77,397,Pending,No,Notification,Not Started,84.0,Medium,47.7419754395104,19.8,187,On-Time,On-Time,Delayed,On-Time,On-Time
LA-1817,Madhya Pradesh,Bhopal,Airport,16.83,56,Paid,No,Notification,Not Started,22.8,High,87.15295007545504,33.4,114,On-Time,On-Time,On-Time,Delayed,On-Time
LA-1818,Gujarat,Rajkot,Power Project,154.03,238,Paid,No,Compensation,In Progress,76.9,High,44.279348356517644,31.8,226,On-Time,Delayed,On-Time,Delayed,Delayed
LA-1819,Delhi,South Delhi,Airport,133.72,256,Paid,No,Compensation,Pending,71.4,Low,75.62657299121426,8.6,218,On-Time,Delayed,On-Time,On-Time,On-Time
LA-1820,Maharashtra,Nagpur,Metro,174.02,176,Paid,No,Notification,Not Started,43.9,High,76.36223471675335,39.6,130,On-Time,On-Time,On-Time,On-Time,On-Time
LA-1821,Tamil Nadu,Madurai,Power Project,74.69,150,Paid,No,Compensation,Pending,42.5,High,81.09747226396944,13.4,172,On-Time,On-Time,On-Time,On-Time,On-Time
LA-1822,Delhi,New Delhi,Highway,92.65,183,Partially Paid,No,Possession,In Progress,57.1,Medium,35.438037270602145,52.0,305,Delayed,Delayed,On-Time,On-Time,On-Time
LA-1823,Maharashtra,Nagpur,Power Project,135.24,136,Partially Paid,Yes,Notification,Not Started,54.4,Low,81.0030903529851,26.9,251,Delayed,On-Time,On-Time,On-Time,Delayed
LA-1824,Gujarat,Vadodara,Railway,87.81,169,Partially Paid,No,Compensation,Pending,74.7,High,62.82736631456704,21.9,198,On-Time,On-Time,On-Time,On-Time,On-Time
LA-1825,Rajasthan,Udaipur,Highway,18.52,34,Pending,No,Notification,Not Started,21.7,Medium,59.894582636247364,60.0,269,Delayed,On-Time,On-Time,On-Time,Delayed
LA-1826,Bihar,Bhagalpur,Railway,33.22,56,Paid,Yes,Notification,Not Started,80.0,High,77.37514212148909,10.2,212,Delayed,On-Time,On-Time,On-Time,Delayed
LA-1827,Maharashtra,Nagpur,Irrigation,75.55,176,Paid,No,Notification,Not Started,47.9,Medium,79.41029346037469,8.1,160,On-Time,On-Time,On-Time,On-Time,On-Time
LA-1828,Maharashtra,Aurangabad,Airport,215.78,273,Paid,No,Approval,Pending,37.3,High,35.1705015562669,47.2,282,Delayed,On-Time,Delayed,Delayed,Delayed
LA-1829,Karnataka,Hubballi,Highway,111.86,177,Paid,Yes,Possession,In Progress,33.0,High,45.65318470008505,41.7,281,Delayed,On-Time,Delayed,Delayed,Delayed
LA-1830,Rajasthan,Udaipur,Airport,42.82,78,Paid,No,Approval,Not Started,73.1,Medium,82.98818812396345,60.0,230,On-Time,Delayed,On-Time,On-Time,On-Time
LA-1831,Uttar Pradesh,Lucknow,Irrigation,45.94,182,Paid,No,Compensation,In Progress,22.4,Low,72.12483615770581,44.1,243,On-Time,On-Time,On-Time,On-Time,On-Time
LA-1832,Rajasthan,Kota,Industrial Corridor,47.64,72,Pending,No,Approval,Not Started,99.0,Medium,67.72628461733187,25.2,204,On-Time,On-Time,On-Time,On-Time,On-Time
LA-1833,Uttar Pradesh,Kanpur,Airport,64.19,59,Pending,No,Approval,Pending,89.9,Low,50.214946678996554,13.7,227,On-Time,Delayed,Delayed,On-Time,Delayed
LA-1834,Uttar Pradesh,Varanasi,Irrigation,68.15,206,Paid,Yes,Compensation,Pending,62.9,Medium,71.58262476338044,31.7,256,Delayed,Delayed,On-Time,Delayed,Delayed
LA-1835,Rajasthan,Jaipur,Airport,64.83,124,Pending,Yes,Possession,Completed,29.4,High,83.28398197410074,16.4,181,On-Time,On-Time,On-Time,On-Time,Delayed
LA-1836,Gujarat,Surat,Irrigation,66.11,107,Pending,No,Possession,In Progress,44.1,High,95.0,6.7,95,On-Time,On-Time,On-Time,Delayed,On-Time
LA-1837,Bihar,Patna,Railway,19.13,106,Paid,No,Possession,Completed,85.1,Low,59.68719657485267,11.7,216,Delayed,On-Time,On-Time,On-Time,On-Time
LA-1838,Gujarat,Vadodara,Irrigation,19.5,80,Paid,No,Approval,Not Started,62.7,Medium,78.15629267975761,12.9,142,Delayed,On-Time,On-Time,On-Time,On-Time
LA-1839,Madhya Pradesh,Gwalior,Power Project,52.64,155,Pending,No,Possession,In Progress,86.2,Low,92.82322370199319,29.6,172,On-Time,On-Time,Delayed,On-Time,On-Time
LA-1840,Madhya Pradesh,Gwalior,Industrial Corridor,28.44,62,Partially Paid,No,Approval,Pending,83.9,High,43.26959200002574,6.2,208,On-Time,Delayed,On-Time,On-Time,Delayed
LA-1841,Delhi,New Delhi,Airport,65.57,59,Pending,No,Compensation,In Progress,73.5,High,91.98692762785785,7.2,97,On-Time,On-Time,On-Time,On-Time,On-Time
LA-1842,Karnataka,Mangaluru,Irrigation,131.37,151,Paid,No,Possession,Pending,15.3,High,68.00965380308024,14.9,155,On-Time,On-Time,On-Time,On-Time,On-Time
LA-1843,Uttar Pradesh,Prayagraj,Irrigation,169.91,295,Paid,No,Notification,Not Started,55.6,High,66.12296448413171,12.1,151,On-Time,On-Time,On-Time,On-Time,On-Time
LA-1844,West Bengal,Howrah,Airport,130.78,211,Paid,No,Approval,Not Started,43.7,High,56.87406820884875,25.3,206,On-Time,On-Time,On-Time,On-Time,On-Time
LA-1845,Uttar Pradesh,Varanasi,Industrial Corridor,78.85,188,Pending,Yes,Compensation,Pending,67.4,High,59.5415809908703,16.8,220,On-Time,On-Time,Delayed,On-Time,Delayed
LA-1846,Gujarat,Rajkot,Industrial Corridor,116.07,231,Paid,No,Compensation,In Progress,66.3,Medium,53.82481696986206,17.6,226,Delayed,On-Time,Delayed,On-Time,Delayed
LA-1847,Uttar Pradesh,Prayagraj,Irrigation,76.81,125,Paid,Yes,Notification,Not Started,47.9,High,50.704639347913094,36.1,289,On-Time,Delayed,On-Time,On-Time,On-Time
LA-1848,West Bengal,Durgapur,Highway,68.08,115,Partially Paid,No,Possession,In Progress,39.3,High,71.74433756642651,39.9,158,On-Time,On-Time,On-Time,On-Time,Delayed
LA-1849,Rajasthan,Udaipur,Railway,117.46,177,Paid,No,Compensation,Pending,81.3,Medium,81.69031156423262,13.3,146,On-Time,On-Time,Delayed,On-Time,On-Time
LA-1850,Madhya Pradesh,Bhopal,Industrial Corridor,61.42,112,Paid,No,Notification,Not Started,57.0,Medium,49.283805724259345,29.9,231,On-Time,Delayed,On-Time,Delayed,On-Time
LA-1851,Delhi,New Delhi,Industrial Corridor,19.29,89,Partially Paid,Yes,Notification,Not Started,78.0,Medium,54.57248517025271,11.0,279,Delayed,On-Time,Delayed,On-Time,On-Time
LA-1852,Karnataka,Mangaluru,Metro,59.4,84,Paid,Yes,Possession,In Progress,92.0,Medium,68.84517466477372,35.4,298,Delayed,Delayed,On-Time,On-Time,Delayed
LA-1853,Uttar Pradesh,Agra,Power Project,16.23,5,Paid,No,Notification,Not Started,77.5,Low,48.28249095001226,9.8,216,On-Time,On-Time,On-Time,On-Time,On-Time
LA-1854,Bihar,Gaya,Industrial Corridor,56.87,137,Paid,Yes,Notification,Not Started,45.5,Medium,68.66195061250897,42.0,325,On-Time,On-Time,On-Time,On-Time,On-Time
LA-1855,Uttar Pradesh,Prayagraj,Railway,100.11,217,Partially Paid,No,Compensation,In Progress,87.8,Low,60.954662880415356,3.9,170,On-Time,Delayed,On-Time,On-Time,On-Time
LA-1856,Uttar Pradesh,Kanpur,Power Project,93.15,138,Paid,No,Compensation,Pending,60.7,Medium,40.43081141668628,10.4,210,On-Time,On-Time,On-Time,On-Time,On-Time
LA-1857,Delhi,North Delhi,Power Project,78.9,198,Paid,No,Compensation,In Progress,35.0,High,72.07445618011778,14.7,177,On-Time,On-Time,On-Time,On-Time,On-Time
LA-1858,Rajasthan,Kota,Airport,68.56,122,Partially Paid,Yes,Approval,Not Started,67.4,High,56.58470634581604,17.1,218,On-Time,On-Time,Delayed,Delayed,On-Time
LA-1859,Madhya Pradesh,Indore,Airport,95.19,132,Paid,No,Possession,Completed,93.0,Medium,80.37572764250831,8.6,130,On-Time,Delayed,On-Time,On-Time,On-Time
LA-1860,Delhi,North Delhi,Airport,116.86,124,Paid,No,Possession,In Progress,65.5,Medium,62.06756279117831,13.9,171,On-Time,On-Time,On-Time,On-Time,Delayed
LA-1861,Tamil Nadu,Madurai,Airport,57.34,104,Partially Paid,No,Approval,Not Started,81.3,Medium,54.330342367927315,18.4,161,On-Time,Delayed,On-Time,On-Time,On-Time
LA-1862,Rajasthan,Udaipur,Metro,28.19,27,Paid,Yes,Compensation,Pending,72.1,High,64.50132889917705,4.0,210,On-Time,Delayed,On-Time,On-Time,On-Time
LA-1863,Rajasthan,Jodhpur,Industrial Corridor,97.64,222,Paid,No,Possession,In Progress,83.6,Medium,83.62956147372651,26.3,171,On-Time,On-Time,On-Time,On-Time,On-Time
LA-1864,Gujarat,Surat,Airport,32.51,107,Partially Paid,No,Compensation,In Progress,62.9,Medium,92.62733790912709,26.6,153,On-Time,Delayed,On-Time,On-Time,On-Time
LA-1865,Gujarat,Vadodara,Irrigation,37.49,95,Partially Paid,Yes,Compensation,In Progress,53.1,Medium,73.89606669842146,41.5,268,Delayed,On-Time,On-Time,Delayed,Delayed
LA-1866,Madhya Pradesh,Jabalpur,Highway,141.19,242,Partially Paid,No,Approval,Not Started,37.7,Medium,56.16452524401961,60.0,228,On-Time,Delayed,On-Time,On-Time,On-Time
LA-1867,Uttar Pradesh,Agra,Airport,95.5,163,Paid,No,Compensation,In Progress,60.2,Low,65.48910474152136,10.3,190,Delayed,On-Time,Delayed,On-Time,Delayed
LA-1868,Uttar Pradesh,Agra,Industrial Corridor,193.25,212,Paid,Yes,Compensation,In Progress,57.8,High,63.52374044437749,46.4,259,On-Time,On-Time,On-Time,On-Time,On-Time
LA-1869,Bihar,Bhagalpur,Airport,155.7,280,Pending,No,Compensation,In Progress,90.9,High,62.74639716773668,7.4,151,Delayed,On-Time,On-Time,On-Time,Delayed
LA-1870,West Bengal,Siliguri,Metro,79.14,142,Paid,No,Possession,In Progress,78.5,Low,61.184149540367,17.5,212,Delayed,Delayed,On-Time,On-Time,On-Time
LA-1871,Gujarat,Vadodara,Railway,143.38,229,Paid,Yes,Notification,Not Started,83.6,High,50.51858985695288,27.2,283,On-Time,On-Time,On-Time,On-Time,Delayed
LA-1872,Maharashtra,Aurangabad,Railway,30.97,73,Partially Paid,No,Notification,Not Started,52.0,Medium,79.63428263513858,27.1,132,On-Time,Delayed,On-Time,On-Time,Delayed
LA-1873,Madhya Pradesh,Jabalpur,Industrial Corridor,69.25,115,Paid,No,Notification,Not Started,79.5,High,77.9116974566856,40.3,177,On-Time,On-Time,On-Time,On-Time,On-Time
LA-1874,Gujarat,Vadodara,Irrigation,81.2,109,Partially Paid,No,Compensation,In Progress,82.3,High,65.34743878460203,16.0,163,On-Time,Delayed,On-Time,Delayed,On-Time
LA-1875,Delhi,New Delhi,Railway,62.05,107,Paid,No,Notification,Not Started,50.3,High,83.88121486132526,22.9,104,On-Time,On-Time,On-Time,On-Time,On-Time
LA-1876,Uttar Pradesh,Lucknow,Railway,137.37,267,Paid,No,Compensation,Pending,64.6,High,73.86575868738832,24.4,134,On-Time,On-Time,On-Time,Delayed,On-Time
LA-1877,Karnataka,Mangaluru,Highway,99.71,149,Pending,Yes,Approval,Not Started,68.5,High,48.253479772583134,51.3,308,On-Time,On-Time,Delayed,On-Time,Delayed
LA-1878,Karnataka,Mangaluru,Industrial Corridor,97.58,272,Paid,Yes,Compensation,In Progress,48.8,High,59.68392524989365,21.1,268,On-Time,Delayed,Delayed,On-Time,Delayed
LA-1879,Delhi,South Delhi,Irrigation,209.49,381,Partially Paid,No,Approval,Pending,51.3,Medium,87.20556124978509,15.6,132,On-Time,On-Time,On-Time,On-Time,On-Time
LA-1880,Uttar Pradesh,Kanpur,Industrial Corridor,79.44,174,Paid,No,Possession,Pending,48.9,Medium,59.590282137623205,36.8,232,Delayed,On-Time,Delayed,On-Time,Delayed
LA-1881,Maharashtra,Aurangabad,Railway,161.79,281,Paid,Yes,Compensation,In Progress,64.8,Low,54.60004996529365,21.0,317,Delayed,Delayed,Delayed,On-Time,On-Time
LA-1882,Karnataka,Mysuru,Railway,164.97,333,Paid,No,Possession,Completed,62.3,Low,75.83613751943673,41.2,248,Delayed,Delayed,On-Time,On-Time,Delayed
LA-1883,Delhi,North Delhi,Railway,125.91,289,Paid,No,Compensation,Pending,83.8,High,60.79673881528635,41.2,203,Delayed,On-Time,On-Time,On-Time,On-Time
LA-1884,Uttar Pradesh,Varanasi,Power Project,204.19,167,Pending,No,Notification,Not Started,53.8,Low,73.41177303691143,4.9,155,On-Time,Delayed,On-Time,On-Time,On-Time
LA-1885,Tamil Nadu,Chennai,Metro,87.97,78,Pending,Yes,Notification,Not Started,67.2,Medium,64.45825886721623,60.0,320,Delayed,On-Time,On-Time,On-Time,Delayed
LA-1886,Uttar Pradesh,Varanasi,Airport,100.63,260,Partially Paid,No,Possession,Pending,91.5,Medium,53.05016585303015,7.9,215,Delayed,On-Time,On-Time,Delayed,On-Time
LA-1887,Karnataka,Bengaluru,Metro,47.82,65,Pending,No,Compensation,In Progress,65.9,Medium,54.603320638124494,24.2,223,On-Time,Delayed,On-Time,On-Time,Delayed
LA-1888,Maharashtra,Aurangabad,Industrial Corridor,58.29,172,Partially Paid,No,Notification,Not Started,12.6,High,39.71376233755855,13.5,176,On-Time,On-Time,On-Time,On-Time,On-Time
LA-1889,Uttar Pradesh,Varanasi,Highway,96.56,175,Paid,No,Compensation,Pending,68.8,Medium,48.42226162610561,12.8,247,On-Time,Delayed,On-Time,On-Time,On-Time
LA-1890,Maharashtra,Aurangabad,Airport,62.66,170,Paid,No,Approval,Not Started,62.2,High,74.42567570586824,9.7,113,On-Time,On-Time,On-Time,On-Time,On-Time
LA-1891,Karnataka,Mysuru,Highway,109.59,226,Partially Paid,Yes,Approval,Not Started,57.6,High,83.08655576064712,38.0,244,On-Time,On-Time,Delayed,On-Time,On-Time
LA-1892,Bihar,Gaya,Irrigation,81.57,150,Paid,Yes,Notification,Not Started,61.7,High,55.843606269973435,16.5,276,Delayed,Delayed,On-Time,On-Time,On-Time
LA-1893,Bihar,Bhagalpur,Power Project,165.17,235,Paid,Yes,Possession,In Progress,75.2,High,44.375255613719816,45.3,335,Delayed,On-Time,On-Time,On-Time,Delayed
LA-1894,Gujarat,Vadodara,Industrial Corridor,76.88,196,Pending,Yes,Notification,Not Started,90.7,Low,82.06755995396956,16.1,237,On-Time,On-Time,Delayed,On-Time,Delayed
LA-1895,Karnataka,Mysuru,Power Project,154.19,281,Paid,No,Approval,Pending,69.4,Low,82.51142111061183,15.8,200,On-Time,On-Time,On-Time,On-Time,On-Time
LA-1896,Uttar Pradesh,Agra,Industrial Corridor,21.11,107,Paid,No,Approval,Not Started,71.5,High,75.84438134387662,10.7,129,On-Time,Delayed,On-Time,On-Time,On-Time
LA-1897,Maharashtra,Nagpur,Highway,43.93,71,Paid,No,Notification,Not Started,41.3,High,43.236023238797266,19.4,176,On-Time,On-Time,On-Time,On-Time,On-Time
LA-1898,Bihar,Bhagalpur,Highway,97.21,155,Partially Paid,No,Compensation,In Progress,61.6,High,72.72679293663711,4.0,119,On-Time,On-Time,Delayed,On-Time,On-Time
LA-1899,Delhi,North Delhi,Highway,57.08,64,Paid,No,Notification,Not Started,55.8,Low,73.27368300097784,44.3,220,On-Time,On-Time,On-Time,On-Time,On-Time
LA-1900,Uttar Pradesh,Prayagraj,Industrial Corridor,78.48,181,Partially Paid,Yes,Approval,Not Started,77.1,High,78.5086384334793,27.3,227,Delayed,Delayed,Delayed,On-Time,Delayed
LA-1901,Uttar Pradesh,Agra,Railway,73.68,116,Paid,No,Possession,Completed,59.0,Low,67.26483537812747,21.5,233,On-Time,Delayed,Delayed,On-Time,On-Time
LA-1902,Delhi,North Delhi,Highway,72.45,107,Partially Paid,No,Approval,Not Started,88.2,Medium,53.74737449024854,4.3,211,On-Time,Delayed,On-Time,On-Time,On-Time
LA-1903,Uttar Pradesh,Kanpur,Power Project,21.26,5,Paid,No,Approval,Not Started,61.0,Low,58.93187544576927,11.3,217,Delayed,Delayed,On-Time,On-Time,On-Time
LA-1904,Madhya Pradesh,Jabalpur,Irrigation,88.99,161,Pending,No,Compensation,In Progress,71.2,Medium,82.65579405360837,3.1,111,On-Time,On-Time,Delayed,Delayed,On-Time
LA-1905,Gujarat,Rajkot,Airport,225.83,416,Paid,Yes,Compensation,In Progress,35.8,Medium,70.6931345202825,8.5,212,Delayed,On-Time,Delayed,On-Time,On-Time
LA-1906,Bihar,Bhagalpur,Industrial Corridor,83.86,176,Partially Paid,No,Possession,Pending,74.9,Medium,45.379145548985974,20.0,243,Delayed,On-Time,On-Time,On-Time,On-Time
LA-1907,Tamil Nadu,Coimbatore,Power Project,83.29,206,Partially Paid,No,Notification,Not Started,58.3,Low,90.59701035695207,28.3,201,On-Time,On-Time,On-Time,On-Time,Delayed
LA-1908,Maharashtra,Mumbai,Metro,239.27,302,Paid,No,Possession,Pending,41.9,Low,82.33320894302324,11.2,183,On-Time,On-Time,On-Time,Delayed,Delayed
LA-1909,Maharashtra,Mumbai,Irrigation,346.27,482,Paid,No,Possession,In Progress,18.9,Medium,89.9374799424046,10.0,108,On-Time,On-Time,On-Time,On-Time,Delayed
LA-1910,Gujarat,Vadodara,Metro,38.02,30,Partially Paid,Yes,Compensation,Pending,73.1,Medium,82.01468575868441,33.6,239,On-Time,Delayed,Delayed,On-Time,Delayed
LA-1911,Madhya Pradesh,Gwalior,Airport,251.85,444,Partially Paid,No,Notification,Not Started,28.9,Low,51.074032826392674,22.3,240,On-Time,Delayed,Delayed,Delayed,Delayed
LA-1912,Maharashtra,Pune,Railway,74.15,31,Paid,No,Notification,Not Started,30.7,Low,69.95007427505223,36.2,204,On-Time,Delayed,On-Time,On-Time,On-Time
LA-1913,Madhya Pradesh,Bhopal,Highway,30.05,98,Paid,No,Compensation,In Progress,70.1,Medium,74.05241301596148,50.4,228,On-Time,On-Time,On-Time,On-Time,On-Time
LA-1914,Gujarat,Vadodara,Industrial Corridor,137.29,225,Paid,No,Possession,Pending,35.4,High,44.83543990663583,25.7,206,Delayed,Delayed,On-Time,On-Time,On-Time
LA-1915,Madhya Pradesh,Indore,Power Project,26.72,87,Paid,No,Compensation,Pending,71.8,High,47.414204513219644,14.6,216,On-Time,Delayed,On-Time,On-Time,Delayed
LA-1916,Gujarat,Ahmedabad,Highway,69.56,167,Paid,No,Approval,Not Started,85.0,Low,76.15097350467315,17.7,175,On-Time,Delayed,Delayed,On-Time,On-Time
LA-1917,Maharashtra,Pune,Power Project,63.32,82,Pending,No,Notification,Not Started,81.0,High,77.34032444359444,19.1,131,On-Time,On-Time,On-Time,On-Time,Delayed
LA-1918,West Bengal,Kolkata,Industrial Corridor,84.66,186,Paid,Yes,Compensation,In Progress,89.3,High,95.0,17.4,146,On-Time,On-Time,On-Time,Delayed,On-Time
LA-1919,Tamil Nadu,Coimbatore,Metro,25.72,127,Paid,No,Compensation,In Progress,37.1,High,61.09420101331217,27.5,171,On-Time,On-Time,On-Time,On-Time,On-Time
LA-1920,Uttar Pradesh,Prayagraj,Highway,20.82,31,Partially Paid,No,Notification,Not Started,67.0,Medium,39.75582000491967,21.9,259,On-Time,Delayed,On-Time,On-Time,On-Time
LA-1921,Bihar,Patna,Airport,136.01,280,Pending,No,Notification,Not Started,79.4,Medium,62.73301132851516,10.3,181,Delayed,On-Time,Delayed,On-Time,On-Time
LA-1922,Rajasthan,Udaipur,Railway,173.21,211,Paid,No,Approval,Not Started,44.4,High,77.6518984446293,7.6,97,On-Time,On-Time,Delayed,On-Time,On-Time
LA-1923,Bihar,Gaya,Airport,181.35,359,Paid,No,Compensation,In Progress,79.1,High,59.53851920172592,19.9,141,On-Time,On-Time,On-Time,On-Time,On-Time
LA-1924,Tamil Nadu,Madurai,Railway,18.56,76,Paid,Yes,Compensation,In Progress,82.0,Medium,66.52618687583478,2.5,229,On-Time,On-Time,On-Time,Delayed,Delayed
LA-1925,Gujarat,Rajkot,Irrigation,47.99,5,Paid,Yes,Possession,In Progress,60.4,Low,55.368533472680205,41.9,351,Delayed,Delayed,On-Time,Delayed,Delayed
LA-1926,Delhi,New Delhi,Power Project,312.08,285,Paid,Yes,Compensation,Pending,76.7,High,82.89642733724877,13.1,205,On-Time,On-Time,Delayed,On-Time,On-Time
LA-1927,Maharashtra,Pune,Highway,39.64,67,Paid,No,Notification,Not Started,68.1,High,76.16923373529596,55.7,176,On-Time,On-Time,On-Time,On-Time,On-Time
LA-1928,Rajasthan,Kota,Highway,18.13,135,Paid,No,Compensation,Pending,39.0,Medium,52.69888192487141,46.6,239,Delayed,Delayed,On-Time,On-Time,Delayed
LA-1929,Madhya Pradesh,Gwalior,Irrigation,54.62,90,Pending,No,Possession,In Progress,22.9,Low,57.17111631720689,47.3,319,On-Time,On-Time,Delayed,Delayed,Delayed
LA-1930,Maharashtra,Aurangabad,Railway,10.13,43,Paid,No,Possession,In Progress,67.1,Medium,54.807620932517466,14.9,202,On-Time,On-Time,Delayed,On-Time,Delayed
LA-1931,Uttar Pradesh,Lucknow,Metro,15.58,55,Paid,No,Possession,In Progress,82.8,Medium,37.10567669298232,8.0,247,Delayed,On-Time,On-Time,On-Time,Delayed
LA-1932,Bihar,Bhagalpur,Industrial Corridor,51.36,62,Pending,No,Approval,Not Started,48.5,Low,53.57025046810744,26.9,228,On-Time,Delayed,Delayed,Delayed,Delayed
LA-1933,West Bengal,Kolkata,Airport,52.89,66,Partially Paid,Yes,Possession,In Progress,19.7,High,38.40705463357094,31.3,312,Delayed,Delayed,Delayed,On-Time,Delayed
LA-1934,Rajasthan,Udaipur,Irrigation,14.43,80,Paid,No,Possession,In Progress,57.1,High,79.00369432752217,7.7,128,On-Time,On-Time,On-Time,On-Time,On-Time
LA-1935,Uttar Pradesh,Varanasi,Power Project,180.22,235,Paid,No,Compensation,Pending,56.1,Medium,80.19312697483292,60.0,221,Delayed,On-Time,On-Time,Delayed,Delayed
LA-1936,Maharashtra,Pune,Irrigation,58.33,138,Pending,No,Approval,Not Started,73.9,Low,60.51816090241101,10.4,180,On-Time,On-Time,On-Time,Delayed,Delayed
LA-1937,Delhi,South Delhi,Airport,61.53,93,Paid,No,Possession,Completed,52.8,Medium,68.07043788705161,14.7,158,On-Time,Delayed,On-Time,On-Time,On-Time
LA-1938,Bihar,Patna,Airport,58.47,190,Partially Paid,No,Compensation,In Progress,94.8,Low,81.0649949118743,32.8,214,On-Time,Delayed,On-Time,Delayed,On-Time
LA-1939,Uttar Pradesh,Agra,Power Project,78.69,125,Pending,No,Notification,Not Started,36.8,Medium,76.7567306113763,30.8,151,On-Time,On-Time,Delayed,On-Time,On-Time
LA-1940,Madhya Pradesh,Bhopal,Power Project,246.11,454,Paid,No,Notification,Not Started,80.6,Medium,95.0,17.2,176,On-Time,On-Time,On-Time,On-Time,On-Time
LA-1941,Maharashtra,Mumbai,Highway,118.8,187,Partially Paid,No,Compensation,Pending,64.9,High,68.89118691106636,16.6,170,On-Time,On-Time,On-Time,Delayed,Delayed
LA-1942,Madhya Pradesh,Gwalior,Airport,83.55,180,Pending,Yes,Approval,Not Started,92.6,High,86.78953000215053,16.1,155,Delayed,Delayed,Delayed,Delayed,On-Time
LA-1943,Karnataka,Mangaluru,Industrial Corridor,32.03,48,Partially Paid,No,Notification,Not Started,80.8,Medium,66.4267995347839,41.6,225,On-Time,On-Time,On-Time,On-Time,On-Time
LA-1944,Tamil Nadu,Salem,Industrial Corridor,41.3,86,Paid,No,Compensation,Pending,81.7,High,63.20752312769058,26.1,174,On-Time,Delayed,Delayed,On-Time,On-Time
LA-1945,Uttar Pradesh,Kanpur,Railway,60.58,133,Pending,No,Possession,Completed,63.3,High,75.18026097226299,12.5,150,On-Time,Delayed,Delayed,On-Time,On-Time
LA-1946,Delhi,South Delhi,Irrigation,57.57,155,Partially Paid,No,Compensation,In Progress,91.7,Low,73.2822981975985,20.3,154,On-Time,On-Time,On-Time,Delayed,Delayed
LA-1947,Uttar Pradesh,Lucknow,Power Project,115.69,143,Partially Paid,No,Approval,Not Started,66.1,Low,55.881174111222215,37.2,267,On-Time,On-Time,On-Time,On-Time,On-Time
LA-1948,Bihar,Muzaffarpur,Highway,16.39,52,Partially Paid,No,Compensation,In Progress,30.1,High,52.63953326111896,14.7,153,On-Time,On-Time,On-Time,On-Time,On-Time
LA-1949,Bihar,Bhagalpur,Industrial Corridor,143.27,160,Paid,No,Notification,Not Started,81.7,Medium,66.12163367875218,28.7,210,On-Time,On-Time,On-Time,On-Time,On-Time
LA-1950,Madhya Pradesh,Indore,Metro,66.86,125,Paid,No,Approval,Not Started,44.5,High,36.6489388930201,14.4,187,Delayed,On-Time,On-Time,Delayed,On-Time
LA-1951,Madhya Pradesh,Jabalpur,Highway,26.71,131,Paid,No,Approval,Pending,62.9,High,60.387044319323145,8.6,180,On-Time,On-Time,On-Time,On-Time,On-Time
LA-1952,Karnataka,Hubballi,Highway,84.74,203,Paid,No,Possession,Pending,94.7,Medium,50.26492218569409,16.4,220,Delayed,Delayed,On-Time,On-Time,On-Time
LA-1953,Uttar Pradesh,Varanasi,Industrial Corridor,66.47,140,Paid,No,Approval,Not Started,40.3,Medium,56.35480607399373,25.5,179,On-Time,On-Time,On-Time,On-Time,On-Time
LA-1954,Bihar,Muzaffarpur,Metro,44.07,115,Paid,Yes,Notification,Not Started,30.7,High,53.31901026110444,60.0,267,On-Time,Delayed,On-Time,Delayed,On-Time
LA-1955,Gujarat,Ahmedabad,Railway,56.21,134,Paid,No,Approval,Pending,79.2,High,76.5186345105742,21.4,149,On-Time,On-Time,On-Time,On-Time,On-Time
LA-1956,Gujarat,Rajkot,Industrial Corridor,157.25,326,Pending,No,Compensation,In Progress,37.5,High,71.70019442076008,18.4,130,On-Time,On-Time,On-Time,Delayed,On-Time
LA-1957,Rajasthan,Jodhpur,Metro,237.04,351,Pending,No,Possession,Completed,84.1,Low,65.79428787065065,13.8,221,Delayed,On-Time,On-Time,On-Time,On-Time
LA-1958,Delhi,New Delhi,Highway,85.9,132,Partially Paid,Yes,Possession,Pending,21.5,Medium,59.24935438558894,24.7,270,On-Time,On-Time,Delayed,On-Time,On-Time
LA-1959,Uttar Pradesh,Prayagraj,Metro,147.86,272,Paid,No,Notification,Not Started,30.3,High,80.5204751371705,19.7,153,On-Time,On-Time,On-Time,On-Time,On-Time
LA-1960,Karnataka,Bengaluru,Highway,128.28,206,Paid,No,Notification,Not Started,67.4,High,78.50972896270144,16.7,148,On-Time,On-Time,On-Time,On-Time,On-Time
LA-1961,Uttar Pradesh,Lucknow,Irrigation,156.91,243,Paid,No,Notification,Not Started,54.0,Medium,63.33288012207273,12.9,191,Delayed,On-Time,On-Time,On-Time,Delayed
LA-1962,Madhya Pradesh,Bhopal,Industrial Corridor,73.47,76,Partially Paid,No,Possession,In Progress,37.1,Medium,85.32120118477759,3.1,106,On-Time,Delayed,On-Time,On-Time,On-Time
LA-1963,Maharashtra,Nagpur,Power Project,135.04,274,Pending,No,Notification,Not Started,52.6,Low,62.156852785624885,28.3,226,On-Time,On-Time,Delayed,On-Time,On-Time
LA-1964,Gujarat,Ahmedabad,Industrial Corridor,107.48,97,Paid,Yes,Notification,Not Started,55.5,High,68.07053786356877,16.4,218,On-Time,On-Time,On-Time,On-Time,Delayed
LA-1965,Maharashtra,Mumbai,Irrigation,44.4,112,Partially Paid,No,Compensation,Pending,71.3,Low,56.38672069689664,7.9,198,On-Time,Delayed,On-Time,On-Time,On-Time
LA-1966,Gujarat,Rajkot,Airport,135.74,318,Partially Paid,Yes,Approval,Not Started,86.2,High,59.10184650826216,18.1,257,On-Time,Delayed,Delayed,Delayed,Delayed
LA-1967,Karnataka,Mysuru,Airport,49.3,106,Partially Paid,Yes,Notification,Not Started,32.0,High,55.59475212925484,16.5,242,On-Time,On-Time,On-Time,Delayed,Delayed
LA-1968,Maharashtra,Nashik,Airport,220.61,316,Paid,Yes,Approval,Not Started,42.5,High,75.31387784973802,2.7,185,Delayed,On-Time,On-Time,On-Time,On-Time
LA-1969,Madhya Pradesh,Jabalpur,Industrial Corridor,42.5,128,Partially Paid,No,Approval,Not Started,68.0,Medium,70.64329245683379,6.2,148,On-Time,On-Time,On-Time,On-Time,On-Time
LA-1970,Rajasthan,Kota,Railway,54.29,158,Partially Paid,Yes,Compensation,Pending,45.1,Low,49.208919279931294,6.6,306,On-Time,Delayed,Delayed,On-Time,Delayed
LA-1971,Karnataka,Mangaluru,Industrial Corridor,40.58,44,Paid,Yes,Possession,Completed,76.8,Medium,73.49673575636528,59.4,311,Delayed,Delayed,Delayed,On-Time,Delayed
LA-1972,West Bengal,Kolkata,Irrigation,236.86,386,Paid,Yes,Notification,Not Started,37.6,Medium,91.8942658432313,27.1,211,On-Time,Delayed,On-Time,Delayed,Delayed
LA-1973,Karnataka,Bengaluru,Irrigation,219.32,479,Paid,No,Approval,Not Started,67.5,High,55.09885949834913,12.9,164,On-Time,On-Time,On-Time,On-Time,On-Time
LA-1974,Uttar Pradesh,Kanpur,Power Project,85.54,127,Paid,No,Possession,Completed,42.1,High,54.241121561299224,17.1,168,Delayed,Delayed,On-Time,On-Time,On-Time
LA-1975,Delhi,North Delhi,Metro,49.04,71,Paid,No,Possession,Pending,50.3,Medium,65.1210032278938,20.0,180,On-Time,On-Time,On-Time,On-Time,On-Time
LA-1976,Maharashtra,Nashik,Industrial Corridor,99.0,126,Paid,No,Approval,Not Started,38.7,Medium,85.67352140004547,34.3,171,On-Time,On-Time,On-Time,On-Time,On-Time
LA-1977,Madhya Pradesh,Bhopal,Industrial Corridor,42.26,35,Paid,Yes,Compensation,Pending,61.0,Medium,58.4253158534079,40.6,258,On-Time,On-Time,On-Time,Delayed,On-Time
LA-1978,Delhi,North Delhi,Highway,61.16,142,Paid,No,Notification,Not Started,48.7,High,92.62776398922955,48.2,175,On-Time,On-Time,On-Time,On-Time,On-Time
LA-1979,Rajasthan,Kota,Irrigation,121.88,259,Paid,Yes,Compensation,In Progress,43.4,High,49.144120425063136,7.2,263,Delayed,Delayed,Delayed,On-Time,Delayed
LA-1980,Madhya Pradesh,Jabalpur,Highway,61.77,192,Partially Paid,No,Possession,Pending,87.6,High,67.82072849515131,17.6,154,On-Time,On-Time,On-Time,On-Time,On-Time
LA-1981,Maharashtra,Nagpur,Highway,83.59,184,Pending,No,Compensation,Pending,16.6,Low,39.481098957007106,14.4,279,On-Time,On-Time,Delayed,On-Time,Delayed
LA-1982,Tamil Nadu,Chennai,Industrial Corridor,124.31,179,Paid,No,Compensation,In Progress,66.8,Medium,50.957795743054774,8.4,174,On-Time,On-Time,On-Time,On-Time,On-Time
LA-1983,Uttar Pradesh,Agra,Railway,126.22,127,Paid,No,Notification,Not Started,74.9,High,61.798986081522834,50.2,177,On-Time,Delayed,On-Time,On-Time,Delayed
LA-1984,Delhi,North Delhi,Metro,55.53,109,Pending,No,Compensation,Pending,70.1,High,69.05291181918972,44.4,151,On-Time,Delayed,On-Time,Delayed,On-Time
LA-1985,Karnataka,Mangaluru,Metro,47.46,72,Partially Paid,Yes,Compensation,In Progress,66.1,High,83.61097965910514,34.9,229,On-Time,On-Time,On-Time,On-Time,Delayed
LA-1986,Rajasthan,Jaipur,Irrigation,125.95,227,Paid,Yes,Compensation,Pending,70.4,Medium,54.51006034447039,46.0,328,Delayed,Delayed,Delayed,On-Time,Delayed
LA-1987,Karnataka,Mysuru,Power Project,77.0,197,Partially Paid,No,Notification,Not Started,71.5,Medium,71.30965866867034,14.7,177,On-Time,On-Time,Delayed,On-Time,On-Time
LA-1988,Gujarat,Rajkot,Irrigation,137.64,251,Paid,Yes,Compensation,In Progress,78.3,Low,44.91339376364874,25.0,361,On-Time,Delayed,Delayed,Delayed,Delayed
LA-1989,Maharashtra,Mumbai,Railway,46.89,16,Partially Paid,No,Compensation,Pending,83.5,Medium,80.14780241118564,45.6,151,On-Time,On-Time,Delayed,On-Time,Delayed
LA-1990,Tamil Nadu,Coimbatore,Railway,60.21,153,Pending,No,Approval,Not Started,56.6,High,84.6557345242916,37.1,122,On-Time,On-Time,Delayed,Delayed,On-Time
LA-1991,Tamil Nadu,Coimbatore,Metro,143.97,270,Paid,No,Approval,Pending,88.0,Medium,80.56287263593185,40.3,176,On-Time,On-Time,On-Time,On-Time,On-Time
LA-1992,Karnataka,Mangaluru,Airport,57.07,37,Pending,No,Approval,Pending,51.2,Medium,80.54096645599273,30.4,188,Delayed,On-Time,On-Time,On-Time,On-Time
LA-1993,Maharashtra,Nagpur,Highway,5.0,5,Paid,Yes,Compensation,In Progress,56.4,High,63.62924664005151,25.7,249,Delayed,On-Time,On-Time,On-Time,Delayed
LA-1994,Madhya Pradesh,Indore,Highway,136.03,175,Partially Paid,Yes,Compensation,In Progress,52.5,Low,69.15068187041688,15.2,332,On-Time,On-Time,On-Time,Delayed,Delayed
LA-1995,Gujarat,Vadodara,Metro,104.08,207,Paid,Yes,Possession,In Progress,36.5,Low,63.545300001582945,41.6,308,Delayed,Delayed,On-Time,Delayed,Delayed
LA-1996,Uttar Pradesh,Kanpur,Irrigation,57.03,146,Pending,No,Approval,Not Started,37.1,Medium,64.31736989944609,48.6,245,On-Time,Delayed,On-Time,Delayed,On-Time
LA-1997,Bihar,Bhagalpur,Railway,239.61,468,Paid,No,Possession,In Progress,76.9,Medium,53.845053524756054,13.2,221,On-Time,Delayed,On-Time,On-Time,Delayed
LA-1998,Uttar Pradesh,Lucknow,Irrigation,33.56,47,Partially Paid,No,Compensation,In Progress,77.6,Medium,69.2250285476416,20.2,211,On-Time,On-Time,On-Time,On-Time,On-Time
LA-1999,West Bengal,Durgapur,Power Project,85.21,137,Pending,No,Approval,Not Started,44.7,Medium,71.26700506159433,5.8,152,On-Time,On-Time,On-Time,On-Time,On-Time
LA-2000,Gujarat,Vadodara,Airport,75.98,122,Paid,No,Notification,Not Started,78.3,High,79.77946503046601,13.1,94,On-Time,On-Time,On-Time,Delayed,On-Time
LA-2001,Uttar Pradesh,Prayagraj,Metro,16.92,59,Paid,No,Approval,Not Started,34.0,High,70.88176873331281,34.7,183,Delayed,On-Time,On-Time,On-Time,On-Time
LA-2002,Rajasthan,Kota,Highway,67.56,44,Paid,Yes,Possession,In Progress,78.1,High,78.21618989379486,54.5,266,Delayed,On-Time,Delayed,On-Time,On-Time
LA-2003,Bihar,Patna,Industrial Corridor,176.45,243,Partially Paid,No,Approval,Pending,71.3,Medium,53.83587935188898,27.2,235,On-Time,On-Time,On-Time,On-Time,On-Time
LA-2004,Karnataka,Mysuru,Irrigation,69.54,175,Pending,Yes,Approval,Pending,89.2,High,86.3515688516635,26.5,229,Delayed,On-Time,Delayed,Delayed,Delayed
LA-2005,Tamil Nadu,Salem,Railway,65.94,72,Paid,No,Notification,Not Started,75.8,Medium,61.38120321926886,60.0,252,On-Time,On-Time,On-Time,Delayed,On-Time
LA-2006,Karnataka,Bengaluru,Industrial Corridor,191.11,205,Partially Paid,Yes,Possession,In Progress,52.8,Medium,34.26868957329333,25.9,315,Delayed,Delayed,Delayed,Delayed,Delayed
LA-2007,Karnataka,Hubballi,Power Project,27.19,153,Paid,No,Approval,Not Started,70.3,High,59.15764844374044,29.4,197,On-Time,Delayed,On-Time,On-Time,On-Time
LA-2008,Bihar,Patna,Metro,162.45,191,Paid,No,Approval,Not Started,21.7,Medium,73.65020520866399,46.2,218,On-Time,On-Time,On-Time,On-Time,On-Time
LA-2009,Maharashtra,Aurangabad,Irrigation,13.56,110,Paid,Yes,Approval,Pending,61.0,High,66.23306504470558,23.5,231,On-Time,Delayed,On-Time,On-Time,On-Time
LA-2010,Rajasthan,Jodhpur,Highway,162.65,305,Partially Paid,No,Approval,Not Started,50.4,High,35.869816302009134,40.4,229,On-Time,On-Time,On-Time,On-Time,On-Time
LA-2011,Uttar Pradesh,Varanasi,Irrigation,25.85,5,Pending,Yes,Approval,Not Started,79.3,High,68.2273463133733,32.8,255,On-Time,Delayed,On-Time,On-Time,Delayed
LA-2012,West Bengal,Durgapur,Airport,42.77,55,Pending,No,Compensation,In Progress,55.8,Low,66.9009722845685,10.9,220,On-Time,On-Time,On-Time,Delayed,Delayed
LA-2013,West Bengal,Durgapur,Industrial Corridor,28.16,28,Paid,No,Possession,In Progress,72.6,Medium,50.4284910811635,1.7,160,On-Time,On-Time,On-Time,On-Time,On-Time
LA-2014,Delhi,North Delhi,Airport,134.04,193,Partially Paid,No,Possession,In Progress,67.8,High,73.46771663741106,7.5,125,On-Time,On-Time,Delayed,On-Time,On-Time
LA-2015,Karnataka,Mangaluru,Power Project,85.11,123,Paid,No,Possession,In Progress,63.8,Low,62.992559724792606,23.3,241,On-Time,Delayed,On-Time,Delayed,On-Time
LA-2016,West Bengal,Kolkata,Highway,140.79,306,Paid,No,Notification,Not Started,95.5,Medium,35.73377650559565,44.6,321,On-Time,Delayed,On-Time,On-Time,Delayed
LA-2017,Uttar Pradesh,Prayagraj,Industrial Corridor,93.85,134,Paid,No,Possession,In Progress,71.5,High,75.42612662091568,20.7,142,On-Time,On-Time,On-Time,On-Time,On-Time
LA-2018,Madhya Pradesh,Gwalior,Power Project,60.25,90,Paid,No,Notification,Not Started,68.1,High,67.62226024871833,20.6,187,Delayed,On-Time,On-Time,On-Time,On-Time
LA-2019,Bihar,Gaya,Airport,125.66,246,Partially Paid,No,Notification,Not Started,22.3,High,87.70338816488442,17.4,127,On-Time,Delayed,On-Time,On-Time,On-Time
LA-2020,Delhi,North Delhi,Airport,98.95,171,Paid,No,Possession,Completed,34.0,Medium,52.02581038288105,15.2,226,On-Time,On-Time,Delayed,On-Time,Delayed
LA-2021,Karnataka,Bengaluru,Industrial Corridor,91.82,224,Pending,Yes,Possession,In Progress,55.0,Medium,61.504360054671,60.0,316,Delayed,Delayed,Delayed,Delayed,Delayed
LA-2022,Maharashtra,Nashik,Highway,57.82,19,Paid,No,Compensation,Pending,44.6,High,80.98990153948544,25.5,186,On-Time,Delayed,On-Time,Delayed,On-Time
LA-2023,West Bengal,Siliguri,Airport,82.15,113,Paid,Yes,Possession,In Progress,67.8,High,51.26568642320545,15.0,256,Delayed,On-Time,On-Time,On-Time,On-Time
LA-2024,West Bengal,Kolkata,Metro,67.36,79,Paid,No,Possession,In Progress,38.9,High,80.46124124528853,25.0,141,On-Time,On-Time,On-Time,On-Time,On-Time
LA-2025,West Bengal,Kolkata,Power Project,62.62,157,Paid,No,Compensation,In Progress,62.4,High,80.85244413798071,26.8,139,On-Time,Delayed,On-Time,On-Time,On-Time
LA-2026,Rajasthan,Jodhpur,Industrial Corridor,91.05,167,Pending,Yes,Compensation,Pending,66.6,Medium,69.70670559741671,11.2,267,On-Time,On-Time,Delayed,Delayed,Delayed
LA-2027,Bihar,Bhagalpur,Railway,330.45,405,Paid,No,Possession,In Progress,72.4,High,62.52306778748642,50.9,250,On-Time,Delayed,On-Time,On-Time,On-Time
LA-2028,Bihar,Patna,Railway,47.14,129,Pending,No,Approval,Not Started,78.9,Medium,55.290697813502426,17.2,218,On-Time,Delayed,Delayed,Delayed,On-Time
LA-2029,Maharashtra,Mumbai,Highway,239.0,417,Paid,No,Notification,Not Started,31.9,Low,54.18375924931098,50.0,279,Delayed,Delayed,Delayed,Delayed,Delayed
LA-2030,Tamil Nadu,Madurai,Metro,130.95,245,Paid,Yes,Possession,Pending,58.5,High,69.66246086020845,15.6,253,Delayed,Delayed,On-Time,On-Time,On-Time
LA-2031,Delhi,New Delhi,Airport,70.38,131,Paid,No,Approval,Not Started,43.7,High,25.0,13.1,204,On-Time,Delayed,On-Time,On-Time,On-Time
LA-2032,Madhya Pradesh,Bhopal,Railway,32.04,97,Pending,No,Notification,Not Started,52.6,High,56.64415305663077,59.3,222,Delayed,On-Time,Delayed,On-Time,On-Time
LA-2033,Maharashtra,Pune,Highway,21.72,12,Paid,Yes,Approval,Pending,66.1,Medium,54.57553884917868,51.8,306,Delayed,On-Time,Delayed,On-Time,On-Time
LA-2034,Uttar Pradesh,Agra,Power Project,56.87,114,Pending,No,Approval,Not Started,91.9,Medium,50.179366066235616,17.0,208,On-Time,On-Time,On-Time,Delayed,Delayed
LA-2035,Delhi,South Delhi,Metro,80.29,92,Paid,No,Possession,Completed,44.7,Medium,67.78566185623842,15.2,197,On-Time,On-Time,On-Time,On-Time,On-Time
LA-2036,Karnataka,Bengaluru,Metro,172.72,319,Paid,No,Compensation,Pending,74.6,Medium,42.95315761047277,33.0,249,On-Time,Delayed,On-Time,Delayed,Delayed
LA-2037,Maharashtra,Nagpur,Irrigation,155.98,263,Partially Paid,No,Compensation,In Progress,75.9,High,83.04308541840075,9.1,109,On-Time,On-Time,On-Time,Delayed,On-Time
LA-2038,Karnataka,Mysuru,Highway,67.74,192,Paid,No,Possession,Pending,73.6,High,78.70370864321545,29.1,154,On-Time,Delayed,On-Time,On-Time,Delayed
LA-2039,Delhi,South Delhi,Highway,56.91,86,Paid,No,Possession,In Progress,6.0,High,85.39322249737182,46.8,155,On-Time,On-Time,On-Time,On-Time,On-Time
LA-2040,Maharashtra,Nagpur,Irrigation,67.97,177,Pending,No,Compensation,In Progress,63.6,Medium,57.09160834093058,17.6,180,On-Time,On-Time,Delayed,On-Time,Delayed
LA-2041,Rajasthan,Jaipur,Airport,83.78,219,Paid,No,Possession,In Progress,26.5,High,68.11699674136514,47.9,163,On-Time,On-Time,On-Time,On-Time,On-Time
LA-2042,Tamil Nadu,Madurai,Highway,45.76,132,Partially Paid,No,Approval,Pending,96.8,Medium,77.34756515837825,43.5,227,On-Time,On-Time,On-Time,On-Time,On-Time
LA-2043,Maharashtra,Aurangabad,Irrigation,92.84,117,Paid,No,Approval,Not Started,79.9,Medium,63.037908368517144,30.2,197,On-Time,Delayed,Delayed,On-Time,On-Time
LA-2044,Madhya Pradesh,Bhopal,Airport,87.26,157,Paid,No,Approval,Not Started,85.4,High,56.50092569083724,60.0,223,On-Time,Delayed,On-Time,On-Time,On-Time
LA-2045,Bihar,Bhagalpur,Airport,88.82,73,Paid,Yes,Compensation,In Progress,68.6,Medium,66.79518574798921,9.2,215,On-Time,On-Time,Delayed,On-Time,Delayed
LA-2046,Madhya Pradesh,Bhopal,Industrial Corridor,209.42,359,Partially Paid,No,Compensation,In Progress,38.3,Low,61.924647998429016,9.3,207,On-Time,On-Time,Delayed,On-Time,Delayed
LA-2047,Maharashtra,Aurangabad,Metro,196.3,250,Pending,No,Compensation,Pending,36.0,High,48.93977586209927,47.3,244,Delayed,Delayed,On-Time,On-Time,Delayed
LA-2048,Delhi,South Delhi,Power Project,113.9,222,Partially Paid,Yes,Compensation,Pending,34.5,High,29.294296637797935,9.1,283,Delayed,Delayed,Delayed,Delayed,On-Time
LA-2049,Bihar,Gaya,Metro,105.65,125,Pending,Yes,Notification,Not Started,91.1,High,51.14661018977753,20.3,270,On-Time,Delayed,Delayed,On-Time,Delayed
LA-2050,Delhi,North Delhi,Metro,311.27,498,Paid,No,Notification,Not Started,47.1,Medium,29.605825975012856,24.8,228,On-Time,On-Time,On-Time,Delayed,On-Time
LA-2051,Bihar,Gaya,Industrial Corridor,5.0,58,Paid,No,Compensation,Pending,53.1,High,51.950165287154064,46.0,229,On-Time,On-Time,On-Time,On-Time,On-Time
LA-2052,Rajasthan,Kota,Airport,159.83,159,Paid,No,Notification,Not Started,50.0,Low,86.28593768588723,23.4,174,On-Time,On-Time,On-Time,On-Time,On-Time
LA-2053,West Bengal,Kolkata,Airport,361.08,448,Pending,Yes,Compensation,In Progress,43.9,Medium,37.27225670219411,7.9,274,Delayed,Delayed,Delayed,Delayed,On-Time
LA-2054,Tamil Nadu,Coimbatore,Highway,65.19,117,Pending,Yes,Compensation,Pending,69.9,Low,71.73349679221296,32.9,269,On-Time,Delayed,Delayed,Delayed,Delayed
LA-2055,West Bengal,Durgapur,Industrial Corridor,105.11,149,Paid,No,Compensation,Pending,82.1,High,83.34033768144009,34.7,128,On-Time,Delayed,On-Time,On-Time,On-Time
LA-2056,Gujarat,Ahmedabad,Highway,80.6,162,Paid,No,Approval,Not Started,54.6,Low,41.40996727987549,22.8,247,On-Time,Delayed,On-Time,On-Time,Delayed
LA-2057,Tamil Nadu,Salem,Industrial Corridor,100.54,137,Partially Paid,No,Compensation,In Progress,59.5,High,91.91493806087537,18.0,110,On-Time,On-Time,On-Time,Delayed,On-Time
LA-2058,Gujarat,Surat,Highway,166.14,321,Pending,No,Possession,In Progress,19.1,High,63.85294067228806,41.7,204,Delayed,On-Time,Delayed,Delayed,Delayed
LA-2059,Rajasthan,Jaipur,Railway,226.03,244,Pending,No,Possession,Pending,60.1,Low,85.37229036722503,29.0,196,Delayed,On-Time,On-Time,Delayed,Delayed
LA-2060,Madhya Pradesh,Indore,Irrigation,69.92,147,Paid,Yes,Possession,In Progress,71.8,High,69.06263167243848,21.3,236,Delayed,On-Time,On-Time,Delayed,Delayed
LA-2061,Bihar,Gaya,Metro,149.09,205,Partially Paid,No,Compensation,In Progress,91.1,Low,58.090202929584436,45.8,241,On-Time,Delayed,On-Time,On-Time,Delayed
LA-2062,West Bengal,Howrah,Metro,162.05,188,Pending,Yes,Notification,Not Started,74.5,Medium,25.0,21.1,357,Delayed,On-Time,Delayed,On-Time,Delayed
LA-2063,Tamil Nadu,Chennai,Power Project,66.69,69,Paid,Yes,Compensation,Pending,87.9,Low,48.2779626987928,22.6,346,Delayed,Delayed,On-Time,Delayed,Delayed
LA-2064,Gujarat,Vadodara,Irrigation,107.61,204,Partially Paid,No,Possession,In Progress,73.8,Medium,75.19625288664355,13.0,165,On-Time,On-Time,On-Time,Delayed,Delayed
LA-2065,Gujarat,Ahmedabad,Airport,115.28,191,Paid,No,Approval,Not Started,88.4,Medium,88.05924946042926,43.4,177,On-Time,On-Time,On-Time,On-Time,On-Time
LA-2066,Karnataka,Mysuru,Power Project,18.36,43,Paid,No,Approval,Pending,81.9,High,43.93020624079926,20.6,188,Delayed,On-Time,On-Time,On-Time,On-Time
LA-2067,Maharashtra,Aurangabad,Railway,123.06,241,Pending,No,Notification,Not Started,63.9,Medium,64.10500253274513,15.7,192,On-Time,Delayed,Delayed,Delayed,Delayed
LA-2068,Uttar Pradesh,Lucknow,Power Project,12.81,5,Pending,No,Compensation,Pending,72.1,Medium,58.31010413084853,36.6,221,On-Time,On-Time,Delayed,On-Time,On-Time
LA-2069,Gujarat,Rajkot,Metro,140.75,250,Paid,No,Approval,Pending,58.2,Medium,71.26723472758928,12.2,184,Delayed,On-Time,On-Time,On-Time,On-Time
LA-2070,Maharashtra,Nagpur,Airport,105.85,116,Paid,No,Notification,Not Started,28.1,High,66.32552029631407,24.3,169,On-Time,Delayed,On-Time,On-Time,On-Time
LA-2071,Maharashtra,Nashik,Railway,167.2,225,Partially Paid,No,Possession,Completed,70.8,High,59.42479491992781,23.4,173,On-Time,On-Time,Delayed,On-Time,On-Time
LA-2072,Maharashtra,Mumbai,Metro,5.0,51,Paid,No,Compensation,In Progress,29.3,High,74.58662488247226,43.5,169,On-Time,On-Time,On-Time,On-Time,On-Time
LA-2073,Delhi,North Delhi,Irrigation,171.23,364,Paid,No,Approval,Not Started,58.7,High,54.62704386367523,21.6,180,Delayed,Delayed,On-Time,On-Time,Delayed
LA-2074,Delhi,South Delhi,Highway,160.19,188,Paid,No,Approval,Not Started,56.9,High,65.16860350791544,41.0,188,On-Time,On-Time,On-Time,Delayed,On-Time
LA-2075,West Bengal,Kolkata,Industrial Corridor,241.48,367,Partially Paid,No,Approval,Not Started,81.2,Low,76.5515986753003,27.8,207,On-Time,On-Time,On-Time,On-Time,Delayed
LA-2076,Gujarat,Vadodara,Railway,20.12,19,Paid,No,Compensation,In Progress,40.7,High,54.10446780919303,18.5,154,On-Time,On-Time,On-Time,Delayed,On-Time
LA-2077,Gujarat,Rajkot,Airport,131.96,185,Partially Paid,No,Approval,Pending,51.9,High,59.61567440976186,60.0,236,On-Time,On-Time,On-Time,Delayed,Delayed
LA-2078,Karnataka,Mangaluru,Power Project,12.47,43,Paid,No,Compensation,In Progress,51.8,Low,56.629712367623426,24.0,246,Delayed,Delayed,On-Time,On-Time,Delayed
LA-2079,Uttar Pradesh,Lucknow,Irrigation,127.51,105,Pending,Yes,Possession,In Progress,68.3,High,71.78254064837381,42.1,231,Delayed,Delayed,Delayed,Delayed,Delayed
LA-2080,West Bengal,Kolkata,Power Project,179.08,353,Pending,No,Compensation,In Progress,51.0,Medium,70.24336481276285,19.3,183,On-Time,Delayed,On-Time,On-Time,On-Time
LA-2081,Tamil Nadu,Salem,Railway,44.93,52,Partially Paid,No,Approval,Not Started,34.2,Medium,57.22783218928431,2.3,179,On-Time,On-Time,On-Time,On-Time,Delayed
LA-2082,Uttar Pradesh,Lucknow,Irrigation,69.01,86,Paid,No,Compensation,Pending,88.2,Medium,70.11309120817684,30.2,178,On-Time,On-Time,On-Time,On-Time,On-Time
LA-2083,Gujarat,Surat,Airport,85.76,141,Paid,Yes,Possession,In Progress,70.0,Medium,25.0,6.4,337,On-Time,Delayed,On-Time,Delayed,Delayed
LA-2084,Bihar,Muzaffarpur,Railway,21.12,82,Partially Paid,No,Notification,Not Started,64.4,Medium,77.5290861186297,20.4,192,On-Time,On-Time,On-Time,On-Time,Delayed
LA-2085,West Bengal,Kolkata,Airport,121.37,59,Pending,Yes,Notification,Not Started,47.2,High,78.4355194977685,21.0,198,On-Time,On-Time,On-Time,Delayed,Delayed
LA-2086,Rajasthan,Udaipur,Power Project,13.42,21,Paid,No,Compensation,In Progress,63.6,Medium,57.4042823010518,5.1,185,On-Time,On-Time,On-Time,On-Time,On-Time
LA-2087,Madhya Pradesh,Gwalior,Metro,71.44,212,Paid,No,Compensation,In Progress,59.8,Medium,54.42024701043401,23.0,241,On-Time,Delayed,On-Time,On-Time,Delayed
LA-2088,Uttar Pradesh,Kanpur,Irrigation,246.5,443,Paid,No,Approval,Not Started,42.6,High,64.1371473477043,19.9,118,On-Time,On-Time,On-Time,On-Time,On-Time
LA-2089,West Bengal,Howrah,Highway,96.87,180,Paid,No,Compensation,In Progress,65.9,High,51.348923654465594,18.3,223,On-Time,On-Time,On-Time,On-Time,On-Time
LA-2090,Maharashtra,Mumbai,Metro,27.29,72,Paid,Yes,Compensation,In Progress,78.2,Low,53.6801754966651,15.7,313,Delayed,Delayed,On-Time,On-Time,Delayed
LA-2091,West Bengal,Siliguri,Highway,35.36,91,Pending,No,Possession,In Progress,94.7,Medium,69.61779161635499,19.8,196,On-Time,On-Time,On-Time,On-Time,Delayed
LA-2092,Madhya Pradesh,Gwalior,Power Project,17.65,5,Paid,No,Notification,Not Started,85.8,High,77.13591831447418,30.6,118,On-Time,On-Time,On-Time,On-Time,On-Time
LA-2093,Madhya Pradesh,Jabalpur,Irrigation,128.15,217,Paid,No,Possession,In Progress,34.7,Low,69.76807351739672,53.8,234,On-Time,On-Time,On-Time,On-Time,On-Time
LA-2094,Rajasthan,Jaipur,Metro,27.97,16,Pending,No,Notification,Not Started,28.9,Medium,95.0,28.1,123,On-Time,On-Time,On-Time,On-Time,Delayed
LA-2095,Maharashtra,Aurangabad,Metro,150.47,227,Paid,Yes,Compensation,In Progress,70.8,Low,83.72881218824756,34.8,259,On-Time,On-Time,On-Time,On-Time,Delayed
LA-2096,Uttar Pradesh,Lucknow,Railway,95.24,242,Pending,No,Compensation,In Progress,92.9,Low,76.03063332431728,11.3,138,On-Time,Delayed,Delayed,On-Time,Delayed
LA-2097,Uttar Pradesh,Lucknow,Industrial Corridor,12.42,16,Paid,No,Approval,Not Started,56.4,Medium,75.48782567979367,59.7,205,On-Time,On-Time,On-Time,On-Time,Delayed
LA-2098,Uttar Pradesh,Kanpur,Power Project,13.51,40,Pending,No,Possession,In Progress,58.7,Medium,66.30138328743868,8.0,153,On-Time,On-Time,On-Time,On-Time,On-Time
LA-2099,Tamil Nadu,Coimbatore,Airport,39.29,72,Paid,No,Notification,Not Started,55.7,Medium,72.56980160801169,39.2,175,Delayed,On-Time,On-Time,Delayed,On-Time
LA-2100,Gujarat,Rajkot,Power Project,73.91,134,Pending,No,Compensation,In Progress,22.4,Low,67.96393073389999,8.8,227,On-Time,Delayed,On-Time,On-Time,Delayed
LA-2101,Delhi,New Delhi,Airport,186.4,161,Paid,Yes,Approval,Not Started,81.0,Medium,80.76257818155062,3.2,221,Delayed,Delayed,On-Time,On-Time,Delayed
LA-2102,West Bengal,Durgapur,Irrigation,116.65,245,Paid,Yes,Compensation,In Progress,84.3,High,60.812908428315225,6.2,208,On-Time,On-Time,On-Time,Delayed,On-Time
LA-2103,Bihar,Bhagalpur,Airport,134.47,228,Paid,No,Notification,Not Started,37.6,High,60.01131339671613,60.0,242,On-Time,On-Time,On-Time,On-Time,On-Time
LA-2104,West Bengal,Howrah,Highway,66.97,148,Paid,No,Possession,Completed,46.8,High,82.67102360421899,17.1,127,On-Time,On-Time,On-Time,On-Time,Delayed
LA-2105,West Bengal,Howrah,Airport,17.86,33,Paid,Yes,Possession,In Progress,69.9,Low,58.100138718625374,29.0,288,Delayed,Delayed,Delayed,On-Time,On-Time
LA-2106,Uttar Pradesh,Kanpur,Airport,124.95,248,Pending,Yes,Possession,In Progress,92.4,Low,50.82606954030797,18.8,330,Delayed,Delayed,Delayed,On-Time,Delayed
LA-2107,Gujarat,Vadodara,Railway,89.74,135,Paid,No,Notification,Not Started,69.8,Medium,53.77805794778227,9.8,189,On-Time,On-Time,Delayed,On-Time,On-Time
LA-2108,Tamil Nadu,Madurai,Metro,53.96,94,Partially Paid,No,Compensation,In Progress,30.0,Medium,76.22925548074167,34.6,203,On-Time,Delayed,On-Time,On-Time,On-Time
LA-2109,Karnataka,Hubballi,Power Project,87.6,114,Paid,Yes,Notification,Not Started,79.1,Low,95.0,26.1,223,On-Time,Delayed,On-Time,Delayed,Delayed
LA-2110,Uttar Pradesh,Lucknow,Power Project,47.25,42,Pending,No,Possession,In Progress,32.5,High,51.684635107264285,17.6,194,On-Time,On-Time,Delayed,On-Time,On-Time
LA-2111,Tamil Nadu,Chennai,Irrigation,48.14,107,Partially Paid,No,Compensation,Pending,47.0,High,74.67722962095758,19.9,162,On-Time,On-Time,On-Time,On-Time,Delayed
LA-2112,Uttar Pradesh,Agra,Irrigation,111.89,225,Pending,No,Compensation,In Progress,77.9,Medium,67.3066427033104,10.8,180,Delayed,On-Time,Delayed,On-Time,Delayed
LA-2113,Uttar Pradesh,Prayagraj,Airport,120.77,241,Paid,No,Compensation,In Progress,26.8,Low,81.92283491914716,38.9,179,On-Time,Delayed,On-Time,Delayed,Delayed
LA-2114,Rajasthan,Jaipur,Industrial Corridor,17.87,22,Paid,No,Notification,Not Started,73.8,Medium,74.54568992813458,17.2,216,Delayed,Delayed,On-Time,On-Time,On-Time
LA-2115,Madhya Pradesh,Bhopal,Power Project,70.15,104,Paid,Yes,Compensation,In Progress,47.9,High,82.85283683620152,26.9,222,On-Time,On-Time,Delayed,Delayed,Delayed
LA-2116,Madhya Pradesh,Jabalpur,Irrigation,58.32,157,Partially Paid,Yes,Approval,Not Started,57.3,High,69.38203545794906,12.3,210,Delayed,On-Time,On-Time,Delayed,Delayed
LA-2117,Uttar Pradesh,Agra,Airport,217.74,460,Partially Paid,No,Possession,Pending,57.8,Medium,52.47839020361005,6.1,207,On-Time,On-Time,On-Time,On-Time,On-Time
LA-2118,Bihar,Gaya,Irrigation,145.88,155,Pending,No,Possession,Completed,50.1,Low,54.79977847671675,26.0,292,On-Time,On-Time,Delayed,On-Time,Delayed
LA-2119,Maharashtra,Aurangabad,Highway,134.94,239,Paid,No,Compensation,In Progress,34.4,Medium,68.17970894479012,25.1,163,On-Time,Delayed,On-Time,On-Time,On-Time
LA-2120,Uttar Pradesh,Prayagraj,Highway,52.07,58,Partially Paid,Yes,Possession,Pending,68.9,High,72.00624112263787,22.8,247,Delayed,On-Time,Delayed,On-Time,Delayed
LA-2121,Bihar,Bhagalpur,Irrigation,32.85,63,Pending,No,Approval,Pending,65.6,High,59.236832456069564,30.9,185,On-Time,On-Time,Delayed,Delayed,On-Time
LA-2122,West Bengal,Durgapur,Highway,44.69,119,Paid,No,Possession,Completed,79.8,Low,95.0,16.4,148,On-Time,On-Time,On-Time,On-Time,On-Time
LA-2123,Bihar,Gaya,Irrigation,177.57,192,Paid,No,Approval,Not Started,37.1,High,79.11832897571975,16.7,122,On-Time,On-Time,On-Time,On-Time,On-Time
LA-2124,Tamil Nadu,Salem,Airport,30.07,100,Partially Paid,No,Compensation,In Progress,89.5,High,33.74140206186796,57.9,238,On-Time,On-Time,On-Time,On-Time,On-Time
LA-2125,Karnataka,Bengaluru,Railway,275.2,463,Paid,Yes,Compensation,Pending,84.6,Low,63.15646556066171,13.6,299,Delayed,Delayed,Delayed,On-Time,Delayed
LA-2126,Madhya Pradesh,Bhopal,Industrial Corridor,91.86,201,Partially Paid,No,Notification,Not Started,26.7,Low,49.55423801799281,18.4,200,Delayed,On-Time,Delayed,On-Time,On-Time
LA-2127,Uttar Pradesh,Kanpur,Airport,262.92,492,Partially Paid,No,Approval,Not Started,51.4,Medium,93.59423924190713,39.0,151,On-Time,On-Time,Delayed,On-Time,Delayed
LA-2128,Gujarat,Vadodara,Railway,180.1,290,Pending,No,Notification,Not Started,54.0,Medium,31.709895125700164,32.8,266,On-Time,Delayed,Delayed,On-Time,On-Time
LA-2129,Gujarat,Vadodara,Railway,13.12,28,Pending,Yes,Possession,Pending,33.0,High,71.28112871682107,20.8,216,On-Time,On-Time,Delayed,On-Time,On-Time
LA-2130,Maharashtra,Mumbai,Power Project,47.92,133,Partially Paid,No,Notification,Not Started,64.8,High,66.84986596442882,18.9,112,On-Time,On-Time,On-Time,On-Time,On-Time
LA-2131,Karnataka,Bengaluru,Airport,112.16,245,Paid,No,Compensation,In Progress,65.7,High,77.20860676159504,15.1,146,Delayed,On-Time,On-Time,On-Time,On-Time
LA-2132,Rajasthan,Kota,Airport,53.72,122,Paid,Yes,Possession,In Progress,37.5,Medium,69.84141585314687,31.4,236,Delayed,Delayed,On-Time,Delayed,On-Time
LA-2133,Uttar Pradesh,Agra,Irrigation,129.54,206,Pending,No,Approval,Pending,57.7,High,95.0,27.6,93,Delayed,On-Time,Delayed,On-Time,On-Time
LA-2134,Uttar Pradesh,Kanpur,Railway,351.71,550,Partially Paid,Yes,Compensation,In Progress,97.1,Low,78.76895700279972,10.4,242,Delayed,Delayed,Delayed,Delayed,Delayed
LA-2135,Karnataka,Hubballi,Railway,242.78,458,Pending,No,Compensation,Pending,38.7,High,37.42860420621099,31.1,226,On-Time,Delayed,Delayed,Delayed,Delayed
LA-2136,Delhi,South Delhi,Railway,53.39,99,Paid,No,Notification,Not Started,71.9,Medium,86.06324242512707,31.6,173,On-Time,Delayed,On-Time,On-Time,On-Time
LA-2137,Bihar,Patna,Irrigation,288.84,394,Paid,No,Possession,Completed,73.3,Medium,68.04729995908488,23.2,189,Delayed,On-Time,On-Time,Delayed,On-Time
LA-2138,Rajasthan,Jodhpur,Power Project,60.42,172,Paid,Yes,Approval,Not Started,72.3,Medium,86.08870081294506,21.0,263,On-Time,Delayed,On-Time,Delayed,On-Time
LA-2139,Rajasthan,Kota,Airport,78.58,119,Paid,Yes,Approval,Not Started,11.9,High,60.24380997861381,60.0,311,Delayed,Delayed,On-Time,On-Time,Delayed
LA-2140,Madhya Pradesh,Jabalpur,Railway,118.23,245,Pending,No,Compensation,Pending,86.0,Low,49.06505477637778,20.7,258,On-Time,On-Time,Delayed,Delayed,Delayed
LA-2141,Tamil Nadu,Coimbatore,Highway,93.01,171,Partially Paid,Yes,Approval,Pending,72.3,High,46.22934454812436,17.8,258,On-Time,On-Time,On-Time,Delayed,Delayed
LA-2142,Maharashtra,Nashik,Airport,234.62,313,Paid,Yes,Possession,Completed,23.7,Medium,80.92094064903146,28.8,252,On-Time,On-Time,Delayed,On-Time,Delayed
LA-2143,Karnataka,Mysuru,Irrigation,274.02,540,Partially Paid,Yes,Possession,Completed,31.3,Medium,76.95767522612503,15.4,224,Delayed,Delayed,On-Time,Delayed,On-Time
LA-2144,Madhya Pradesh,Indore,Power Project,130.01,192,Pending,No,Compensation,In Progress,61.6,High,56.120786561484934,23.5,173,On-Time,On-Time,Delayed,On-Time,Delayed
LA-2145,Maharashtra,Aurangabad,Highway,24.58,59,Partially Paid,No,Approval,Not Started,76.9,Medium,25.0,29.8,348,Delayed,Delayed,Delayed,Delayed,Delayed
LA-2146,Bihar,Muzaffarpur,Irrigation,237.88,338,Partially Paid,No,Approval,Pending,65.9,Medium,81.49512214091325,58.4,245,On-Time,On-Time,On-Time,On-Time,Delayed
LA-2147,Tamil Nadu,Salem,Metro,242.78,369,Paid,No,Approval,Not Started,85.8,Low,34.43713860466395,24.0,270,On-Time,On-Time,On-Time,On-Time,Delayed
LA-2148,Karnataka,Mangaluru,Airport,89.35,113,Pending,No,Compensation,Pending,20.7,Low,95.0,31.2,190,On-Time,Delayed,On-Time,Delayed,Delayed
LA-2149,Bihar,Gaya,Metro,18.49,5,Paid,No,Possession,In Progress,67.3,High,43.318786295356645,16.8,204,On-Time,Delayed,Delayed,On-Time,On-Time
LA-2150,Bihar,Gaya,Irrigation,17.69,57,Pending,Yes,Approval,Not Started,66.2,High,65.21115231997146,34.6,243,On-Time,On-Time,Delayed,On-Time,Delayed
LA-2151,Karnataka,Bengaluru,Irrigation,32.22,87,Pending,No,Notification,Not Started,49.9,High,68.45025106632437,36.6,220,On-Time,On-Time,On-Time,On-Time,Delayed
LA-2152,Bihar,Muzaffarpur,Irrigation,83.46,108,Pending,Yes,Compensation,Pending,78.2,Low,70.47276831393677,35.6,303,Delayed,Delayed,Delayed,On-Time,Delayed
LA-2153,Karnataka,Mangaluru,Railway,230.47,386,Pending,No,Notification,Not Started,70.8,High,69.86425437233821,22.1,181,On-Time,On-Time,On-Time,On-Time,Delayed
LA-2154,Karnataka,Mysuru,Power Project,169.31,244,Partially Paid,Yes,Compensation,Pending,73.6,Medium,66.95659337983253,23.9,254,Delayed,On-Time,On-Time,On-Time,Delayed
LA-2155,Madhya Pradesh,Bhopal,Railway,187.93,200,Paid,No,Compensation,Pending,64.1,Medium,58.488891814465596,23.4,230,On-Time,On-Time,Delayed,On-Time,Delayed
LA-2156,Tamil Nadu,Salem,Power Project,130.36,205,Paid,No,Compensation,Pending,71.4,Medium,61.64829086090947,10.6,209,On-Time,Delayed,On-Time,Delayed,On-Time
LA-2157,Uttar Pradesh,Agra,Industrial Corridor,105.13,168,Paid,No,Approval,Not Started,32.1,High,55.222719273254995,29.5,174,On-Time,On-Time,On-Time,On-Time,On-Time
LA-2158,Bihar,Bhagalpur,Railway,103.0,222,Paid,No,Possession,Pending,83.2,High,66.73815113829926,10.0,135,On-Time,On-Time,On-Time,On-Time,On-Time
LA-2159,Bihar,Patna,Metro,36.41,44,Paid,No,Notification,Not Started,89.0,High,38.69171889861817,24.7,218,On-Time,Delayed,On-Time,On-Time,On-Time
LA-2160,Delhi,New Delhi,Power Project,38.71,136,Partially Paid,No,Possession,In Progress,22.9,High,69.73192298408621,22.0,186,Delayed,On-Time,Delayed,On-Time,On-Time
LA-2161,Tamil Nadu,Salem,Railway,72.96,135,Paid,Yes,Approval,Pending,55.8,High,63.51992099919377,41.5,301,On-Time,Delayed,Delayed,On-Time,Delayed
LA-2162,Uttar Pradesh,Varanasi,Airport,64.13,156,Paid,No,Possession,Completed,63.7,High,77.62148625159087,21.1,128,On-Time,On-Time,On-Time,On-Time,On-Time
LA-2163,Maharashtra,Nagpur,Irrigation,103.25,184,Pending,Yes,Compensation,Pending,48.5,Medium,60.44503588445044,51.1,313,On-Time,On-Time,On-Time,Delayed,Delayed
LA-2164,Karnataka,Mysuru,Power Project,200.35,360,Partially Paid,No,Notification,Not Started,67.2,High,74.03342652423316,19.4,146,On-Time,On-Time,Delayed,On-Time,On-Time
LA-2165,Uttar Pradesh,Varanasi,Power Project,38.64,91,Pending,No,Possession,Completed,60.4,High,73.2803785473649,10.2,97,On-Time,Delayed,On-Time,On-Time,Delayed
LA-2166,Tamil Nadu,Madurai,Railway,71.02,182,Paid,No,Compensation,In Progress,93.0,High,62.914022772735734,4.8,167,On-Time,On-Time,On-Time,On-Time,On-Time
LA-2167,Bihar,Gaya,Industrial Corridor,158.67,368,Partially Paid,No,Notification,Not Started,36.4,High,70.29323472179179,53.3,182,On-Time,On-Time,Delayed,Delayed,On-Time
LA-2168,Rajasthan,Udaipur,Railway,155.68,330,Paid,No,Notification,Not Started,61.3,High,44.860006051222676,9.1,186,On-Time,On-Time,On-Time,On-Time,On-Time
LA-2169,Delhi,South Delhi,Metro,113.81,217,Paid,No,Compensation,In Progress,64.6,High,85.12348222971352,22.4,151,On-Time,On-Time,On-Time,On-Time,On-Time
LA-2170,Maharashtra,Nashik,Metro,111.16,188,Partially Paid,No,Compensation,In Progress,97.3,Medium,56.81680741109639,11.6,203,Delayed,On-Time,On-Time,Delayed,On-Time
LA-2171,Madhya Pradesh,Bhopal,Power Project,89.25,178,Paid,No,Compensation,In Progress,70.2,High,62.325264786486805,35.9,181,Delayed,On-Time,On-Time,On-Time,On-Time
LA-2172,West Bengal,Howrah,Power Project,97.96,150,Paid,No,Compensation,Pending,19.6,Low,49.20747694018303,20.0,231,On-Time,Delayed,On-Time,On-Time,Delayed
LA-2173,Madhya Pradesh,Indore,Railway,291.29,518,Partially Paid,No,Compensation,Pending,56.0,High,53.47682463286045,2.1,155,On-Time,On-Time,On-Time,Delayed,On-Time
LA-2174,Maharashtra,Mumbai,Metro,29.41,100,Pending,No,Possession,In Progress,47.5,Low,89.65307299113516,52.7,214,On-Time,Delayed,On-Time,On-Time,On-Time
LA-2175,Madhya Pradesh,Gwalior,Metro,84.13,230,Partially Paid,No,Compensation,In Progress,85.5,Low,67.06835233367562,13.3,258,Delayed,On-Time,On-Time,On-Time,On-Time
LA-2176,Rajasthan,Udaipur,Industrial Corridor,43.29,46,Paid,No,Approval,Pending,53.0,Medium,60.548233433882245,22.8,187,Delayed,On-Time,On-Time,On-Time,On-Time
LA-2177,Tamil Nadu,Salem,Airport,146.38,201,Paid,No,Possession,In Progress,83.2,Low,60.46467123031034,21.8,221,On-Time,On-Time,On-Time,Delayed,On-Time
LA-2178,Uttar Pradesh,Agra,Industrial Corridor,94.84,177,Paid,No,Notification,Not Started,68.0,High,65.02968227011456,9.2,124,On-Time,On-Time,On-Time,On-Time,On-Time
LA-2179,Tamil Nadu,Salem,Highway,65.57,131,Pending,No,Approval,Pending,78.3,High,75.8368660629435,38.1,160,On-Time,On-Time,On-Time,Delayed,Delayed
LA-2180,Rajasthan,Jodhpur,Irrigation,79.97,116,Pending,No,Compensation,In Progress,57.0,High,67.9075780573226,9.4,149,On-Time,On-Time,On-Time,Delayed,Delayed
LA-2181,West Bengal,Siliguri,Industrial Corridor,149.91,230,Paid,No,Approval,Pending,61.4,High,68.22792335256342,53.0,184,On-Time,On-Time,On-Time,On-Time,On-Time
LA-2182,Maharashtra,Nagpur,Railway,74.47,182,Paid,Yes,Notification,Not Started,82.4,High,51.1524062710546,23.8,275,On-Time,On-Time,Delayed,Delayed,Delayed
LA-2183,Madhya Pradesh,Bhopal,Airport,135.44,256,Partially Paid,No,Notification,Not Started,56.6,Medium,60.59301387035004,19.1,173,On-Time,Delayed,On-Time,On-Time,On-Time
LA-2184,West Bengal,Durgapur,Railway,73.74,73,Paid,No,Compensation,Pending,75.6,High,67.34780701952718,21.9,177,On-Time,On-Time,Delayed,Delayed,On-Time
LA-2185,Uttar Pradesh,Varanasi,Irrigation,239.61,350,Pending,Yes,Possession,Completed,51.8,High,64.53213745540943,17.7,223,Delayed,Delayed,Delayed,Delayed,Delayed
LA-2186,West Bengal,Durgapur,Highway,236.22,262,Pending,No,Compensation,In Progress,58.4,High,58.76188373904637,27.6,177,Delayed,On-Time,Delayed,Delayed,Delayed
LA-2187,Karnataka,Mangaluru,Airport,65.29,155,Paid,No,Compensation,In Progress,30.9,Medium,57.387431570534325,9.7,218,On-Time,On-Time,On-Time,On-Time,Delayed
LA-2188,Delhi,South Delhi,Power Project,83.45,151,Paid,No,Approval,Not Started,28.4,Low,71.53346713105508,55.6,252,Delayed,Delayed,Delayed,On-Time,On-Time
LA-2189,Maharashtra,Aurangabad,Metro,38.18,50,Pending,No,Approval,Not Started,15.9,Medium,71.90295747522677,21.5,186,Delayed,On-Time,On-Time,On-Time,Delayed
LA-2190,Karnataka,Bengaluru,Industrial Corridor,170.4,307,Paid,Yes,Notification,Not Started,56.8,High,79.84118985474154,22.8,224,On-Time,On-Time,On-Time,On-Time,On-Time
LA-2191,Delhi,South Delhi,Railway,168.7,341,Partially Paid,Yes,Approval,Pending,54.4,High,67.93675733482405,17.1,251,On-Time,On-Time,On-Time,Delayed,On-Time
LA-2192,Madhya Pradesh,Indore,Highway,82.63,100,Paid,No,Approval,Not Started,34.4,Medium,33.85677975100486,28.7,272,On-Time,Delayed,On-Time,On-Time,On-Time
LA-2193,Maharashtra,Nagpur,Metro,149.0,311,Paid,Yes,Notification,Not Started,88.9,High,95.0,29.4,183,On-Time,Delayed,On-Time,On-Time,Delayed
LA-2194,Madhya Pradesh,Indore,Industrial Corridor,74.78,30,Partially Paid,Yes,Notification,Not Started,27.9,Low,64.86797763642983,30.9,301,On-Time,On-Time,On-Time,On-Time,Delayed
LA-2195,Delhi,North Delhi,Metro,80.04,114,Paid,No,Compensation,In Progress,54.4,High,58.84966037503411,9.9,163,On-Time,On-Time,On-Time,On-Time,On-Time
LA-2196,Bihar,Gaya,Industrial Corridor,164.44,212,Paid,No,Possession,In Progress,75.5,High,64.12758955245374,7.7,128,On-Time,Delayed,On-Time,Delayed,On-Time
LA-2197,West Bengal,Howrah,Power Project,46.06,60,Paid,No,Possession,In Progress,72.1,Low,59.058589430733875,40.8,274,On-Time,Delayed,On-Time,On-Time,On-Time
LA-2198,West Bengal,Kolkata,Airport,118.3,114,Partially Paid,Yes,Compensation,In Progress,43.2,Low,52.71943844859027,47.8,365,On-Time,Delayed,On-Time,Delayed,On-Time
LA-2199,Karnataka,Mysuru,Metro,52.4,107,Partially Paid,Yes,Notification,Not Started,22.3,Medium,74.21830058362573,10.7,209,Delayed,On-Time,Delayed,On-Time,On-Time
LA-2200,Uttar Pradesh,Varanasi,Metro,273.91,427,Paid,No,Compensation,In Progress,91.8,High,62.77180576789344,13.5,130,On-Time,On-Time,On-Time,On-Time,On-Time
LA-2201,Tamil Nadu,Salem,Metro,88.58,113,Partially Paid,No,Notification,Not Started,50.5,Medium,63.658407644591726,7.2,175,On-Time,On-Time,Delayed,On-Time,On-Time
LA-2202,Delhi,North Delhi,Airport,81.45,224,Paid,No,Compensation,In Progress,24.2,High,27.457887860978452,26.6,239,On-Time,On-Time,On-Time,On-Time,On-Time
LA-2203,Delhi,South Delhi,Highway,78.37,109,Paid,No,Possession,Completed,88.6,High,61.602676699562316,16.5,178,On-Time,On-Time,On-Time,On-Time,On-Time
LA-2204,Maharashtra,Nagpur,Industrial Corridor,36.02,43,Partially Paid,No,Compensation,In Progress,91.1,High,48.85087469385456,9.0,157,On-Time,On-Time,On-Time,On-Time,On-Time
LA-2205,Rajasthan,Udaipur,Power Project,32.34,53,Partially Paid,No,Possession,Pending,86.2,Medium,57.16345322063523,5.5,199,On-Time,On-Time,Delayed,On-Time,On-Time
LA-2206,Tamil Nadu,Chennai,Metro,210.18,239,Paid,No,Compensation,Pending,48.6,Medium,68.54420140929575,13.7,189,On-Time,On-Time,On-Time,Delayed,On-Time
LA-2207,Karnataka,Hubballi,Irrigation,44.03,99,Paid,No,Compensation,In Progress,82.6,High,55.79732762131938,19.0,153,On-Time,On-Time,On-Time,On-Time,Delayed
LA-2208,Gujarat,Surat,Airport,60.63,197,Paid,No,Approval,Not Started,94.7,Low,57.86687621901916,7.1,210,On-Time,Delayed,On-Time,On-Time,On-Time
LA-2209,Maharashtra,Nagpur,Highway,86.26,153,Pending,No,Possession,In Progress,73.6,High,66.44865772926259,10.5,170,On-Time,On-Time,On-Time,On-Time,On-Time
LA-2210,West Bengal,Siliguri,Industrial Corridor,89.51,165,Paid,No,Notification,Not Started,66.9,High,57.40229905855266,50.9,230,Delayed,On-Time,On-Time,On-Time,On-Time
LA-2211,Gujarat,Ahmedabad,Airport,95.25,148,Paid,Yes,Possession,Pending,76.7,Medium,49.17030455395178,7.4,276,On-Time,On-Time,On-Time,On-Time,Delayed
LA-2212,Rajasthan,Kota,Power Project,135.0,241,Paid,No,Approval,Not Started,91.8,Low,39.17741529590679,14.7,281,Delayed,On-Time,On-Time,On-Time,On-Time
LA-2213,Uttar Pradesh,Kanpur,Power Project,210.72,268,Paid,Yes,Notification,Not Started,60.6,Low,70.04863676023686,14.3,267,Delayed,Delayed,Delayed,On-Time,On-Time
LA-2214,Tamil Nadu,Salem,Industrial Corridor,88.12,77,Pending,No,Possession,Completed,77.6,Medium,57.25243108430701,35.4,222,On-Time,On-Time,Delayed,On-Time,Delayed
LA-2215,Karnataka,Bengaluru,Metro,20.74,70,Paid,No,Notification,Not Started,80.3,High,40.01718423919689,3.2,188,On-Time,On-Time,On-Time,On-Time,On-Time
LA-2216,Uttar Pradesh,Prayagraj,Power Project,128.1,179,Partially Paid,Yes,Possession,In Progress,78.3,Low,83.6849381365856,33.7,307,On-Time,Delayed,On-Time,Delayed,Delayed
LA-2217,Uttar Pradesh,Varanasi,Highway,89.64,203,Paid,No,Approval,Not Started,19.5,Low,70.07038245875742,60.0,251,Delayed,Delayed,On-Time,On-Time,On-Time
LA-2218,Karnataka,Mysuru,Airport,68.39,113,Paid,Yes,Possession,In Progress,90.2,High,47.180742071364186,22.2,283,On-Time,Delayed,On-Time,Delayed,Delayed
LA-2219,Karnataka,Hubballi,Highway,58.58,169,Paid,No,Compensation,Pending,72.5,Medium,54.430457060605505,35.1,226,On-Time,On-Time,On-Time,On-Time,On-Time
LA-2220,Maharashtra,Pune,Metro,234.67,519,Paid,No,Compensation,Pending,43.7,Medium,80.6961795076953,41.7,216,On-Time,Delayed,On-Time,On-Time,On-Time
LA-2221,West Bengal,Durgapur,Highway,86.16,132,Paid,No,Approval,Not Started,54.3,High,62.368573272279534,21.1,182,On-Time,Delayed,On-Time,On-Time,On-Time
LA-2222,Uttar Pradesh,Agra,Highway,46.07,135,Pending,No,Notification,Not Started,73.9,Low,58.72444585895444,12.9,220,On-Time,On-Time,Delayed,On-Time,On-Time
LA-2223,Gujarat,Rajkot,Railway,119.74,225,Partially Paid,No,Possession,In Progress,57.2,High,76.26012731752924,19.8,149,On-Time,On-Time,On-Time,On-Time,On-Time
LA-2224,West Bengal,Siliguri,Highway,194.58,436,Paid,Yes,Notification,Not Started,45.1,Medium,62.482746734828524,29.9,273,On-Time,On-Time,On-Time,On-Time,On-Time
LA-2225,Gujarat,Vadodara,Industrial Corridor,37.92,58,Paid,No,Approval,Not Started,59.7,High,83.44505489584634,14.2,102,On-Time,On-Time,On-Time,On-Time,On-Time
LA-2226,Madhya Pradesh,Jabalpur,Airport,208.41,247,Paid,No,Compensation,In Progress,69.6,Medium,58.809496374500625,1.8,226,Delayed,Delayed,On-Time,On-Time,On-Time
LA-2227,Gujarat,Vadodara,Railway,27.61,90,Partially Paid,No,Compensation,In Progress,23.3,Medium,56.44446027771292,10.5,185,On-Time,Delayed,On-Time,On-Time,On-Time
LA-2228,Maharashtra,Mumbai,Airport,101.75,157,Pending,No,Notification,Not Started,60.1,High,65.24887879046642,24.3,170,On-Time,On-Time,On-Time,Delayed,On-Time
LA-2229,West Bengal,Howrah,Airport,151.91,131,Pending,Yes,Notification,Not Started,71.9,High,79.47016187546078,23.6,204,On-Time,On-Time,Delayed,On-Time,Delayed
LA-2230,Gujarat,Ahmedabad,Metro,51.49,52,Partially Paid,Yes,Notification,Not Started,34.0,Low,68.742697240681,10.0,247,Delayed,Delayed,Delayed,Delayed,On-Time
LA-2231,Bihar,Gaya,Metro,32.56,62,Paid,No,Possession,In Progress,69.5,Medium,66.55317711240352,14.7,159,Delayed,On-Time,On-Time,Delayed,On-Time
LA-2232,Uttar Pradesh,Kanpur,Railway,64.94,149,Partially Paid,Yes,Notification,Not Started,69.8,Medium,52.889202158957715,5.4,274,Delayed,Delayed,On-Time,On-Time,Delayed
LA-2233,Uttar Pradesh,Agra,Power Project,216.71,301,Paid,No,Possession,In Progress,34.1,High,50.68525638276526,18.4,158,On-Time,On-Time,On-Time,On-Time,On-Time
LA-2234,Delhi,New Delhi,Irrigation,123.53,172,Partially Paid,No,Notification,Not Started,81.0,High,79.4866360568308,15.3,110,On-Time,On-Time,Delayed,On-Time,On-Time
LA-2235,Karnataka,Bengaluru,Metro,29.0,30,Paid,No,Notification,Not Started,40.6,Medium,81.06263529288398,16.7,166,On-Time,On-Time,On-Time,On-Time,On-Time
LA-2236,Gujarat,Rajkot,Irrigation,274.22,579,Paid,Yes,Compensation,Pending,53.8,Low,80.57892673522362,60.0,328,Delayed,Delayed,Delayed,Delayed,Delayed
LA-2237,Bihar,Patna,Metro,59.53,144,Paid,No,Notification,Not Started,58.0,High,76.86575833160546,22.3,131,On-Time,Delayed,On-Time,On-Time,On-Time
LA-2238,Rajasthan,Udaipur,Metro,109.19,179,Paid,Yes,Compensation,In Progress,77.9,Medium,71.69775150066978,7.6,224,On-Time,Delayed,Delayed,On-Time,On-Time
LA-2239,West Bengal,Howrah,Airport,152.48,203,Partially Paid,No,Possession,Completed,69.1,High,71.46814335252458,26.1,136,On-Time,On-Time,On-Time,On-Time,On-Time
LA-2240,Uttar Pradesh,Prayagraj,Railway,147.47,282,Pending,No,Notification,Not Started,81.1,High,67.00389865347886,16.9,196,On-Time,Delayed,On-Time,On-Time,Delayed
LA-2241,Bihar,Gaya,Airport,64.67,87,Pending,Yes,Possession,Pending,47.2,Medium,73.43108250771836,12.0,216,On-Time,Delayed,Delayed,Delayed,Delayed
LA-2242,Tamil Nadu,Chennai,Industrial Corridor,121.11,153,Pending,Yes,Approval,Not Started,40.4,High,64.37464051511083,19.5,256,On-Time,On-Time,On-Time,On-Time,On-Time
LA-2243,Tamil Nadu,Chennai,Airport,115.32,189,Paid,Yes,Notification,Not Started,72.1,High,73.38906504121233,46.3,213,Delayed,Delayed,On-Time,On-Time,On-Time
LA-2244,Bihar,Bhagalpur,Irrigation,97.69,180,Paid,No,Notification,Not Started,6.8,Medium,78.76339715679534,5.4,158,Delayed,On-Time,On-Time,On-Time,On-Time
LA-2245,Tamil Nadu,Coimbatore,Irrigation,272.33,529,Partially Paid,No,Possession,In Progress,62.7,Medium,46.133555621574075,3.0,222,On-Time,Delayed,Delayed,On-Time,Delayed
LA-2246,Madhya Pradesh,Bhopal,Industrial Corridor,51.37,113,Pending,No,Notification,Not Started,60.7,Medium,81.44470868375996,12.5,127,On-Time,On-Time,Delayed,On-Time,On-Time
LA-2247,Uttar Pradesh,Agra,Highway,40.63,83,Paid,No,Possession,In Progress,60.4,Medium,64.13282595925108,18.0,176,On-Time,On-Time,On-Time,On-Time,On-Time
LA-2248,Delhi,North Delhi,Highway,123.95,302,Paid,No,Compensation,In Progress,82.4,Medium,86.87299788219897,16.2,162,On-Time,On-Time,On-Time,On-Time,Delayed
LA-2249,West Bengal,Howrah,Industrial Corridor,126.17,292,Paid,Yes,Notification,Not Started,82.2,High,84.05699291129703,15.7,168,Delayed,On-Time,On-Time,Delayed,On-Time
LA-2250,Madhya Pradesh,Jabalpur,Industrial Corridor,144.84,330,Pending,Yes,Compensation,In Progress,37.2,High,49.53872048734594,12.7,264,Delayed,Delayed,On-Time,Delayed,On-Time
LA-2251,Tamil Nadu,Madurai,Airport,34.28,64,Pending,No,Possession,In Progress,89.8,Medium,65.00952279326023,37.1,202,On-Time,Delayed,Delayed,On-Time,On-Time
LA-2252,Rajasthan,Jodhpur,Industrial Corridor,132.44,226,Paid,Yes,Compensation,In Progress,77.2,High,37.01249601309016,23.9,315,On-Time,On-Time,On-Time,Delayed,Delayed
LA-2253,Uttar Pradesh,Lucknow,Railway,16.52,107,Pending,No,Compensation,In Progress,43.2,Low,59.20884528454692,41.6,301,Delayed,On-Time,On-Time,Delayed,Delayed
LA-2254,Uttar Pradesh,Prayagraj,Highway,68.15,160,Paid,Yes,Possession,Completed,39.2,Medium,70.33609411434321,3.5,209,Delayed,Delayed,Delayed,On-Time,Delayed
LA-2255,Karnataka,Mangaluru,Highway,44.96,93,Paid,No,Notification,Not Started,88.8,High,77.70431462503394,15.3,139,On-Time,On-Time,On-Time,Delayed,On-Time
LA-2256,Gujarat,Ahmedabad,Power Project,206.65,189,Partially Paid,No,Possession,In Progress,82.4,Medium,66.03854179443313,22.5,211,On-Time,On-Time,Delayed,On-Time,Delayed
LA-2257,Uttar Pradesh,Agra,Industrial Corridor,40.05,103,Paid,No,Possession,Completed,80.3,Low,71.64139370583213,7.7,148,Delayed,Delayed,On-Time,On-Time,Delayed
LA-2258,Rajasthan,Jaipur,Metro,119.7,272,Paid,No,Compensation,Pending,88.2,High,54.46343898436206,16.3,196,On-Time,Delayed,On-Time,On-Time,On-Time
LA-2259,Delhi,North Delhi,Metro,15.47,85,Pending,No,Possession,In Progress,73.5,High,64.7147103561669,27.6,179,On-Time,On-Time,On-Time,Delayed,Delayed
LA-2260,Madhya Pradesh,Bhopal,Industrial Corridor,23.34,104,Partially Paid,No,Compensation,Pending,83.1,Low,56.14762391319608,48.8,294,On-Time,Delayed,Delayed,Delayed,On-Time
LA-2261,Maharashtra,Nagpur,Railway,57.15,136,Pending,Yes,Compensation,Pending,24.4,High,69.23837660728759,48.0,232,On-Time,On-Time,On-Time,On-Time,Delayed
LA-2262,Tamil Nadu,Salem,Metro,28.84,150,Paid,No,Compensation,In Progress,83.8,High,85.84591823727804,44.2,169,On-Time,On-Time,On-Time,On-Time,On-Time
LA-2263,Maharashtra,Nashik,Power Project,85.87,137,Paid,No,Approval,Pending,53.0,High,64.14594932977909,52.8,207,On-Time,On-Time,On-Time,On-Time,Delayed
LA-2264,Rajasthan,Kota,Irrigation,79.08,139,Paid,No,Compensation,In Progress,38.1,Medium,44.43357220645869,2.4,182,On-Time,Delayed,On-Time,On-Time,On-Time
LA-2265,Delhi,South Delhi,Industrial Corridor,36.7,109,Pending,No,Approval,Not Started,57.7,Medium,67.94414386144683,4.9,175,On-Time,On-Time,Delayed,Delayed,On-Time
LA-2266,Delhi,South Delhi,Railway,96.98,176,Paid,No,Approval,Not Started,68.3,Medium,75.58153620111287,14.9,177,Delayed,On-Time,On-Time,On-Time,On-Time
LA-2267,Gujarat,Surat,Railway,16.52,70,Paid,No,Approval,Not Started,78.9,Low,51.22960336610643,8.4,229,On-Time,On-Time,On-Time,On-Time,On-Time
LA-2268,Rajasthan,Jaipur,Airport,306.09,329,Paid,No,Notification,Not Started,80.4,Medium,83.62761732737323,24.4,167,Delayed,On-Time,On-Time,On-Time,On-Time
LA-2269,Madhya Pradesh,Jabalpur,Railway,192.6,388,Pending,No,Approval,Not Started,55.0,Low,56.054909783762724,60.0,295,Delayed,Delayed,On-Time,On-Time,Delayed
LA-2270,Maharashtra,Nagpur,Metro,46.65,95,Paid,No,Possession,In Progress,58.2,Medium,53.59647174795203,4.1,161,On-Time,On-Time,On-Time,Delayed,Delayed
LA-2271,Karnataka,Mysuru,Irrigation,156.28,218,Paid,No,Approval,Not Started,42.7,High,38.29069569280374,13.1,200,On-Time,On-Time,On-Time,On-Time,On-Time
LA-2272,Bihar,Bhagalpur,Metro,111.13,200,Paid,No,Compensation,In Progress,78.0,Low,69.03199138812126,18.3,233,On-Time,On-Time,On-Time,On-Time,Delayed
LA-2273,Tamil Nadu,Madurai,Industrial Corridor,111.66,126,Paid,Yes,Notification,Not Started,65.3,High,92.23987279219071,5.4,183,On-Time,Delayed,On-Time,On-Time,On-Time
LA-2274,Delhi,South Delhi,Irrigation,35.53,21,Paid,No,Approval,Not Started,38.0,Medium,70.50125062928394,32.1,181,On-Time,On-Time,On-Time,On-Time,Delayed
LA-2275,Rajasthan,Udaipur,Industrial Corridor,34.34,60,Paid,No,Notification,Not Started,49.0,High,53.987252548147126,20.3,187,On-Time,Delayed,On-Time,On-Time,Delayed
LA-2276,Uttar Pradesh,Agra,Railway,42.95,87,Pending,Yes,Notification,Not Started,9.6,Medium,72.69826021357441,14.2,242,Delayed,Delayed,Delayed,On-Time,On-Time
LA-2277,Maharashtra,Pune,Power Project,121.57,189,Paid,No,Compensation,Pending,41.3,Low,77.00529730355206,26.5,216,On-Time,Delayed,On-Time,Delayed,On-Time
LA-2278,West Bengal,Kolkata,Highway,58.46,150,Paid,No,Compensation,In Progress,30.4,High,82.40997848102624,34.8,148,On-Time,On-Time,On-Time,On-Time,On-Time
LA-2279,Uttar Pradesh,Varanasi,Irrigation,37.47,102,Paid,Yes,Approval,Not Started,55.6,High,46.475342544468255,23.0,291,On-Time,On-Time,On-Time,Delayed,Delayed
LA-2280,Rajasthan,Jaipur,Airport,179.6,343,Pending,No,Compensation,In Progress,94.9,High,88.29589655063174,23.6,111,On-Time,Delayed,On-Time,On-Time,On-Time
LA-2281,Madhya Pradesh,Jabalpur,Highway,36.02,108,Paid,No,Possession,Pending,74.3,Medium,68.20169113983798,19.9,206,Delayed,Delayed,On-Time,Delayed,On-Time
LA-2282,Karnataka,Hubballi,Railway,108.12,156,Pending,No,Notification,Not Started,80.7,High,91.29791837767971,24.5,104,On-Time,On-Time,On-Time,Delayed,Delayed
LA-2283,Madhya Pradesh,Gwalior,Railway,48.35,72,Pending,No,Notification,Not Started,67.3,Medium,67.33382320797311,39.8,219,On-Time,On-Time,Delayed,On-Time,On-Time
LA-2284,Delhi,New Delhi,Highway,23.92,70,Paid,Yes,Compensation,In Progress,73.5,High,73.65144555208543,60.0,291,Delayed,Delayed,Delayed,On-Time,Delayed
LA-2285,Maharashtra,Aurangabad,Airport,190.77,222,Paid,No,Notification,Not Started,55.6,High,50.77058106824265,60.0,253,On-Time,On-Time,On-Time,On-Time,Delayed
LA-2286,Rajasthan,Jodhpur,Irrigation,32.55,116,Partially Paid,Yes,Possession,Completed,70.4,Medium,79.77260997496602,23.7,194,Delayed,On-Time,On-Time,On-Time,Delayed
LA-2287,Uttar Pradesh,Prayagraj,Irrigation,199.03,492,Partially Paid,Yes,Compensation,In Progress,57.3,Medium,48.84630533905789,23.9,309,Delayed,Delayed,Delayed,On-Time,Delayed
LA-2288,Gujarat,Ahmedabad,Highway,80.57,101,Pending,No,Compensation,In Progress,26.7,High,69.03167962975238,41.8,198,Delayed,On-Time,Delayed,On-Time,Delayed
LA-2289,Delhi,South Delhi,Industrial Corridor,85.64,29,Pending,No,Approval,Not Started,37.9,Medium,58.54190336153538,9.9,194,Delayed,On-Time,Delayed,On-Time,Delayed
LA-2290,Delhi,New Delhi,Metro,151.79,274,Paid,Yes,Compensation,In Progress,59.2,Low,63.67842679662235,56.6,365,Delayed,On-Time,Delayed,Delayed,Delayed
LA-2291,Gujarat,Rajkot,Power Project,135.22,256,Partially Paid,No,Notification,Not Started,63.7,High,81.27837160351666,22.6,155,On-Time,Delayed,On-Time,On-Time,Delayed
LA-2292,Uttar Pradesh,Kanpur,Industrial Corridor,107.3,130,Paid,No,Possession,In Progress,59.0,High,59.67466234905752,7.3,138,On-Time,Delayed,On-Time,On-Time,On-Time
LA-2293,Madhya Pradesh,Bhopal,Irrigation,63.74,84,Partially Paid,Yes,Compensation,Pending,44.6,Medium,81.58512481845912,4.7,175,On-Time,On-Time,On-Time,On-Time,On-Time
LA-2294,Karnataka,Mysuru,Metro,128.38,268,Partially Paid,No,Notification,Not Started,66.1,High,58.89554828898296,12.6,137,On-Time,On-Time,On-Time,Delayed,On-Time
LA-2295,Tamil Nadu,Chennai,Power Project,145.79,298,Paid,No,Compensation,Pending,65.8,High,66.96358985233051,15.0,150,On-Time,On-Time,On-Time,Delayed,On-Time
LA-2296,Uttar Pradesh,Prayagraj,Power Project,21.11,5,Paid,Yes,Notification,Not Started,69.6,Medium,95.0,23.6,223,On-Time,On-Time,On-Time,On-Time,On-Time
LA-2297,Uttar Pradesh,Lucknow,Power Project,85.39,81,Paid,No,Notification,Not Started,56.0,High,66.82582986410395,44.0,190,On-Time,On-Time,On-Time,On-Time,On-Time
LA-2298,Uttar Pradesh,Kanpur,Railway,7.37,41,Paid,No,Compensation,In Progress,81.1,High,63.86205360509949,27.5,146,On-Time,Delayed,On-Time,On-Time,On-Time
LA-2299,Madhya Pradesh,Jabalpur,Power Project,118.02,208,Pending,Yes,Compensation,In Progress,78.8,Low,67.09921086985774,35.8,320,Delayed,Delayed,Delayed,On-Time,Delayed
LA-2300,Karnataka,Mysuru,Airport,33.79,101,Partially Paid,No,Compensation,In Progress,79.9,High,60.04625716505899,30.6,186,On-Time,Delayed,On-Time,Delayed,On-Time
LA-2301,Delhi,New Delhi,Highway,123.15,265,Partially Paid,No,Notification,Not Started,76.8,Low,49.979666335922786,6.9,234,On-Time,On-Time,On-Time,On-Time,On-Time
LA-2302,West Bengal,Siliguri,Irrigation,78.68,160,Paid,Yes,Compensation,In Progress,29.4,High,95.0,18.9,210,On-Time,On-Time,On-Time,On-Time,Delayed
LA-2303,Delhi,South Delhi,Airport,110.93,165,Paid,No,Notification,Not Started,73.8,Low,58.905136580464834,8.6,231,On-Time,Delayed,On-Time,On-Time,On-Time
LA-2304,Rajasthan,Jodhpur,Highway,232.09,349,Paid,Yes,Compensation,Pending,68.5,Medium,42.16283521684334,20.3,308,Delayed,On-Time,On-Time,Delayed,Delayed
LA-2305,Karnataka,Hubballi,Industrial Corridor,41.04,74,Paid,No,Compensation,In Progress,60.1,High,62.66890386041234,17.9,135,On-Time,Delayed,On-Time,On-Time,On-Time
LA-2306,Bihar,Bhagalpur,Industrial Corridor,79.36,103,Partially Paid,Yes,Compensation,In Progress,67.0,Medium,70.35309969976838,16.5,276,Delayed,On-Time,On-Time,Delayed,Delayed
LA-2307,Karnataka,Mangaluru,Highway,94.22,166,Pending,No,Possession,In Progress,81.0,Low,61.88306593741712,43.0,225,Delayed,On-Time,On-Time,Delayed,On-Time
LA-2308,Tamil Nadu,Salem,Airport,29.12,12,Paid,No,Possession,Completed,69.5,High,64.268838528732,26.1,165,On-Time,On-Time,Delayed,On-Time,On-Time
LA-2309,Maharashtra,Pune,Highway,154.57,267,Partially Paid,No,Possession,In Progress,55.1,Medium,62.54145634962244,52.6,220,On-Time,On-Time,On-Time,On-Time,On-Time
LA-2310,Tamil Nadu,Chennai,Power Project,211.75,319,Paid,Yes,Possession,Completed,87.1,High,71.38305189044041,15.6,207,On-Time,On-Time,On-Time,Delayed,On-Time
LA-2311,Uttar Pradesh,Kanpur,Railway,99.53,147,Paid,No,Possession,In Progress,90.8,Medium,77.284667869019,11.4,151,Delayed,On-Time,On-Time,On-Time,On-Time
LA-2312,Bihar,Bhagalpur,Irrigation,248.46,386,Paid,Yes,Possession,In Progress,52.6,Medium,62.113039947918594,8.5,227,On-Time,Delayed,On-Time,On-Time,Delayed
LA-2313,Rajasthan,Kota,Industrial Corridor,127.44,243,Partially Paid,No,Possession,In Progress,54.2,High,95.0,37.2,77,On-Time,Delayed,Delayed,On-Time,On-Time
LA-2314,Tamil Nadu,Salem,Irrigation,93.8,143,Paid,Yes,Compensation,In Progress,69.8,High,80.61337465867162,14.1,176,Delayed,Delayed,On-Time,On-Time,On-Time
LA-2315,Rajasthan,Jaipur,Railway,159.57,326,Paid,No,Notification,Not Started,44.4,Medium,64.91815067280284,19.9,163,Delayed,On-Time,On-Time,On-Time,Delayed
LA-2316,Madhya Pradesh,Bhopal,Power Project,78.1,126,Partially Paid,No,Notification,Not Started,59.9,Low,45.223480532530665,3.5,216,On-Time,On-Time,Delayed,On-Time,On-Time
LA-2317,Rajasthan,Jodhpur,Power Project,73.08,48,Partially Paid,No,Possession,Pending,61.4,High,66.71408989893025,49.2,195,On-Time,On-Time,On-Time,On-Time,On-Time
LA-2318,Karnataka,Mangaluru,Industrial Corridor,125.67,237,Paid,No,Compensation,In Progress,89.6,Medium,77.20828473069304,36.5,221,On-Time,On-Time,On-Time,Delayed,On-Time
LA-2319,Uttar Pradesh,Agra,Industrial Corridor,280.38,519,Partially Paid,No,Possession,In Progress,46.7,High,77.32325259770354,7.2,104,On-Time,Delayed,Delayed,Delayed,Delayed
LA-2320,Delhi,North Delhi,Power Project,40.19,75,Pending,No,Approval,Not Started,65.5,Medium,37.210095140414694,30.1,250,On-Time,Delayed,Delayed,Delayed,On-Time
LA-2321,Maharashtra,Mumbai,Metro,28.2,79,Paid,No,Approval,Not Started,63.4,Medium,66.73042364199841,23.6,190,On-Time,On-Time,On-Time,Delayed,On-Time
LA-2322,Uttar Pradesh,Agra,Irrigation,108.99,246,Partially Paid,No,Compensation,In Progress,42.1,Medium,57.79119956133154,50.6,264,On-Time,On-Time,Delayed,On-Time,On-Time
LA-2323,Bihar,Patna,Railway,10.5,38,Paid,No,Possession,Pending,47.1,Low,87.45794253147719,15.9,180,Delayed,Delayed,On-Time,On-Time,On-Time
LA-2324,Uttar Pradesh,Agra,Irrigation,62.62,148,Pending,No,Notification,Not Started,79.8,High,66.85518906792677,22.3,121,On-Time,On-Time,Delayed,Delayed,On-Time
LA-2325,West Bengal,Durgapur,Railway,81.99,82,Pending,No,Possession,Pending,85.5,High,30.73686036070599,47.6,249,On-Time,Delayed,Delayed,Delayed,Delayed
LA-2326,Maharashtra,Nashik,Metro,56.04,42,Paid,No,Possession,Completed,35.4,Low,70.52490497981967,20.0,231,Delayed,On-Time,On-Time,On-Time,On-Time
LA-2327,Uttar Pradesh,Lucknow,Airport,201.75,311,Paid,No,Approval,Pending,46.8,High,35.7517813648615,23.1,213,On-Time,On-Time,On-Time,Delayed,On-Time
LA-2328,Tamil Nadu,Salem,Railway,193.66,343,Paid,Yes,Approval,Not Started,84.6,Medium,71.75173761372798,24.1,277,Delayed,On-Time,Delayed,On-Time,On-Time
LA-2329,Karnataka,Bengaluru,Irrigation,267.15,573,Paid,No,Notification,Not Started,63.6,Medium,95.0,45.7,183,On-Time,Delayed,On-Time,On-Time,On-Time
LA-2330,Rajasthan,Kota,Highway,86.89,138,Paid,No,Notification,Not Started,50.6,Medium,85.40519232575897,11.1,91,On-Time,On-Time,On-Time,On-Time,Delayed
LA-2331,Madhya Pradesh,Indore,Power Project,97.47,154,Partially Paid,No,Compensation,In Progress,29.5,High,68.8824184005803,51.2,166,On-Time,On-Time,On-Time,On-Time,On-Time
LA-2332,Karnataka,Mangaluru,Power Project,58.42,126,Paid,No,Notification,Not Started,47.1,High,55.108094322131144,23.5,178,On-Time,On-Time,On-Time,On-Time,On-Time
LA-2333,Uttar Pradesh,Prayagraj,Metro,176.81,211,Paid,No,Notification,Not Started,37.4,Medium,84.11247920889946,60.0,220,On-Time,On-Time,On-Time,On-Time,On-Time
LA-2334,West Bengal,Durgapur,Railway,20.78,87,Partially Paid,No,Possession,In Progress,85.2,High,74.53835599599404,57.9,192,On-Time,Delayed,Delayed,On-Time,Delayed
LA-2335,West Bengal,Kolkata,Airport,63.78,153,Partially Paid,No,Compensation,In Progress,64.9,Medium,60.99739187269045,24.3,201,Delayed,On-Time,On-Time,On-Time,On-Time
LA-2336,Karnataka,Bengaluru,Railway,180.78,238,Paid,Yes,Compensation,In Progress,66.6,Medium,56.91860561763559,20.6,283,On-Time,Delayed,Delayed,On-Time,Delayed
LA-2337,Uttar Pradesh,Lucknow,Power Project,75.67,113,Partially Paid,Yes,Notification,Not Started,80.2,High,51.39891555044546,13.8,251,On-Time,On-Time,Delayed,On-Time,On-Time
LA-2338,Karnataka,Hubballi,Industrial Corridor,55.67,71,Pending,No,Possession,Completed,76.2,High,70.62025927143733,17.8,145,On-Time,On-Time,On-Time,On-Time,Delayed
LA-2339,Delhi,North Delhi,Highway,46.85,146,Paid,No,Possession,In Progress,85.1,Low,58.7485508416751,7.4,166,On-Time,On-Time,On-Time,On-Time,On-Time
LA-2340,Delhi,North Delhi,Metro,40.09,49,Paid,No,Compensation,In Progress,53.5,Medium,67.51771754116675,2.6,153,On-Time,On-Time,On-Time,On-Time,On-Time
LA-2341,Maharashtra,Pune,Industrial Corridor,56.25,113,Partially Paid,Yes,Possession,Pending,77.7,Medium,78.91651836557264,53.4,281,Delayed,Delayed,On-Time,Delayed,Delayed
LA-2342,Rajasthan,Jaipur,Irrigation,117.76,116,Partially Paid,Yes,Possession,Pending,74.8,Low,58.374374437833154,27.6,298,Delayed,Delayed,Delayed,On-Time,Delayed
LA-2343,Bihar,Muzaffarpur,Airport,87.21,172,Paid,No,Compensation,In Progress,53.5,Medium,74.67649664301247,31.8,173,On-Time,On-Time,On-Time,On-Time,On-Time
LA-2344,Karnataka,Bengaluru,Industrial Corridor,210.63,327,Paid,No,Compensation,Pending,50.7,Low,83.33493808328602,19.9,150,On-Time,Delayed,On-Time,On-Time,Delayed
LA-2345,Karnataka,Mysuru,Irrigation,21.67,45,Pending,No,Notification,Not Started,13.5,High,70.92770929360034,15.2,149,On-Time,On-Time,On-Time,On-Time,On-Time
LA-2346,Gujarat,Surat,Industrial Corridor,50.13,132,Pending,No,Approval,Not Started,76.6,Low,75.49349922277315,29.7,191,On-Time,Delayed,Delayed,On-Time,On-Time
LA-2347,Maharashtra,Nagpur,Airport,29.3,60,Pending,Yes,Notification,Not Started,73.2,High,71.03959246727018,9.3,204,On-Time,On-Time,On-Time,On-Time,Delayed
LA-2348,Gujarat,Ahmedabad,Industrial Corridor,46.32,69,Pending,Yes,Notification,Not Started,76.2,Low,65.24393052033672,60.0,345,Delayed,On-Time,Delayed,On-Time,Delayed
LA-2349,West Bengal,Siliguri,Metro,51.76,181,Partially Paid,Yes,Notification,Not Started,66.7,Low,77.55707506577178,25.7,275,On-Time,On-Time,Delayed,On-Time,Delayed
LA-2350,Delhi,North Delhi,Power Project,119.1,170,Pending,No,Possession,Completed,69.9,High,89.13821216950998,25.6,138,On-Time,On-Time,On-Time,On-Time,On-Time
LA-2351,Bihar,Muzaffarpur,Railway,130.12,238,Partially Paid,No,Approval,Not Started,36.5,High,77.82487110834097,35.5,143,On-Time,On-Time,On-Time,On-Time,On-Time
LA-2352,Madhya Pradesh,Bhopal,Industrial Corridor,123.5,287,Pending,No,Possession,Pending,71.6,Medium,62.09570822458845,42.1,227,Delayed,Delayed,Delayed,On-Time,On-Time
LA-2353,Gujarat,Ahmedabad,Metro,151.48,257,Paid,Yes,Compensation,In Progress,67.2,High,62.488059726034344,16.8,248,On-Time,Delayed,Delayed,Delayed,Delayed
LA-2354,Karnataka,Mysuru,Railway,167.23,325,Pending,No,Approval,Pending,54.1,Medium,63.049157953442844,7.5,178,On-Time,On-Time,On-Time,Delayed,On-Time
LA-2355,Rajasthan,Jodhpur,Irrigation,112.66,202,Paid,No,Compensation,In Progress,50.4,High,79.21141358470769,15.9,110,Delayed,On-Time,On-Time,On-Time,On-Time
LA-2356,Bihar,Patna,Railway,144.09,254,Paid,Yes,Approval,Not Started,56.7,Low,57.10640488449445,8.6,263,Delayed,Delayed,On-Time,On-Time,Delayed
LA-2357,Bihar,Patna,Irrigation,69.56,160,Partially Paid,No,Possession,In Progress,66.4,High,49.63442204468844,20.1,174,On-Time,On-Time,On-Time,Delayed,On-Time
LA-2358,Gujarat,Surat,Industrial Corridor,25.7,54,Paid,Yes,Possession,Pending,75.3,Medium,72.0338509383178,12.0,243,Delayed,On-Time,On-Time,On-Time,On-Time
LA-2359,Maharashtra,Mumbai,Metro,49.01,41,Paid,Yes,Notification,Not Started,62.5,High,65.32464442013261,29.3,247,Delayed,On-Time,On-Time,Delayed,On-Time
LA-2360,Madhya Pradesh,Jabalpur,Power Project,206.59,261,Pending,No,Possession,In Progress,53.5,High,87.21974772588112,7.7,110,On-Time,Delayed,Delayed,On-Time,Delayed
LA-2361,Bihar,Gaya,Industrial Corridor,33.4,107,Partially Paid,No,Compensation,Pending,56.3,High,31.150354305215167,56.6,276,On-Time,On-Time,On-Time,Delayed,Delayed
LA-2362,Uttar Pradesh,Prayagraj,Irrigation,63.57,59,Pending,No,Notification,Not Started,77.1,Medium,68.12127296383603,27.0,179,On-Time,On-Time,On-Time,On-Time,Delayed
LA-2363,Madhya Pradesh,Indore,Airport,28.39,64,Pending,No,Compensation,In Progress,91.9,High,58.944090010070596,28.2,155,On-Time,On-Time,On-Time,On-Time,On-Time
LA-2364,Madhya Pradesh,Gwalior,Railway,157.79,322,Paid,No,Compensation,In Progress,42.4,Low,77.15418680451967,23.1,176,Delayed,On-Time,On-Time,On-Time,On-Time
LA-2365,Karnataka,Mysuru,Industrial Corridor,81.32,224,Paid,No,Approval,Not Started,32.3,High,60.80010396788272,40.5,178,On-Time,On-Time,On-Time,Delayed,On-Time
LA-2366,Uttar Pradesh,Prayagraj,Irrigation,64.76,69,Paid,Yes,Possession,Completed,52.0,Medium,56.35924308859089,22.0,311,Delayed,Delayed,On-Time,On-Time,On-Time
LA-2367,Karnataka,Hubballi,Railway,10.79,79,Partially Paid,Yes,Notification,Not Started,86.2,Medium,79.03820109316358,18.7,211,Delayed,On-Time,Delayed,Delayed,Delayed
LA-2368,Bihar,Gaya,Irrigation,84.74,145,Partially Paid,No,Compensation,In Progress,81.0,Medium,84.18479623490981,23.3,133,On-Time,On-Time,Delayed,On-Time,On-Time
LA-2369,Uttar Pradesh,Prayagraj,Metro,171.15,225,Paid,No,Notification,Not Started,48.8,High,63.534789553081744,21.2,150,Delayed,Delayed,On-Time,On-Time,On-Time
LA-2370,Maharashtra,Nagpur,Highway,132.25,236,Paid,No,Possession,In Progress,93.3,Medium,63.82250891754592,13.5,203,Delayed,On-Time,On-Time,On-Time,On-Time
LA-2371,West Bengal,Kolkata,Industrial Corridor,50.33,91,Paid,No,Possession,Completed,67.5,Medium,84.0587090788299,50.4,207,On-Time,On-Time,Delayed,On-Time,On-Time
LA-2372,Uttar Pradesh,Lucknow,Power Project,39.71,114,Paid,No,Notification,Not Started,30.1,High,82.38263235498087,24.9,127,Delayed,On-Time,On-Time,On-Time,Delayed
LA-2373,Bihar,Muzaffarpur,Industrial Corridor,90.87,116,Paid,No,Approval,Pending,29.4,High,80.47138531466223,19.2,96,On-Time,Delayed,Delayed,On-Time,On-Time
LA-2374,Rajasthan,Jaipur,Railway,20.47,82,Pending,No,Notification,Not Started,43.0,High,58.95903681629419,9.7,154,On-Time,On-Time,On-Time,On-Time,On-Time
LA-2375,Maharashtra,Nagpur,Metro,121.17,212,Paid,No,Possession,Completed,62.6,High,55.12297022096843,3.3,169,On-Time,On-Time,On-Time,Delayed,On-Time
LA-2376,Bihar,Bhagalpur,Irrigation,31.46,98,Paid,No,Notification,Not Started,58.8,High,89.54965587211083,34.2,157,Delayed,On-Time,On-Time,On-Time,On-Time
LA-2377,Gujarat,Surat,Airport,41.42,112,Paid,No,Possession,Completed,49.4,High,74.14566133455067,16.4,89,On-Time,Delayed,Delayed,On-Time,On-Time
LA-2378,Rajasthan,Jaipur,Power Project,40.38,38,Pending,Yes,Possession,Completed,23.9,Medium,53.877827303809035,14.6,260,On-Time,Delayed,Delayed,On-Time,Delayed
LA-2379,Gujarat,Surat,Metro,135.82,328,Paid,No,Compensation,In Progress,65.9,High,63.40463003855304,37.5,188,On-Time,Delayed,On-Time,On-Time,On-Time
LA-2380,Madhya Pradesh,Indore,Industrial Corridor,37.4,84,Paid,No,Approval,Not Started,94.6,High,66.2745809239158,1.7,152,On-Time,On-Time,On-Time,On-Time,On-Time
LA-2381,Uttar Pradesh,Lucknow,Airport,40.92,117,Partially Paid,Yes,Approval,Not Started,73.7,High,63.415311787974815,3.6,184,On-Time,On-Time,On-Time,On-Time,On-Time
LA-2382,Gujarat,Vadodara,Metro,219.23,278,Pending,Yes,Compensation,Pending,77.8,Medium,60.61612961689812,15.2,241,Delayed,Delayed,Delayed,On-Time,Delayed
LA-2383,West Bengal,Kolkata,Highway,126.85,270,Pending,No,Compensation,Pending,78.0,High,83.45902668898125,22.4,114,On-Time,On-Time,On-Time,Delayed,On-Time
LA-2384,Maharashtra,Pune,Power Project,90.8,177,Paid,No,Compensation,In Progress,62.8,Medium,72.92606201885472,12.9,132,On-Time,On-Time,On-Time,On-Time,Delayed
LA-2385,Karnataka,Mysuru,Railway,90.33,132,Partially Paid,No,Compensation,Pending,87.8,Medium,95.0,20.4,88,On-Time,On-Time,On-Time,On-Time,On-Time
LA-2386,Maharashtra,Aurangabad,Metro,10.22,5,Paid,No,Approval,Pending,81.8,Medium,84.28075784786434,15.0,183,On-Time,Delayed,On-Time,Delayed,On-Time
LA-2387,Tamil Nadu,Coimbatore,Metro,98.18,171,Paid,No,Possession,Completed,71.6,High,67.04467380743166,25.0,155,On-Time,On-Time,On-Time,On-Time,On-Time
LA-2388,Uttar Pradesh,Varanasi,Highway,191.66,272,Paid,No,Notification,Not Started,82.8,Medium,86.25660636342646,11.1,118,On-Time,Delayed,On-Time,On-Time,On-Time
LA-2389,West Bengal,Howrah,Industrial Corridor,40.88,58,Paid,Yes,Compensation,Pending,33.8,High,70.2923989669115,28.0,209,Delayed,On-Time,Delayed,On-Time,On-Time
LA-2390,Rajasthan,Jodhpur,Irrigation,10.45,72,Pending,No,Possession,In Progress,50.7,Low,95.0,6.2,135,Delayed,On-Time,On-Time,On-Time,On-Time
LA-2391,Maharashtra,Nagpur,Irrigation,30.31,131,Pending,No,Notification,Not Started,72.8,Medium,60.2758473425965,14.6,177,On-Time,Delayed,Delayed,On-Time,On-Time
LA-2392,Delhi,North Delhi,Power Project,20.85,80,Paid,No,Compensation,In Progress,39.6,Medium,71.79567375681529,33.2,208,On-Time,On-Time,On-Time,On-Time,On-Time
LA-2393,Uttar Pradesh,Agra,Power Project,103.43,240,Paid,Yes,Possession,Completed,37.9,Low,55.98943797048962,56.8,343,Delayed,Delayed,Delayed,Delayed,Delayed
LA-2394,Rajasthan,Udaipur,Railway,124.23,189,Paid,Yes,Compensation,In Progress,46.1,Medium,59.28405870258474,45.5,311,On-Time,On-Time,On-Time,On-Time,Delayed
LA-2395,Maharashtra,Mumbai,Metro,128.88,194,Partially Paid,Yes,Notification,Not Started,68.3,High,59.87908438629395,9.4,225,Delayed,On-Time,On-Time,On-Time,On-Time
LA-2396,Tamil Nadu,Chennai,Airport,53.47,124,Pending,No,Notification,Not Started,57.4,High,83.54355059163153,21.6,132,On-Time,On-Time,On-Time,On-Time,On-Time
LA-2397,Gujarat,Surat,Metro,173.08,395,Pending,No,Approval,Pending,88.6,Medium,68.1204799532266,33.2,196,On-Time,Delayed,Delayed,On-Time,Delayed
LA-2398,Maharashtra,Aurangabad,Irrigation,10.48,64,Partially Paid,Yes,Approval,Pending,37.9,Low,28.115665704114505,23.2,365,Delayed,On-Time,Delayed,Delayed,On-Time
LA-2399,Madhya Pradesh,Gwalior,Railway,48.65,61,Paid,No,Possession,In Progress,40.4,Low,66.40488315822438,10.0,204,On-Time,On-Time,On-Time,On-Time,Delayed
LA-2400,Karnataka,Mangaluru,Metro,60.65,148,Pending,No,Compensation,Pending,50.4,Medium,50.391737208238794,8.2,215,On-Time,On-Time,On-Time,On-Time,Delayed
LA-2401,Uttar Pradesh,Varanasi,Highway,128.66,224,Paid,No,Approval,Pending,29.6,High,58.38996240090668,9.3,165,On-Time,On-Time,On-Time,On-Time,On-Time
LA-2402,Uttar Pradesh,Kanpur,Irrigation,21.41,58,Pending,Yes,Possession,In Progress,61.8,Medium,82.25936014569183,52.6,272,Delayed,On-Time,Delayed,Delayed,Delayed
LA-2403,Delhi,South Delhi,Metro,83.63,168,Paid,No,Compensation,In Progress,32.3,Medium,44.84812328088728,27.8,272,Delayed,Delayed,On-Time,On-Time,On-Time
LA-2404,Karnataka,Hubballi,Metro,155.91,256,Partially Paid,No,Approval,Not Started,64.0,High,46.577694433527554,21.7,186,Delayed,Delayed,Delayed,On-Time,Delayed
LA-2405,Karnataka,Hubballi,Irrigation,139.84,267,Paid,No,Approval,Pending,41.2,Medium,40.092930052949384,38.4,294,On-Time,Delayed,On-Time,On-Time,On-Time
LA-2406,Rajasthan,Udaipur,Airport,50.43,76,Paid,No,Notification,Not Started,60.5,Medium,59.18866099820604,23.0,224,On-Time,Delayed,On-Time,On-Time,On-Time
LA-2407,Bihar,Muzaffarpur,Irrigation,112.42,183,Partially Paid,No,Possession,In Progress,80.0,Low,39.65589769492589,24.5,287,On-Time,Delayed,On-Time,On-Time,On-Time
LA-2408,Tamil Nadu,Chennai,Highway,54.02,154,Partially Paid,No,Compensation,In Progress,70.5,Medium,40.91424232819074,19.3,234,On-Time,Delayed,On-Time,On-Time,On-Time
LA-2409,Madhya Pradesh,Gwalior,Highway,55.54,111,Pending,No,Possession,In Progress,90.2,High,61.55301238920813,4.7,128,On-Time,On-Time,On-Time,On-Time,Delayed
LA-2410,Bihar,Muzaffarpur,Metro,72.18,136,Partially Paid,No,Approval,Pending,42.0,High,69.70565869942118,11.0,139,On-Time,On-Time,On-Time,Delayed,On-Time
LA-2411,Uttar Pradesh,Varanasi,Power Project,232.09,311,Paid,Yes,Possession,In Progress,58.3,Low,51.33311715211434,15.3,317,On-Time,Delayed,On-Time,Delayed,On-Time
LA-2412,Uttar Pradesh,Varanasi,Airport,226.7,273,Pending,Yes,Notification,Not Started,59.2,Low,70.41658037354648,33.7,301,Delayed,Delayed,On-Time,Delayed,Delayed
LA-2413,Maharashtra,Nagpur,Metro,152.6,288,Pending,No,Possession,Completed,63.1,High,66.66007414446139,37.3,192,On-Time,On-Time,Delayed,Delayed,On-Time
LA-2414,Delhi,North Delhi,Irrigation,31.87,50,Paid,No,Possession,Completed,43.8,Medium,73.10228108526464,5.3,168,Delayed,Delayed,On-Time,On-Time,On-Time
LA-2415,Rajasthan,Udaipur,Metro,151.22,192,Pending,No,Approval,Pending,40.5,Low,49.3900784200367,13.0,222,On-Time,On-Time,Delayed,Delayed,On-Time
LA-2416,West Bengal,Siliguri,Railway,72.55,76,Pending,No,Possession,Completed,84.1,Low,94.75930681422177,19.8,145,On-Time,On-Time,Delayed,Delayed,On-Time
LA-2417,Delhi,New Delhi,Railway,122.27,150,Partially Paid,No,Possession,In Progress,60.1,Medium,47.90978038747263,8.0,179,On-Time,Delayed,Delayed,Delayed,On-Time
LA-2418,Uttar Pradesh,Prayagraj,Power Project,46.65,67,Paid,No,Possession,In Progress,22.4,High,55.61885847901028,32.3,203,On-Time,On-Time,On-Time,On-Time,On-Time
LA-2419,Rajasthan,Jaipur,Airport,135.12,196,Partially Paid,No,Approval,Not Started,54.0,Medium,72.7246173834564,41.0,236,On-Time,On-Time,Delayed,Delayed,Delayed
LA-2420,West Bengal,Durgapur,Industrial Corridor,139.35,145,Paid,No,Compensation,In Progress,85.9,High,66.76712101081861,60.0,189,On-Time,On-Time,On-Time,On-Time,On-Time
LA-2421,Maharashtra,Nagpur,Railway,92.5,96,Partially Paid,No,Possession,Completed,92.9,Low,77.70378338281742,19.0,176,On-Time,On-Time,Delayed,Delayed,On-Time
LA-2422,Rajasthan,Jodhpur,Industrial Corridor,124.72,151,Partially Paid,No,Possession,In Progress,70.5,High,60.3512897712962,19.7,140,On-Time,Delayed,On-Time,On-Time,On-Time
LA-2423,Delhi,New Delhi,Highway,122.51,122,Pending,No,Approval,Not Started,31.9,Medium,46.59801521090476,46.5,254,Delayed,On-Time,Delayed,Delayed,On-Time
LA-2424,Uttar Pradesh,Kanpur,Railway,49.6,117,Partially Paid,Yes,Possession,In Progress,84.1,Medium,42.12409293974201,42.8,302,Delayed,Delayed,Delayed,On-Time,On-Time
LA-2425,West Bengal,Siliguri,Railway,198.65,362,Paid,No,Notification,Not Started,53.2,Medium,91.69417360602517,30.7,174,On-Time,Delayed,On-Time,Delayed,Delayed
LA-2426,West Bengal,Siliguri,Airport,63.53,98,Partially Paid,Yes,Possession,Pending,16.4,Medium,60.45511439190763,14.1,279,Delayed,On-Time,On-Time,On-Time,Delayed
LA-2427,Delhi,New Delhi,Power Project,20.29,65,Paid,No,Approval,Not Started,65.9,High,62.48907078607817,13.3,159,On-Time,On-Time,On-Time,On-Time,On-Time
LA-2428,West Bengal,Howrah,Industrial Corridor,194.55,175,Paid,No,Approval,Not Started,85.9,Medium,92.02087121412943,17.7,150,On-Time,On-Time,On-Time,On-Time,On-Time
LA-2429,Madhya Pradesh,Indore,Irrigation,88.31,152,Paid,No,Compensation,Pending,77.6,High,57.618605545517056,22.5,195,On-Time,On-Time,On-Time,On-Time,On-Time
LA-2430,Bihar,Bhagalpur,Railway,135.84,175,Paid,No,Approval,Not Started,39.5,High,65.36362658773322,27.5,169,On-Time,On-Time,On-Time,On-Time,On-Time
LA-2431,Rajasthan,Jodhpur,Railway,84.67,189,Pending,No,Compensation,In Progress,59.5,Low,49.51176447043414,29.5,238,Delayed,On-Time,Delayed,Delayed,On-Time
LA-2432,Rajasthan,Jaipur,Airport,21.87,40,Partially Paid,No,Compensation,Pending,17.0,Medium,45.315357920156444,23.8,220,On-Time,Delayed,On-Time,On-Time,Delayed
LA-2433,Rajasthan,Udaipur,Airport,64.54,101,Pending,Yes,Approval,Not Started,78.3,Medium,93.34665332019969,15.7,200,Delayed,On-Time,On-Time,On-Time,Delayed
LA-2434,Karnataka,Hubballi,Power Project,84.76,79,Paid,No,Notification,Not Started,48.3,Medium,93.55451405850194,4.9,95,On-Time,On-Time,On-Time,On-Time,On-Time
LA-2435,Uttar Pradesh,Varanasi,Industrial Corridor,139.38,144,Partially Paid,No,Possession,In Progress,30.4,Medium,80.31568560189129,32.6,213,On-Time,Delayed,On-Time,On-Time,On-Time
LA-2436,Delhi,South Delhi,Highway,92.22,182,Partially Paid,No,Approval,Not Started,22.0,Medium,79.81269575726692,22.7,168,On-Time,On-Time,On-Time,On-Time,Delayed
LA-2437,Maharashtra,Nashik,Irrigation,64.44,112,Paid,No,Compensation,Pending,31.7,Medium,76.31552633060627,21.3,171,On-Time,Delayed,On-Time,On-Time,On-Time
LA-2438,Karnataka,Mangaluru,Power Project,67.85,168,Pending,No,Compensation,Pending,78.4,Low,53.91053845459183,17.8,258,On-Time,On-Time,Delayed,On-Time,On-Time
LA-2439,Uttar Pradesh,Varanasi,Highway,133.21,240,Paid,No,Possession,Pending,29.7,Medium,69.36093123445607,60.0,247,On-Time,On-Time,Delayed,On-Time,On-Time
LA-2440,Karnataka,Bengaluru,Metro,145.72,315,Partially Paid,No,Compensation,In Progress,53.2,Medium,57.443293265828146,48.1,242,On-Time,On-Time,On-Time,On-Time,On-Time
LA-2441,West Bengal,Howrah,Railway,36.24,67,Paid,No,Notification,Not Started,60.8,Medium,26.153717080135927,33.8,319,On-Time,Delayed,On-Time,On-Time,On-Time
LA-2442,Uttar Pradesh,Varanasi,Industrial Corridor,89.46,201,Paid,No,Possession,In Progress,69.7,High,81.78904510977195,28.5,148,On-Time,On-Time,On-Time,On-Time,On-Time
LA-2443,Karnataka,Mangaluru,Power Project,143.14,201,Pending,No,Possession,Pending,79.9,Medium,73.31975087734023,23.5,169,Delayed,On-Time,Delayed,On-Time,Delayed
LA-2444,Gujarat,Ahmedabad,Railway,229.74,369,Pending,No,Compensation,Pending,22.9,Low,45.24171087552287,10.8,249,Delayed,Delayed,Delayed,Delayed,Delayed
LA-2445,Bihar,Gaya,Industrial Corridor,191.98,307,Partially Paid,Yes,Possession,In Progress,51.2,High,59.59568617079962,16.3,230,On-Time,Delayed,Delayed,On-Time,On-Time
LA-2446,Uttar Pradesh,Kanpur,Industrial Corridor,23.94,34,Pending,No,Compensation,In Progress,85.3,High,80.78285581640053,44.7,149,On-Time,On-Time,On-Time,On-Time,On-Time
LA-2447,Karnataka,Mysuru,Industrial Corridor,82.27,165,Paid,No,Compensation,Pending,31.0,Medium,66.9791036138773,22.1,205,On-Time,On-Time,On-Time,On-Time,On-Time
LA-2448,Bihar,Bhagalpur,Railway,23.41,89,Partially Paid,No,Approval,Not Started,60.5,High,39.518310382286955,48.8,244,On-Time,On-Time,On-Time,On-Time,Delayed
LA-2449,West Bengal,Siliguri,Power Project,218.6,287,Paid,No,Compensation,In Progress,57.5,Low,46.802182448170406,23.6,246,On-Time,Delayed,On-Time,On-Time,Delayed
LA-2450,Karnataka,Hubballi,Irrigation,97.44,138,Partially Paid,No,Approval,Not Started,58.6,High,92.85926282191663,3.9,84,On-Time,On-Time,On-Time,On-Time,On-Time
LA-2451,Rajasthan,Kota,Airport,145.26,221,Paid,No,Notification,Not Started,23.1,High,65.987903847437,32.8,198,On-Time,On-Time,On-Time,On-Time,Delayed
LA-2452,Madhya Pradesh,Gwalior,Railway,39.5,83,Paid,No,Notification,Not Started,67.2,Low,80.87774885523184,22.9,151,On-Time,Delayed,On-Time,On-Time,Delayed
LA-2453,Bihar,Patna,Industrial Corridor,50.62,77,Pending,No,Approval,Not Started,55.5,High,92.57507753943835,60.0,150,On-Time,On-Time,Delayed,On-Time,On-Time
LA-2454,Madhya Pradesh,Gwalior,Power Project,107.27,117,Paid,No,Approval,Not Started,58.1,Medium,58.11716587717634,19.1,158,On-Time,On-Time,On-Time,Delayed,Delayed
LA-2455,Delhi,New Delhi,Irrigation,182.34,422,Paid,No,Compensation,Pending,54.1,Low,70.2807726642774,17.6,138,On-Time,On-Time,On-Time,Delayed,On-Time
LA-2456,West Bengal,Howrah,Metro,15.7,54,Paid,No,Approval,Not Started,77.5,Medium,35.50041600929967,17.3,246,On-Time,Delayed,On-Time,On-Time,On-Time
LA-2457,Karnataka,Mangaluru,Highway,168.75,313,Paid,No,Possession,In Progress,80.8,Medium,55.89410772747882,14.6,174,On-Time,Delayed,On-Time,Delayed,Delayed
LA-2458,Karnataka,Hubballi,Industrial Corridor,98.17,154,Paid,No,Approval,Pending,44.8,High,73.63623827475048,44.4,195,Delayed,On-Time,On-Time,On-Time,On-Time
LA-2459,Uttar Pradesh,Varanasi,Metro,12.8,5,Paid,No,Approval,Not Started,69.0,High,62.11872146235429,60.0,202,On-Time,On-Time,On-Time,On-Time,On-Time
LA-2460,Karnataka,Hubballi,Airport,133.83,186,Partially Paid,Yes,Notification,Not Started,53.9,High,71.77820362272324,25.0,241,On-Time,Delayed,On-Time,On-Time,On-Time
LA-2461,Gujarat,Vadodara,Irrigation,139.3,218,Partially Paid,No,Approval,Not Started,79.0,High,78.94815643770258,33.8,159,On-Time,On-Time,On-Time,Delayed,On-Time
LA-2462,Karnataka,Mysuru,Irrigation,86.33,106,Pending,No,Notification,Not Started,81.6,Medium,73.40389791999478,18.4,152,On-Time,On-Time,On-Time,Delayed,On-Time
LA-2463,Uttar Pradesh,Prayagraj,Industrial Corridor,54.56,79,Pending,No,Compensation,In Progress,49.6,High,69.96234087947957,60.0,200,On-Time,On-Time,Delayed,Delayed,Delayed
LA-2464,Karnataka,Bengaluru,Irrigation,42.39,76,Partially Paid,No,Possession,In Progress,80.0,Medium,67.86290461478801,29.9,203,On-Time,Delayed,On-Time,On-Time,On-Time
LA-2465,West Bengal,Siliguri,Metro,114.97,285,Paid,No,Notification,Not Started,40.5,High,56.476916386877626,18.0,185,Delayed,On-Time,On-Time,On-Time,On-Time
LA-2466,Delhi,South Delhi,Industrial Corridor,26.07,98,Paid,No,Approval,Pending,73.9,Medium,51.144466167681855,43.1,280,On-Time,On-Time,On-Time,On-Time,Delayed
LA-2467,West Bengal,Howrah,Railway,205.09,286,Pending,No,Notification,Not Started,68.1,High,85.33421566060946,23.2,128,On-Time,On-Time,Delayed,On-Time,Delayed
LA-2468,Gujarat,Surat,Power Project,42.91,72,Partially Paid,Yes,Possession,In Progress,88.7,High,76.88620302927416,4.9,188,Delayed,On-Time,Delayed,On-Time,Delayed
LA-2469,Bihar,Gaya,Metro,158.32,205,Paid,No,Possession,Pending,94.0,Medium,53.16287270292614,9.9,199,On-Time,Delayed,On-Time,On-Time,Delayed
LA-2470,Tamil Nadu,Coimbatore,Power Project,136.59,268,Paid,No,Notification,Not Started,57.3,Medium,65.96139804234822,8.0,165,On-Time,On-Time,On-Time,On-Time,On-Time
LA-2471,Madhya Pradesh,Indore,Railway,105.22,135,Pending,Yes,Approval,Not Started,64.6,Low,44.12160904856954,47.0,365,On-Time,Delayed,Delayed,Delayed,Delayed
LA-2472,Karnataka,Bengaluru,Railway,166.36,395,Partially Paid,Yes,Possession,In Progress,84.6,Low,57.83159248974804,13.9,282,Delayed,On-Time,Delayed,On-Time,Delayed
LA-2473,Bihar,Patna,Power Project,36.8,68,Partially Paid,No,Approval,Not Started,56.4,Medium,73.03554731861378,8.7,165,Delayed,On-Time,Delayed,On-Time,On-Time
LA-2474,Gujarat,Ahmedabad,Metro,159.46,332,Paid,No,Compensation,In Progress,69.0,Medium,68.90305684064622,29.3,179,Delayed,On-Time,On-Time,Delayed,On-Time
LA-2475,Maharashtra,Nashik,Power Project,155.21,256,Partially Paid,No,Approval,Pending,79.6,High,66.73661369083312,27.5,171,On-Time,On-Time,On-Time,On-Time,On-Time
LA-2476,Karnataka,Mysuru,Power Project,155.64,271,Pending,No,Compensation,Pending,74.3,High,51.745746384879894,43.7,221,On-Time,Delayed,Delayed,Delayed,Delayed
LA-2477,Tamil Nadu,Madurai,Highway,119.29,241,Pending,No,Possession,Completed,93.4,Low,48.703247387766645,51.2,312,On-Time,On-Time,On-Time,On-Time,Delayed
LA-2478,Tamil Nadu,Coimbatore,Metro,35.74,124,Partially Paid,Yes,Possession,In Progress,25.1,High,79.24978126081376,19.2,210,On-Time,Delayed,On-Time,On-Time,On-Time
LA-2479,Tamil Nadu,Chennai,Highway,63.38,93,Partially Paid,Yes,Possession,Completed,35.9,High,90.40410060554859,58.3,226,On-Time,On-Time,Delayed,On-Time,On-Time
LA-2480,Gujarat,Vadodara,Industrial Corridor,170.02,247,Partially Paid,No,Approval,Pending,73.9,High,73.24940487632044,45.7,160,On-Time,Delayed,On-Time,Delayed,Delayed
LA-2481,Tamil Nadu,Chennai,Irrigation,64.7,177,Paid,No,Compensation,In Progress,64.8,High,62.415489258409444,4.7,163,On-Time,On-Time,On-Time,On-Time,On-Time
LA-2482,Uttar Pradesh,Agra,Power Project,36.3,121,Paid,No,Approval,Not Started,50.5,Medium,83.37550042668862,32.5,164,On-Time,Delayed,Delayed,On-Time,On-Time
LA-2483,Rajasthan,Jaipur,Industrial Corridor,303.92,283,Pending,Yes,Possession,Completed,83.9,High,52.367634359344706,12.5,277,Delayed,On-Time,Delayed,Delayed,On-Time
LA-2484,Delhi,North Delhi,Metro,17.24,21,Partially Paid,Yes,Compensation,Pending,67.1,High,80.79593359633532,11.5,138,On-Time,On-Time,On-Time,Delayed,Delayed
LA-2485,Maharashtra,Nashik,Power Project,56.86,157,Partially Paid,Yes,Approval,Not Started,88.9,High,56.050710518056945,56.4,311,Delayed,On-Time,Delayed,On-Time,Delayed
LA-2486,Gujarat,Rajkot,Irrigation,130.34,144,Pending,No,Notification,Not Started,51.0,Medium,56.78720618890431,44.2,260,Delayed,On-Time,On-Time,On-Time,On-Time
LA-2487,Gujarat,Ahmedabad,Industrial Corridor,321.29,452,Pending,No,Compensation,Pending,39.4,Medium,60.00812620664258,47.3,243,On-Time,On-Time,Delayed,On-Time,Delayed
LA-2488,Karnataka,Hubballi,Airport,71.2,146,Partially Paid,Yes,Possession,Completed,83.3,High,63.482097240985745,22.4,246,On-Time,On-Time,Delayed,On-Time,Delayed
LA-2489,Gujarat,Surat,Railway,65.82,50,Paid,Yes,Compensation,In Progress,44.8,Medium,78.72407337315356,6.2,228,On-Time,Delayed,Delayed,Delayed,Delayed
LA-2490,Gujarat,Rajkot,Power Project,79.87,190,Paid,Yes,Notification,Not Started,41.0,High,45.43502376632047,6.6,271,On-Time,On-Time,On-Time,On-Time,On-Time
LA-2491,Maharashtra,Pune,Irrigation,36.92,12,Pending,No,Notification,Not Started,23.0,Medium,55.93380636879452,11.1,207,Delayed,Delayed,Delayed,On-Time,On-Time
LA-2492,Gujarat,Surat,Railway,27.79,17,Paid,No,Approval,Not Started,65.8,Medium,68.14474075208378,46.4,248,On-Time,On-Time,On-Time,On-Time,On-Time
LA-2493,Uttar Pradesh,Agra,Highway,158.68,170,Pending,No,Possession,Completed,73.6,Low,73.36737885874835,17.2,190,On-Time,Delayed,Delayed,On-Time,Delayed
LA-2494,Delhi,New Delhi,Industrial Corridor,89.48,61,Paid,No,Possession,In Progress,49.2,High,39.427346294961445,55.9,298,On-Time,Delayed,On-Time,On-Time,On-Time
LA-2495,Madhya Pradesh,Bhopal,Highway,15.65,130,Partially Paid,No,Possession,Completed,50.0,High,53.14399275907707,14.2,154,On-Time,On-Time,On-Time,On-Time,On-Time
LA-2496,Karnataka,Mysuru,Irrigation,35.28,111,Partially Paid,No,Compensation,In Progress,50.0,High,38.76910932413675,60.0,292,On-Time,Delayed,On-Time,On-Time,On-Time
LA-2497,Madhya Pradesh,Jabalpur,Power Project,222.83,311,Paid,No,Compensation,Pending,94.0,High,54.50810416191422,41.5,221,On-Time,Delayed,On-Time,On-Time,On-Time
LA-2498,Rajasthan,Jodhpur,Railway,189.16,334,Pending,No,Compensation,Pending,54.4,High,58.43995088922179,11.9,206,On-Time,On-Time,Delayed,On-Time,On-Time
LA-2499,Gujarat,Rajkot,Railway,44.07,105,Partially Paid,No,Compensation,Pending,72.5,High,72.54126845996775,24.2,157,On-Time,On-Time,On-Time,On-Time,On-Time
LA-2500,Bihar,Bhagalpur,Industrial Corridor,116.99,215,Paid,Yes,Compensation,Pending,78.4,High,30.63527842438362,43.9,353,Delayed,On-Time,Delayed,Delayed,Delayed
LA-2501,Rajasthan,Kota,Power Project,22.8,72,Paid,No,Approval,Pending,66.7,Low,74.79902905562923,25.2,175,On-Time,On-Time,On-Time,On-Time,On-Time
LA-2502,Rajasthan,Kota,Airport,57.31,165,Partially Paid,No,Compensation,Pending,67.0,High,57.35964595814928,17.4,188,On-Time,Delayed,Delayed,Delayed,On-Time
LA-2503,Delhi,South Delhi,Airport,433.87,540,Paid,No,Notification,Not Started,57.1,Low,59.88651609517504,16.8,231,On-Time,Delayed,On-Time,On-Time,On-Time
LA-2504,Maharashtra,Pune,Industrial Corridor,103.63,175,Pending,No,Approval,Pending,61.0,Low,79.56943398188272,14.1,197,On-Time,On-Time,On-Time,On-Time,On-Time
LA-2505,Gujarat,Vadodara,Power Project,58.54,117,Paid,No,Possession,In Progress,58.1,Low,85.17332153058396,13.7,151,On-Time,On-Time,On-Time,On-Time,On-Time
LA-2506,Gujarat,Vadodara,Industrial Corridor,78.65,180,Paid,No,Possession,In Progress,64.3,Low,55.17326635318394,20.6,231,On-Time,On-Time,On-Time,On-Time,On-Time
LA-2507,Madhya Pradesh,Bhopal,Power Project,48.37,78,Paid,No,Compensation,Pending,22.1,Medium,55.07217358454462,10.5,199,On-Time,On-Time,On-Time,Delayed,Delayed
LA-2508,Rajasthan,Udaipur,Irrigation,23.56,80,Paid,No,Notification,Not Started,82.5,Medium,59.68666553329047,16.2,194,On-Time,On-Time,On-Time,On-Time,On-Time
LA-2509,Madhya Pradesh,Jabalpur,Irrigation,192.06,337,Paid,No,Possession,Completed,75.2,High,54.998303031930334,34.4,207,On-Time,On-Time,On-Time,On-Time,On-Time
LA-2510,Tamil Nadu,Madurai,Highway,13.07,55,Pending,No,Compensation,In Progress,56.2,Medium,43.47364808228323,11.7,224,Delayed,On-Time,On-Time,Delayed,Delayed
LA-2511,Tamil Nadu,Salem,Industrial Corridor,128.96,172,Paid,No,Approval,Pending,81.8,Low,64.52867150144087,9.3,195,On-Time,On-Time,On-Time,On-Time,On-Time
LA-2512,Karnataka,Bengaluru,Power Project,71.87,154,Paid,No,Compensation,In Progress,38.5,High,55.100319024904806,9.1,159,On-Time,On-Time,On-Time,On-Time,On-Time
LA-2513,West Bengal,Kolkata,Airport,194.24,267,Paid,No,Approval,Not Started,87.9,High,66.46784230578722,17.1,138,On-Time,On-Time,On-Time,On-Time,On-Time
LA-2514,Delhi,South Delhi,Power Project,72.96,130,Partially Paid,No,Compensation,Pending,35.2,Medium,90.63037307140917,10.0,179,On-Time,On-Time,On-Time,Delayed,Delayed
LA-2515,Uttar Pradesh,Prayagraj,Irrigation,94.2,138,Partially Paid,No,Possession,Completed,53.1,Medium,63.41525539302584,19.9,200,On-Time,On-Time,On-Time,On-Time,On-Time
LA-2516,Delhi,North Delhi,Power Project,76.14,63,Pending,No,Notification,Not Started,86.3,Low,53.664454946605694,29.0,291,Delayed,Delayed,On-Time,On-Time,Delayed
LA-2517,Madhya Pradesh,Jabalpur,Industrial Corridor,124.55,152,Paid,No,Notification,Not Started,12.9,High,60.91664923653573,13.5,138,On-Time,On-Time,On-Time,On-Time,On-Time
LA-2518,Bihar,Gaya,Highway,36.31,123,Partially Paid,No,Notification,Not Started,85.7,Medium,66.93035603474242,6.6,164,On-Time,On-Time,Delayed,On-Time,On-Time
LA-2519,Maharashtra,Nagpur,Highway,56.11,123,Partially Paid,Yes,Approval,Pending,20.5,High,62.51804485364028,54.5,283,On-Time,On-Time,Delayed,Delayed,Delayed
LA-2520,West Bengal,Howrah,Highway,187.21,340,Partially Paid,No,Notification,Not Started,77.7,Low,56.557562759587135,19.4,244,On-Time,On-Time,On-Time,On-Time,On-Time
LA-2521,Delhi,New Delhi,Highway,133.69,317,Paid,Yes,Approval,Not Started,54.6,High,40.14892318783245,22.0,292,On-Time,Delayed,On-Time,On-Time,Delayed
LA-2522,West Bengal,Siliguri,Irrigation,104.18,217,Pending,Yes,Notification,Not Started,42.7,Low,74.50501911872837,35.6,277,On-Time,On-Time,Delayed,Delayed,Delayed
LA-2523,Gujarat,Surat,Metro,94.44,97,Paid,No,Approval,Not Started,75.8,High,51.601508247099616,9.1,180,On-Time,On-Time,On-Time,On-Time,On-Time
LA-2524,Uttar Pradesh,Kanpur,Industrial Corridor,63.29,100,Paid,No,Approval,Not Started,81.7,High,86.93714324591262,14.1,113,On-Time,On-Time,On-Time,On-Time,On-Time
LA-2525,Rajasthan,Jaipur,Railway,70.08,25,Paid,Yes,Notification,Not Started,55.6,High,59.46601113538954,22.1,255,On-Time,On-Time,On-Time,On-Time,On-Time
LA-2526,Maharashtra,Nagpur,Industrial Corridor,103.88,167,Paid,No,Compensation,Pending,83.8,High,57.252215991865945,28.5,211,On-Time,On-Time,On-Time,On-Time,Delayed
LA-2527,Maharashtra,Pune,Metro,140.58,243,Paid,No,Compensation,Pending,44.9,Medium,57.927630492819226,20.6,224,On-Time,Delayed,On-Time,On-Time,On-Time
LA-2528,Maharashtra,Nagpur,Highway,103.77,231,Partially Paid,No,Notification,Not Started,38.5,High,67.25286255732789,23.9,194,On-Time,On-Time,On-Time,On-Time,On-Time
LA-2529,Tamil Nadu,Chennai,Metro,138.41,148,Pending,No,Compensation,In Progress,36.6,High,52.003676451764704,20.7,194,Delayed,On-Time,Delayed,Delayed,Delayed
LA-2530,Rajasthan,Udaipur,Airport,120.61,154,Partially Paid,No,Possession,In Progress,70.1,High,54.87204996029538,19.5,198,On-Time,On-Time,On-Time,On-Time,On-Time
LA-2531,Maharashtra,Nashik,Airport,15.88,10,Paid,No,Possession,In Progress,68.5,Low,74.3353369731331,2.7,172,Delayed,Delayed,On-Time,On-Time,Delayed
LA-2532,Madhya Pradesh,Gwalior,Irrigation,62.52,150,Pending,No,Notification,Not Started,61.6,High,49.7342545925717,30.6,210,On-Time,Delayed,On-Time,On-Time,Delayed
LA-2533,Karnataka,Mysuru,Industrial Corridor,56.77,50,Partially Paid,Yes,Possession,Completed,86.6,High,73.2234157962652,6.9,211,On-Time,Delayed,Delayed,Delayed,On-Time
LA-2534,Maharashtra,Mumbai,Industrial Corridor,25.77,124,Paid,No,Approval,Pending,65.3,Medium,77.41196127532002,60.0,215,On-Time,On-Time,On-Time,On-Time,On-Time
LA-2535,Gujarat,Surat,Railway,126.12,296,Partially Paid,Yes,Notification,Not Started,83.6,Low,75.01459813270009,15.9,270,On-Time,Delayed,Delayed,On-Time,Delayed
LA-2536,Uttar Pradesh,Lucknow,Irrigation,153.27,230,Partially Paid,No,Approval,Pending,18.4,Low,68.50438060481238,18.1,185,On-Time,On-Time,On-Time,Delayed,Delayed
LA-2537,Uttar Pradesh,Kanpur,Railway,78.61,168,Paid,Yes,Approval,Pending,46.5,Low,37.937410181079215,24.3,365,Delayed,Delayed,On-Time,Delayed,On-Time
LA-2538,Karnataka,Bengaluru,Airport,30.37,62,Paid,Yes,Compensation,Pending,22.3,High,46.839263006338186,47.6,338,Delayed,Delayed,Delayed,On-Time,On-Time
LA-2539,Uttar Pradesh,Lucknow,Highway,32.03,60,Paid,No,Compensation,In Progress,39.7,Low,44.66936173512282,23.0,241,Delayed,On-Time,On-Time,On-Time,Delayed
LA-2540,Rajasthan,Kota,Metro,41.69,81,Pending,No,Compensation,In Progress,72.1,Medium,59.324336379091235,5.8,203,On-Time,On-Time,On-Time,On-Time,Delayed
LA-2541,Karnataka,Mysuru,Railway,54.56,112,Paid,No,Approval,Pending,71.0,Low,65.46861684466921,20.0,238,Delayed,Delayed,On-Time,On-Time,On-Time
LA-2542,Uttar Pradesh,Kanpur,Power Project,60.66,118,Paid,Yes,Approval,Not Started,54.0,High,47.13377252472738,10.3,263,Delayed,Delayed,Delayed,On-Time,Delayed
LA-2543,Madhya Pradesh,Bhopal,Railway,85.45,170,Paid,No,Approval,Not Started,16.2,Low,62.40983994456006,10.6,218,On-Time,On-Time,On-Time,On-Time,On-Time
LA-2544,Maharashtra,Aurangabad,Highway,232.3,327,Pending,No,Approval,Not Started,36.2,High,75.26306610696,11.1,138,On-Time,On-Time,On-Time,On-Time,Delayed
LA-2545,West Bengal,Durgapur,Highway,119.34,248,Paid,Yes,Possession,Pending,33.6,Medium,50.019111068844815,28.6,282,On-Time,Delayed,On-Time,Delayed,Delayed
LA-2546,Rajasthan,Udaipur,Industrial Corridor,176.79,239,Pending,No,Possession,Completed,68.4,High,52.723134900289374,30.1,246,On-Time,Delayed,Delayed,On-Time,Delayed
LA-2547,Tamil Nadu,Salem,Metro,41.42,114,Partially Paid,No,Possession,In Progress,76.3,High,82.71439248281297,34.4,103,Delayed,On-Time,Delayed,On-Time,On-Time
LA-2548,Madhya Pradesh,Gwalior,Highway,49.88,128,Partially Paid,Yes,Compensation,In Progress,50.3,Medium,51.09049677612202,14.3,255,Delayed,Delayed,Delayed,On-Time,Delayed
LA-2549,Delhi,North Delhi,Irrigation,87.74,141,Pending,No,Approval,Not Started,66.4,High,70.13412712190865,23.5,176,Delayed,On-Time,Delayed,On-Time,On-Time
LA-2550,Madhya Pradesh,Bhopal,Railway,105.55,213,Paid,No,Approval,Not Started,26.9,Medium,83.5888299419525,31.7,189,Delayed,On-Time,On-Time,On-Time,On-Time
LA-2551,West Bengal,Siliguri,Railway,56.16,145,Pending,Yes,Compensation,Pending,27.6,Medium,47.27758616643173,56.8,365,On-Time,Delayed,On-Time,Delayed,Delayed
LA-2552,Madhya Pradesh,Indore,Airport,83.8,73,Pending,No,Approval,Not Started,71.2,Medium,48.399769627624124,6.2,205,On-Time,On-Time,On-Time,On-Time,Delayed
LA-2553,Tamil Nadu,Chennai,Highway,213.15,398,Pending,No,Possession,In Progress,87.6,High,61.527783956433574,23.7,154,On-Time,On-Time,Delayed,On-Time,Delayed
LA-2554,Bihar,Bhagalpur,Power Project,57.68,142,Pending,No,Compensation,In Progress,81.1,Low,66.01400444348674,10.0,204,On-Time,Delayed,On-Time,Delayed,Delayed
LA-2555,Uttar Pradesh,Lucknow,Industrial Corridor,61.63,192,Pending,No,Approval,Not Started,77.3,Medium,55.375925734150776,27.9,238,On-Time,On-Time,On-Time,Delayed,Delayed
LA-2556,Uttar Pradesh,Agra,Metro,34.12,15,Paid,No,Possession,Completed,68.4,High,94.56923809271402,7.4,68,On-Time,Delayed,On-Time,On-Time,On-Time
LA-2557,Madhya Pradesh,Indore,Power Project,196.12,247,Paid,No,Possession,In Progress,54.0,Medium,73.07939874744844,24.2,159,Delayed,On-Time,On-Time,Delayed,Delayed
LA-2558,Gujarat,Surat,Industrial Corridor,15.6,8,Paid,No,Approval,Pending,76.2,High,52.935316033266716,14.8,177,On-Time,On-Time,On-Time,On-Time,On-Time
LA-2559,Bihar,Patna,Railway,95.79,181,Paid,No,Compensation,Pending,91.0,High,44.50988125744609,5.8,165,On-Time,On-Time,Delayed,On-Time,Delayed
LA-2560,Bihar,Gaya,Power Project,86.78,185,Partially Paid,Yes,Notification,Not Started,68.7,Medium,64.05496173565092,15.9,257,Delayed,On-Time,Delayed,Delayed,Delayed
LA-2561,Gujarat,Surat,Industrial Corridor,46.69,34,Paid,No,Compensation,In Progress,92.2,Medium,71.58257452901702,19.7,164,On-Time,Delayed,On-Time,On-Time,On-Time
LA-2562,Maharashtra,Mumbai,Railway,41.96,148,Paid,No,Notification,Not Started,90.4,High,92.60681781886849,50.5,162,On-Time,On-Time,On-Time,On-Time,On-Time
LA-2563,Tamil Nadu,Chennai,Railway,55.78,104,Pending,No,Notification,Not Started,33.1,High,66.13722151485987,22.9,153,On-Time,On-Time,On-Time,On-Time,On-Time
LA-2564,Maharashtra,Nagpur,Railway,46.52,157,Pending,No,Compensation,Pending,71.8,Low,61.35666555760915,15.0,209,On-Time,Delayed,Delayed,Delayed,On-Time
LA-2565,Tamil Nadu,Salem,Railway,39.43,117,Pending,No,Approval,Pending,52.3,High,50.35141281778513,10.3,189,On-Time,Delayed,On-Time,On-Time,On-Time
LA-2566,Gujarat,Rajkot,Irrigation,82.91,77,Pending,No,Compensation,In Progress,63.9,High,70.55573957007549,50.3,172,On-Time,Delayed,Delayed,On-Time,On-Time
LA-2567,Karnataka,Mysuru,Railway,43.85,73,Partially Paid,No,Possession,In Progress,38.5,Low,80.25037794275737,18.0,168,On-Time,On-Time,Delayed,On-Time,On-Time
LA-2568,Uttar Pradesh,Agra,Airport,98.37,120,Pending,No,Notification,Not Started,49.6,High,38.189501374003285,42.7,254,On-Time,On-Time,Delayed,On-Time,Delayed
LA-2569,Madhya Pradesh,Gwalior,Power Project,115.51,144,Paid,Yes,Compensation,In Progress,67.9,Medium,66.12036926348425,17.9,242,On-Time,Delayed,On-Time,On-Time,Delayed
LA-2570,Rajasthan,Kota,Industrial Corridor,67.16,145,Pending,No,Compensation,Pending,57.7,High,49.69775928564896,16.8,212,On-Time,On-Time,On-Time,On-Time,On-Time
LA-2571,Madhya Pradesh,Gwalior,Airport,82.24,130,Paid,No,Notification,Not Started,53.2,Medium,44.636645803168776,19.4,209,Delayed,On-Time,On-Time,On-Time,On-Time
LA-2572,Uttar Pradesh,Prayagraj,Irrigation,195.19,199,Pending,Yes,Compensation,Pending,26.7,High,90.40976950666317,35.2,205,Delayed,Delayed,On-Time,On-Time,On-Time
LA-2573,Karnataka,Bengaluru,Airport,127.4,335,Partially Paid,No,Compensation,In Progress,78.3,Low,78.30944633806313,17.7,173,Delayed,Delayed,On-Time,On-Time,On-Time
LA-2574,Bihar,Gaya,Highway,26.22,90,Partially Paid,No,Compensation,In Progress,30.3,High,55.90666177121546,26.8,218,On-Time,On-Time,On-Time,On-Time,On-Time
LA-2575,Uttar Pradesh,Prayagraj,Highway,149.51,263,Partially Paid,Yes,Possession,In Progress,53.0,Medium,62.577907744724975,60.0,309,Delayed,On-Time,Delayed,Delayed,Delayed
LA-2576,Uttar Pradesh,Lucknow,Highway,267.01,266,Pending,No,Compensation,In Progress,81.0,Low,60.24072626211674,13.3,258,Delayed,Delayed,On-Time,On-Time,On-Time
LA-2577,Delhi,North Delhi,Metro,143.4,246,Pending,No,Possession,Pending,88.6,Low,48.11559331914752,18.3,253,On-Time,On-Time,Delayed,On-Time,Delayed
LA-2578,Madhya Pradesh,Jabalpur,Highway,80.49,189,Paid,No,Compensation,Pending,84.7,High,56.88798962441649,39.9,202,On-Time,On-Time,On-Time,On-Time,On-Time
LA-2579,Madhya Pradesh,Indore,Industrial Corridor,132.96,168,Paid,No,Notification,Not Started,61.6,Low,76.75955489356986,35.9,179,On-Time,Delayed,On-Time,On-Time,On-Time
LA-2580,Rajasthan,Udaipur,Airport,132.14,138,Paid,Yes,Compensation,In Progress,59.5,High,56.512888081468795,18.8,283,On-Time,On-Time,On-Time,On-Time,On-Time
LA-2581,Maharashtra,Mumbai,Industrial Corridor,151.6,195,Paid,No,Notification,Not Started,73.8,Medium,71.96042808771023,43.9,222,On-Time,Delayed,Delayed,On-Time,On-Time
LA-2582,Gujarat,Surat,Power Project,69.59,135,Paid,No,Compensation,In Progress,81.0,High,56.629109595241,17.0,148,On-Time,On-Time,On-Time,On-Time,On-Time
LA-2583,Madhya Pradesh,Indore,Highway,22.89,43,Partially Paid,No,Compensation,In Progress,54.6,High,47.23703305045103,24.8,192,On-Time,On-Time,On-Time,Delayed,On-Time
LA-2584,Rajasthan,Jodhpur,Irrigation,59.68,51,Paid,No,Compensation,In Progress,78.3,High,82.91609485131386,34.7,113,Delayed,On-Time,On-Time,On-Time,On-Time
LA-2585,West Bengal,Durgapur,Metro,96.77,197,Pending,No,Notification,Not Started,75.2,Medium,33.04455843722382,60.0,298,Delayed,On-Time,On-Time,On-Time,Delayed
LA-2586,Uttar Pradesh,Kanpur,Power Project,185.09,230,Paid,No,Compensation,In Progress,32.1,Medium,91.77474135021231,52.0,182,On-Time,On-Time,On-Time,Delayed,On-Time
LA-2587,Karnataka,Mangaluru,Irrigation,139.52,235,Partially Paid,Yes,Notification,Not Started,53.9,High,79.96916545158946,18.0,235,Delayed,Delayed,Delayed,Delayed,On-Time
LA-2588,Gujarat,Ahmedabad,Metro,72.47,70,Paid,No,Compensation,Pending,44.5,Medium,67.74069732191025,38.6,262,On-Time,Delayed,On-Time,On-Time,Delayed
LA-2589,Gujarat,Vadodara,Power Project,82.43,193,Pending,Yes,Possession,Completed,78.8,Low,58.311809956597585,45.0,357,Delayed,Delayed,Delayed,On-Time,Delayed
LA-2590,Karnataka,Mysuru,Airport,8.87,5,Pending,No,Possession,Completed,71.9,Medium,59.48092809589551,10.9,156,On-Time,Delayed,On-Time,On-Time,On-Time
LA-2591,Karnataka,Hubballi,Industrial Corridor,86.59,115,Paid,No,Notification,Not Started,52.6,Medium,68.0369422762888,30.1,246,On-Time,On-Time,On-Time,On-Time,On-Time
LA-2592,West Bengal,Kolkata,Railway,31.47,119,Paid,No,Compensation,Pending,97.9,Low,67.77160352429384,14.0,170,Delayed,Delayed,On-Time,On-Time,On-Time
LA-2593,Uttar Pradesh,Kanpur,Industrial Corridor,266.72,282,Paid,No,Compensation,Pending,30.7,Medium,50.61236855609999,27.3,247,On-Time,Delayed,On-Time,On-Time,On-Time
LA-2594,Uttar Pradesh,Agra,Highway,32.79,87,Pending,No,Possession,Completed,50.2,High,66.0167293575729,42.7,193,On-Time,On-Time,On-Time,On-Time,On-Time
LA-2595,Karnataka,Mangaluru,Irrigation,6.65,97,Partially Paid,No,Compensation,In Progress,77.8,Medium,68.8806524083719,4.1,183,Delayed,Delayed,On-Time,On-Time,On-Time
LA-2596,Madhya Pradesh,Indore,Railway,51.56,140,Partially Paid,No,Notification,Not Started,70.7,High,60.49019103014417,55.1,207,Delayed,On-Time,On-Time,On-Time,On-Time
LA-2597,Maharashtra,Mumbai,Metro,181.31,272,Paid,No,Approval,Not Started,84.6,Medium,95.0,53.4,201,On-Time,Delayed,Delayed,On-Time,On-Time
LA-2598,Delhi,South Delhi,Airport,82.91,52,Paid,No,Compensation,Pending,48.7,Low,62.9903926302307,39.4,282,Delayed,On-Time,On-Time,On-Time,On-Time
LA-2599,Uttar Pradesh,Agra,Airport,106.87,100,Paid,No,Compensation,Pending,77.7,High,38.549726722829924,15.7,215,On-Time,Delayed,On-Time,Delayed,On-Time
LA-2600,Bihar,Bhagalpur,Metro,37.88,139,Paid,Yes,Possession,In Progress,17.2,High,49.84554313122224,50.2,311,Delayed,Delayed,Delayed,Delayed,On-Time
LA-2601,Uttar Pradesh,Varanasi,Highway,68.98,132,Paid,No,Notification,Not Started,36.2,High,75.55291770089755,35.2,182,On-Time,On-Time,On-Time,On-Time,Delayed
LA-2602,Maharashtra,Aurangabad,Metro,108.91,224,Paid,No,Possession,In Progress,84.6,High,54.163610034181765,60.0,269,On-Time,On-Time,On-Time,On-Time,On-Time
LA-2603,Uttar Pradesh,Varanasi,Power Project,47.11,27,Partially Paid,No,Notification,Not Started,33.2,Medium,50.093140829936814,18.7,209,On-Time,On-Time,On-Time,On-Time,On-Time
LA-2604,Gujarat,Vadodara,Irrigation,129.18,165,Paid,No,Possession,In Progress,30.2,Medium,85.93041607674944,6.7,115,On-Time,On-Time,On-Time,On-Time,On-Time
LA-2605,Delhi,North Delhi,Irrigation,55.38,116,Paid,No,Possession,Completed,49.5,High,67.54681657849541,21.9,145,On-Time,Delayed,On-Time,On-Time,On-Time
LA-2606,Rajasthan,Jodhpur,Highway,40.1,75,Partially Paid,No,Compensation,Pending,24.2,Low,55.981721332025884,28.7,206,On-Time,Delayed,On-Time,On-Time,Delayed
LA-2607,Delhi,North Delhi,Railway,127.64,188,Partially Paid,Yes,Compensation,In Progress,79.2,High,25.0,26.8,344,Delayed,Delayed,On-Time,On-Time,Delayed
LA-2608,Tamil Nadu,Madurai,Metro,51.06,103,Partially Paid,No,Notification,Not Started,74.2,Low,74.30507865116152,13.5,192,Delayed,On-Time,On-Time,On-Time,On-Time
LA-2609,Maharashtra,Nagpur,Highway,98.61,150,Paid,No,Notification,Not Started,68.7,High,65.23223771824719,20.7,155,On-Time,On-Time,On-Time,On-Time,On-Time
LA-2610,Rajasthan,Kota,Irrigation,87.82,82,Pending,No,Notification,Not Started,94.7,Medium,84.51113006518617,20.1,142,On-Time,On-Time,Delayed,On-Time,On-Time
LA-2611,Bihar,Muzaffarpur,Railway,149.18,272,Pending,No,Notification,Not Started,77.2,High,48.58092285593634,22.2,205,Delayed,On-Time,On-Time,On-Time,Delayed
LA-2612,Karnataka,Hubballi,Metro,93.55,232,Paid,No,Compensation,Pending,51.7,High,59.40134513620855,37.4,184,On-Time,On-Time,On-Time,On-Time,On-Time
LA-2613,Rajasthan,Udaipur,Airport,113.68,189,Paid,No,Approval,Not Started,44.2,Low,69.47929200617386,3.6,204,On-Time,On-Time,On-Time,Delayed,On-Time
LA-2614,Maharashtra,Nashik,Metro,12.61,21,Pending,No,Possession,In Progress,40.3,Medium,83.8391894815748,23.9,151,On-Time,On-Time,On-Time,On-Time,On-Time
LA-2615,Maharashtra,Nashik,Industrial Corridor,251.7,428,Pending,No,Approval,Not Started,40.2,Low,68.87704344908954,26.2,199,On-Time,On-Time,Delayed,On-Time,Delayed
LA-2616,Karnataka,Bengaluru,Metro,111.02,132,Paid,Yes,Compensation,Pending,29.5,Medium,54.38839879666178,8.6,281,Delayed,Delayed,On-Time,Delayed,On-Time
LA-2617,West Bengal,Howrah,Industrial Corridor,89.71,222,Paid,No,Compensation,In Progress,93.6,Low,84.46649538836888,31.9,182,On-Time,Delayed,On-Time,On-Time,On-Time
LA-2618,Karnataka,Hubballi,Railway,16.46,11,Pending,No,Approval,Not Started,92.4,Low,60.315752988052175,26.4,238,On-Time,Delayed,Delayed,On-Time,On-Time
LA-2619,Madhya Pradesh,Bhopal,Metro,205.11,210,Paid,No,Approval,Pending,62.7,Medium,67.70043929956576,49.6,248,On-Time,Delayed,On-Time,On-Time,Delayed
LA-2620,Karnataka,Hubballi,Railway,76.58,187,Pending,Yes,Approval,Not Started,85.4,Medium,76.2600834565007,10.9,230,On-Time,On-Time,Delayed,Delayed,Delayed
LA-2621,Rajasthan,Jaipur,Railway,159.25,138,Paid,No,Possession,Pending,15.7,Low,88.44797229885555,8.3,158,Delayed,On-Time,On-Time,On-Time,On-Time
LA-2622,Delhi,New Delhi,Irrigation,57.25,91,Pending,No,Compensation,In Progress,93.4,High,70.53328252325272,59.7,200,On-Time,On-Time,On-Time,On-Time,On-Time
LA-2623,Madhya Pradesh,Jabalpur,Highway,76.43,183,Paid,No,Approval,Pending,26.5,Low,95.0,15.2,156,On-Time,Delayed,On-Time,On-Time,On-Time
LA-2624,West Bengal,Siliguri,Railway,21.79,5,Paid,No,Possession,In Progress,71.8,Medium,63.65677826734475,43.1,215,On-Time,Delayed,On-Time,On-Time,On-Time
LA-2625,Uttar Pradesh,Prayagraj,Railway,131.5,306,Pending,Yes,Notification,Not Started,77.2,Medium,69.40349200841845,22.0,270,On-Time,Delayed,Delayed,On-Time,Delayed
LA-2626,Karnataka,Mangaluru,Irrigation,75.26,93,Paid,No,Compensation,In Progress,84.7,High,55.72028554109059,22.9,176,On-Time,Delayed,On-Time,On-Time,Delayed
LA-2627,Uttar Pradesh,Prayagraj,Irrigation,169.5,301,Paid,No,Approval,Pending,82.8,Medium,69.83886401394663,14.7,169,On-Time,On-Time,On-Time,On-Time,Delayed
LA-2628,Rajasthan,Jodhpur,Metro,84.25,127,Pending,No,Compensation,In Progress,39.1,High,69.45724873838118,19.5,130,Delayed,On-Time,On-Time,Delayed,Delayed
LA-2629,Uttar Pradesh,Varanasi,Irrigation,176.34,153,Paid,No,Possession,Pending,72.6,Low,80.6855433794745,8.9,182,Delayed,On-Time,On-Time,On-Time,On-Time
LA-2630,Rajasthan,Udaipur,Metro,184.0,327,Paid,Yes,Possession,Completed,81.4,Medium,71.6677113898496,8.3,223,On-Time,On-Time,On-Time,On-Time,On-Time
LA-2631,Tamil Nadu,Coimbatore,Airport,81.75,148,Paid,No,Approval,Not Started,69.4,High,57.09142141525423,10.8,140,On-Time,On-Time,On-Time,On-Time,On-Time
LA-2632,Maharashtra,Aurangabad,Irrigation,52.95,122,Partially Paid,Yes,Notification,Not Started,63.4,Low,68.84604909731551,26.9,287,Delayed,Delayed,Delayed,On-Time,Delayed
LA-2633,Karnataka,Hubballi,Highway,8.79,20,Partially Paid,No,Possession,Completed,22.8,Medium,54.91446702965897,28.5,239,Delayed,Delayed,On-Time,On-Time,On-Time
LA-2634,Tamil Nadu,Salem,Railway,39.53,5,Pending,No,Compensation,In Progress,37.9,Low,73.24240855658947,27.6,227,On-Time,Delayed,Delayed,Delayed,On-Time
LA-2635,West Bengal,Kolkata,Highway,323.1,605,Partially Paid,No,Notification,Not Started,47.5,High,56.61253477782059,41.4,164,On-Time,Delayed,On-Time,On-Time,Delayed
LA-2636,Maharashtra,Pune,Industrial Corridor,63.19,139,Paid,No,Compensation,Pending,46.4,Medium,44.029965571440194,33.8,239,On-Time,On-Time,On-Time,On-Time,Delayed
LA-2637,Gujarat,Vadodara,Irrigation,12.5,46,Paid,No,Approval,Not Started,53.7,Medium,48.04841668914976,8.8,236,On-Time,On-Time,On-Time,On-Time,On-Time
LA-2638,Uttar Pradesh,Prayagraj,Railway,21.86,59,Pending,No,Notification,Not Started,41.2,Medium,47.37503526059996,5.9,229,On-Time,On-Time,Delayed,Delayed,On-Time
LA-2639,West Bengal,Siliguri,Highway,73.83,144,Partially Paid,Yes,Possession,In Progress,66.0,High,57.07903981598056,35.6,249,Delayed,Delayed,Delayed,Delayed,On-Time
LA-2640,West Bengal,Siliguri,Irrigation,38.55,38,Pending,No,Compensation,In Progress,89.4,High,52.29056688404348,9.0,187,Delayed,On-Time,On-Time,On-Time,Delayed
LA-2641,Rajasthan,Jaipur,Irrigation,88.55,94,Pending,No,Approval,Pending,5.9,Low,64.66842060338921,25.6,200,Delayed,Delayed,Delayed,Delayed,Delayed
LA-2642,Bihar,Patna,Airport,31.01,77,Paid,No,Compensation,In Progress,50.7,High,59.120503704839656,12.3,143,On-Time,On-Time,On-Time,Delayed,On-Time
LA-2643,Rajasthan,Jaipur,Airport,73.28,133,Partially Paid,No,Possession,In Progress,41.8,Low,72.7427354345562,13.5,173,On-Time,On-Time,On-Time,On-Time,On-Time
LA-2644,Madhya Pradesh,Gwalior,Railway,280.12,266,Partially Paid,Yes,Notification,Not Started,72.3,High,70.74090776233524,21.4,240,On-Time,On-Time,Delayed,Delayed,Delayed
LA-2645,Uttar Pradesh,Varanasi,Industrial Corridor,60.49,141,Paid,No,Compensation,In Progress,75.8,Low,60.14153081709635,11.9,218,On-Time,Delayed,On-Time,On-Time,Delayed
LA-2646,Tamil Nadu,Madurai,Airport,76.16,115,Paid,No,Possession,In Progress,89.3,Medium,83.63478301407153,16.5,158,On-Time,On-Time,On-Time,Delayed,On-Time
LA-2647,Uttar Pradesh,Varanasi,Airport,72.15,84,Pending,No,Approval,Not Started,50.2,Medium,51.103416508163264,22.2,182,Delayed,On-Time,Delayed,On-Time,On-Time
LA-2648,Tamil Nadu,Madurai,Industrial Corridor,95.19,205,Partially Paid,No,Compensation,In Progress,54.4,High,80.09665984854928,39.2,176,On-Time,On-Time,On-Time,On-Time,Delayed
LA-2649,Tamil Nadu,Chennai,Highway,116.2,159,Partially Paid,Yes,Notification,Not Started,61.8,Low,67.34235246345861,41.3,355,Delayed,On-Time,Delayed,Delayed,Delayed
LA-2650,Karnataka,Mysuru,Airport,100.83,163,Partially Paid,Yes,Compensation,In Progress,30.6,Medium,59.08410346748628,39.5,311,Delayed,On-Time,On-Time,Delayed,Delayed
LA-2651,Delhi,New Delhi,Metro,90.32,239,Pending,Yes,Possession,In Progress,45.6,Medium,81.94132834142874,13.8,262,On-Time,Delayed,On-Time,Delayed,On-Time
LA-2652,Maharashtra,Aurangabad,Power Project,71.52,190,Paid,Yes,Notification,Not Started,78.8,High,73.35729116811174,10.7,222,On-Time,On-Time,On-Time,On-Time,Delayed
LA-2653,Maharashtra,Nagpur,Power Project,137.19,144,Partially Paid,Yes,Possession,In Progress,77.1,Medium,48.86587628590995,14.4,325,Delayed,Delayed,Delayed,Delayed,Delayed
LA-2654,Gujarat,Vadodara,Airport,37.03,113,Paid,No,Possession,In Progress,86.3,Low,70.4597090577447,12.3,193,On-Time,On-Time,On-Time,On-Time,On-Time
LA-2655,Uttar Pradesh,Varanasi,Highway,57.13,28,Pending,No,Approval,Not Started,90.4,High,70.44476599607164,41.7,188,On-Time,On-Time,Delayed,On-Time,On-Time
LA-2656,West Bengal,Kolkata,Irrigation,21.86,86,Partially Paid,No,Compensation,In Progress,73.8,Medium,80.11076191936681,24.9,154,On-Time,On-Time,Delayed,On-Time,On-Time
LA-2657,Madhya Pradesh,Jabalpur,Highway,110.22,140,Pending,Yes,Notification,Not Started,72.0,High,73.78038860100108,36.4,213,On-Time,On-Time,Delayed,Delayed,Delayed
LA-2658,Maharashtra,Mumbai,Railway,133.31,248,Paid,No,Possession,Pending,21.9,Low,74.85356634026499,8.1,166,On-Time,On-Time,On-Time,On-Time,On-Time
LA-2659,Gujarat,Surat,Metro,40.68,141,Pending,No,Compensation,Pending,26.1,Low,58.379292372149074,41.3,271,Delayed,On-Time,On-Time,On-Time,Delayed
LA-2660,Gujarat,Vadodara,Highway,119.55,220,Pending,No,Compensation,Pending,73.4,High,61.8544141757178,10.2,126,On-Time,On-Time,Delayed,On-Time,On-Time
LA-2661,Madhya Pradesh,Jabalpur,Industrial Corridor,14.6,59,Partially Paid,No,Compensation,In Progress,82.2,High,61.21791576333115,20.4,170,On-Time,On-Time,Delayed,On-Time,On-Time
LA-2662,Rajasthan,Jodhpur,Metro,36.12,131,Paid,No,Compensation,Pending,51.6,Medium,41.019513115272346,28.4,207,On-Time,On-Time,Delayed,Delayed,On-Time
LA-2663,Bihar,Gaya,Power Project,32.61,5,Paid,Yes,Possession,Completed,62.0,High,84.29982710821771,34.8,212,Delayed,On-Time,On-Time,On-Time,Delayed
LA-2664,Rajasthan,Udaipur,Metro,97.13,183,Pending,No,Compensation,Pending,78.8,Medium,48.212572485403285,26.1,238,On-Time,On-Time,Delayed,On-Time,Delayed
LA-2665,West Bengal,Siliguri,Industrial Corridor,56.43,202,Partially Paid,Yes,Possession,Completed,28.4,High,69.03082091557896,25.1,220,Delayed,Delayed,Delayed,On-Time,Delayed
LA-2666,Bihar,Gaya,Airport,380.07,687,Paid,No,Compensation,Pending,38.3,Medium,60.033615333141235,10.2,179,On-Time,On-Time,On-Time,Delayed,On-Time
LA-2667,Uttar Pradesh,Prayagraj,Industrial Corridor,60.52,104,Partially Paid,No,Notification,Not Started,59.3,High,61.42341895652463,13.1,156,On-Time,On-Time,On-Time,Delayed,On-Time
LA-2668,West Bengal,Howrah,Industrial Corridor,69.21,174,Partially Paid,No,Possession,Pending,48.5,High,75.1631360983746,17.1,128,On-Time,On-Time,On-Time,On-Time,On-Time
LA-2669,Uttar Pradesh,Varanasi,Airport,189.34,173,Paid,No,Compensation,In Progress,51.7,High,53.295241088413015,30.9,205,Delayed,Delayed,On-Time,On-Time,Delayed
LA-2670,Tamil Nadu,Coimbatore,Airport,43.46,89,Paid,Yes,Compensation,Pending,61.7,Medium,71.8486973170443,13.2,207,On-Time,On-Time,On-Time,Delayed,On-Time
LA-2671,Gujarat,Ahmedabad,Airport,69.61,168,Paid,No,Possession,Completed,77.2,Medium,71.99182428874795,35.3,175,On-Time,Delayed,On-Time,On-Time,On-Time
LA-2672,Bihar,Muzaffarpur,Airport,177.53,393,Paid,No,Notification,Not Started,43.1,High,53.36607856265783,29.4,177,On-Time,On-Time,On-Time,On-Time,On-Time
LA-2673,Bihar,Muzaffarpur,Airport,59.92,118,Paid,No,Approval,Not Started,37.8,Medium,78.6674431681947,25.2,166,On-Time,On-Time,On-Time,On-Time,On-Time
LA-2674,Tamil Nadu,Coimbatore,Industrial Corridor,18.49,99,Pending,No,Approval,Not Started,82.9,Low,85.51144361391694,14.1,206,On-Time,On-Time,Delayed,On-Time,Delayed
LA-2675,Tamil Nadu,Chennai,Railway,189.73,294,Paid,No,Compensation,In Progress,35.7,High,95.0,22.8,116,Delayed,On-Time,On-Time,Delayed,On-Time
LA-2676,Maharashtra,Nagpur,Railway,90.27,129,Paid,Yes,Possession,In Progress,73.7,Low,61.06951179520527,5.3,246,Delayed,Delayed,On-Time,On-Time,Delayed
LA-2677,Uttar Pradesh,Prayagraj,Highway,83.57,127,Paid,Yes,Possession,Pending,83.7,Medium,67.86684289627406,19.9,263,On-Time,On-Time,On-Time,On-Time,Delayed
LA-2678,Gujarat,Rajkot,Railway,198.6,236,Pending,No,Compensation,Pending,87.1,High,68.7828298743865,2.6,115,On-Time,On-Time,Delayed,Delayed,On-Time
LA-2679,Uttar Pradesh,Varanasi,Power Project,87.53,108,Paid,No,Possession,In Progress,63.6,High,74.98656591256214,22.5,135,On-Time,On-Time,On-Time,On-Time,On-Time
LA-2680,Karnataka,Mangaluru,Railway,35.85,95,Pending,No,Possession,Pending,77.3,Medium,91.22809617668966,25.0,130,On-Time,Delayed,On-Time,Delayed,On-Time
LA-2681,Maharashtra,Nashik,Industrial Corridor,148.49,279,Paid,No,Compensation,In Progress,38.8,Medium,72.30241442166653,19.4,169,On-Time,On-Time,On-Time,Delayed,On-Time
LA-2682,West Bengal,Kolkata,Airport,66.15,157,Paid,Yes,Approval,Pending,52.8,High,72.71089521309379,10.0,169,On-Time,On-Time,On-Time,On-Time,On-Time
LA-2683,Madhya Pradesh,Gwalior,Airport,69.03,87,Partially Paid,No,Compensation,In Progress,54.2,Low,48.57994585918769,40.4,281,Delayed,On-Time,On-Time,On-Time,Delayed
LA-2684,Tamil Nadu,Madurai,Irrigation,290.23,361,Partially Paid,Yes,Possession,Pending,47.1,Medium,95.0,23.3,216,Delayed,Delayed,On-Time,Delayed,Delayed
LA-2685,Uttar Pradesh,Kanpur,Irrigation,126.33,115,Pending,No,Possession,Pending,51.3,High,57.86986186191679,19.3,157,On-Time,On-Time,Delayed,On-Time,Delayed
LA-2686,Bihar,Gaya,Irrigation,86.27,63,Pending,Yes,Compensation,Pending,68.8,High,25.10563868085805,16.2,298,On-Time,Delayed,Delayed,On-Time,Delayed
LA-2687,West Bengal,Howrah,Industrial Corridor,236.15,251,Paid,No,Possession,In Progress,18.4,High,30.864547536082178,6.1,184,On-Time,On-Time,On-Time,On-Time,On-Time
LA-2688,Rajasthan,Udaipur,Power Project,26.84,82,Partially Paid,No,Approval,Not Started,70.5,Medium,69.87615114777904,13.1,162,On-Time,On-Time,Delayed,On-Time,On-Time
LA-2689,Madhya Pradesh,Gwalior,Railway,82.03,191,Partially Paid,Yes,Approval,Pending,29.4,Medium,45.9032950703235,23.1,310,On-Time,Delayed,Delayed,Delayed,Delayed
LA-2690,Tamil Nadu,Madurai,Industrial Corridor,58.14,111,Pending,Yes,Possession,Completed,82.3,Medium,65.80677688824906,35.2,282,On-Time,On-Time,Delayed,Delayed,On-Time
LA-2691,Uttar Pradesh,Lucknow,Highway,47.42,94,Paid,No,Notification,Not Started,45.9,Medium,42.57879316070609,14.0,239,On-Time,On-Time,On-Time,On-Time,On-Time
LA-2692,Rajasthan,Udaipur,Airport,111.27,189,Paid,Yes,Notification,Not Started,41.4,High,69.5756187167555,41.6,277,Delayed,Delayed,On-Time,Delayed,On-Time
LA-2693,Gujarat,Ahmedabad,Irrigation,58.08,139,Partially Paid,No,Approval,Not Started,55.8,Medium,73.4641281597355,22.4,165,Delayed,On-Time,On-Time,Delayed,Delayed
LA-2694,Uttar Pradesh,Varanasi,Metro,103.84,259,Pending,No,Compensation,In Progress,48.0,High,67.63754774816711,59.1,209,On-Time,On-Time,On-Time,Delayed,On-Time
LA-2695,Gujarat,Surat,Highway,75.41,140,Paid,No,Compensation,Pending,33.0,High,54.55499082956043,36.3,183,On-Time,On-Time,Delayed,On-Time,On-Time
LA-2696,Delhi,North Delhi,Irrigation,74.88,106,Paid,No,Approval,Not Started,77.9,Medium,78.17843146509972,56.4,209,On-Time,On-Time,On-Time,On-Time,On-Time
LA-2697,Delhi,New Delhi,Power Project,44.3,57,Paid,No,Possession,Pending,61.8,High,59.009547630241165,24.7,180,On-Time,On-Time,On-Time,On-Time,Delayed
LA-2698,Uttar Pradesh,Varanasi,Highway,300.12,413,Pending,No,Possession,Pending,39.2,Low,62.17465660286149,13.9,232,On-Time,On-Time,Delayed,Delayed,Delayed
LA-2699,West Bengal,Durgapur,Industrial Corridor,32.55,82,Paid,No,Approval,Not Started,24.8,Low,57.35455296656171,18.5,231,On-Time,On-Time,On-Time,Delayed,On-Time
LA-2700,Rajasthan,Jodhpur,Railway,58.1,113,Paid,Yes,Approval,Not Started,27.5,Medium,60.98125727970893,16.2,273,Delayed,On-Time,Delayed,On-Time,Delayed
LA-2701,West Bengal,Durgapur,Airport,153.74,153,Partially Paid,No,Compensation,Pending,40.6,High,93.06873377495879,21.5,79,On-Time,On-Time,Delayed,On-Time,On-Time
LA-2702,Gujarat,Ahmedabad,Power Project,69.26,106,Paid,No,Compensation,In Progress,47.8,High,64.92573089807127,16.7,160,On-Time,On-Time,On-Time,On-Time,On-Time
LA-2703,Maharashtra,Pune,Power Project,100.21,139,Paid,No,Approval,Not Started,75.3,High,45.955598570566174,47.9,223,On-Time,On-Time,On-Time,On-Time,On-Time
LA-2704,Rajasthan,Udaipur,Metro,151.92,157,Paid,Yes,Approval,Not Started,55.5,Medium,50.61124704348087,44.6,362,On-Time,Delayed,On-Time,Delayed,Delayed
LA-2705,Gujarat,Ahmedabad,Highway,80.27,110,Paid,No,Approval,Not Started,95.1,Low,60.8572431985826,12.0,253,Delayed,Delayed,On-Time,On-Time,On-Time
LA-2706,Uttar Pradesh,Varanasi,Metro,87.24,183,Paid,Yes,Approval,Not Started,27.3,Medium,53.08039588414589,28.2,332,On-Time,On-Time,On-Time,Delayed,Delayed
LA-2707,Madhya Pradesh,Indore,Railway,125.39,244,Paid,No,Compensation,In Progress,53.2,Medium,79.24489037918659,47.7,185,Delayed,On-Time,On-Time,On-Time,On-Time
LA-2708,Uttar Pradesh,Prayagraj,Irrigation,113.35,164,Paid,No,Compensation,In Progress,10.6,Medium,43.74587787110899,11.9,233,On-Time,On-Time,Delayed,Delayed,Delayed
LA-2709,Madhya Pradesh,Indore,Railway,45.73,125,Pending,No,Compensation,In Progress,40.3,Low,63.21399824142324,8.9,157,On-Time,On-Time,On-Time,Delayed,On-Time
LA-2710,Karnataka,Bengaluru,Irrigation,218.31,463,Paid,No,Possession,In Progress,30.2,High,80.15955091144144,17.0,147,On-Time,Delayed,On-Time,On-Time,On-Time
LA-2711,Uttar Pradesh,Agra,Metro,18.23,62,Partially Paid,Yes,Approval,Not Started,56.9,Low,55.54859189675865,7.2,294,On-Time,Delayed,Delayed,Delayed,Delayed
LA-2712,Delhi,South Delhi,Airport,68.52,62,Paid,No,Possession,In Progress,55.8,Medium,71.58587991305559,47.4,181,On-Time,On-Time,On-Time,On-Time,On-Time
LA-2713,Tamil Nadu,Madurai,Railway,136.19,227,Paid,No,Notification,Not Started,33.1,High,64.39502684603261,25.6,182,Delayed,On-Time,On-Time,Delayed,On-Time
LA-2714,Rajasthan,Udaipur,Metro,33.02,49,Pending,No,Compensation,In Progress,77.3,Low,64.52667500074006,4.8,191,Delayed,On-Time,Delayed,On-Time,Delayed
LA-2715,Delhi,South Delhi,Highway,13.14,41,Paid,No,Possession,In Progress,66.1,Low,72.67839867292642,24.4,204,On-Time,On-Time,On-Time,Delayed,On-Time
LA-2716,West Bengal,Howrah,Metro,367.38,700,Paid,No,Compensation,In Progress,78.5,Medium,37.1170729399165,48.1,298,On-Time,Delayed,Delayed,On-Time,Delayed
LA-2717,Delhi,North Delhi,Metro,149.48,305,Pending,Yes,Compensation,Pending,83.0,Low,83.05042975337287,20.4,279,On-Time,On-Time,On-Time,Delayed,Delayed
LA-2718,Karnataka,Hubballi,Industrial Corridor,111.37,171,Partially Paid,No,Compensation,In Progress,57.5,High,36.54519034251471,20.7,223,Delayed,On-Time,On-Time,On-Time,On-Time
LA-2719,West Bengal,Siliguri,Railway,48.12,117,Pending,No,Possession,In Progress,59.0,High,82.03873893898982,31.3,97,On-Time,On-Time,Delayed,On-Time,On-Time
LA-2720,Maharashtra,Nagpur,Airport,82.88,112,Partially Paid,No,Compensation,In Progress,34.7,High,71.51018324433117,33.8,173,On-Time,On-Time,On-Time,Delayed,On-Time
LA-2721,Uttar Pradesh,Lucknow,Airport,50.13,66,Paid,Yes,Possession,In Progress,75.4,Medium,72.09711358123892,18.4,228,On-Time,On-Time,On-Time,On-Time,Delayed
LA-2722,Uttar Pradesh,Prayagraj,Industrial Corridor,165.13,319,Pending,No,Possession,In Progress,69.9,Medium,89.2184714113539,43.4,186,On-Time,On-Time,Delayed,On-Time,Delayed
LA-2723,Maharashtra,Aurangabad,Irrigation,138.91,193,Pending,Yes,Compensation,In Progress,49.1,High,82.75178040833465,11.2,193,On-Time,On-Time,Delayed,On-Time,Delayed
LA-2724,Uttar Pradesh,Kanpur,Power Project,94.99,161,Paid,No,Compensation,In Progress,83.7,Medium,77.21262655027347,15.8,153,On-Time,On-Time,On-Time,On-Time,On-Time
LA-2725,Karnataka,Hubballi,Irrigation,125.51,172,Pending,No,Notification,Not Started,66.6,High,60.582060448766995,14.9,158,Delayed,On-Time,On-Time,On-Time,Delayed
LA-2726,Delhi,New Delhi,Airport,104.61,224,Paid,No,Approval,Pending,71.9,High,59.58929420705731,30.3,149,On-Time,Delayed,On-Time,On-Time,Delayed
LA-2727,Rajasthan,Udaipur,Metro,36.14,106,Partially Paid,No,Compensation,In Progress,84.5,High,77.62214779200066,51.5,213,On-Time,Delayed,On-Time,Delayed,Delayed
LA-2728,West Bengal,Howrah,Industrial Corridor,17.92,55,Paid,Yes,Possession,In Progress,73.3,High,71.79270870634728,40.9,258,Delayed,Delayed,On-Time,Delayed,On-Time
LA-2729,Tamil Nadu,Madurai,Highway,137.87,192,Partially Paid,Yes,Approval,Pending,91.4,High,69.5175941433123,12.8,219,Delayed,Delayed,Delayed,On-Time,On-Time
LA-2730,Madhya Pradesh,Jabalpur,Railway,164.29,310,Paid,No,Possession,Completed,43.4,High,64.14581278042411,60.0,226,Delayed,Delayed,On-Time,On-Time,On-Time
LA-2731,Maharashtra,Pune,Railway,50.88,68,Partially Paid,No,Approval,Not Started,37.2,High,58.88289541179194,9.5,119,On-Time,On-Time,On-Time,On-Time,On-Time
LA-2732,Madhya Pradesh,Indore,Railway,255.77,534,Paid,No,Compensation,Pending,84.2,High,44.15001275629612,9.9,204,On-Time,Delayed,On-Time,Delayed,Delayed
LA-2733,Rajasthan,Jodhpur,Metro,91.04,183,Paid,No,Approval,Not Started,83.3,High,74.65336140534733,10.2,116,On-Time,On-Time,On-Time,Delayed,On-Time
LA-2734,Gujarat,Rajkot,Highway,12.73,77,Partially Paid,No,Compensation,In Progress,57.0,Low,62.274757084877,14.0,217,On-Time,Delayed,On-Time,On-Time,On-Time
LA-2735,Uttar Pradesh,Lucknow,Industrial Corridor,128.17,260,Pending,Yes,Possession,Completed,62.3,High,61.29975701532456,36.3,253,Delayed,On-Time,Delayed,Delayed,Delayed
LA-2736,Bihar,Bhagalpur,Industrial Corridor,332.27,636,Paid,No,Approval,Pending,93.1,Medium,37.81161285772594,35.8,242,Delayed,Delayed,On-Time,Delayed,Delayed
LA-2737,Gujarat,Rajkot,Railway,77.04,109,Pending,No,Notification,Not Started,21.1,High,66.39052052452338,10.1,130,On-Time,On-Time,Delayed,On-Time,On-Time
LA-2738,Uttar Pradesh,Prayagraj,Highway,104.26,152,Paid,No,Compensation,In Progress,33.1,High,44.54937991905606,11.4,182,On-Time,Delayed,On-Time,On-Time,Delayed
LA-2739,Gujarat,Vadodara,Highway,256.02,357,Pending,No,Compensation,Pending,34.6,High,58.48055325676586,31.3,188,On-Time,Delayed,On-Time,Delayed,Delayed
LA-2740,Gujarat,Vadodara,Highway,12.25,101,Partially Paid,Yes,Possession,In Progress,59.8,Low,76.89054424481353,12.7,248,On-Time,Delayed,On-Time,Delayed,Delayed
LA-2741,Tamil Nadu,Salem,Airport,21.23,109,Pending,Yes,Possession,In Progress,58.9,High,65.94915529865197,10.5,215,On-Time,On-Time,Delayed,Delayed,Delayed
LA-2742,Karnataka,Bengaluru,Airport,92.15,199,Partially Paid,No,Notification,Not Started,75.4,Medium,63.419303832842644,45.6,224,On-Time,Delayed,On-Time,On-Time,On-Time
LA-2743,Tamil Nadu,Madurai,Railway,52.64,75,Partially Paid,No,Compensation,Pending,77.4,Medium,54.100749500973556,1.0,154,On-Time,Delayed,Delayed,On-Time,On-Time
LA-2744,Delhi,South Delhi,Highway,92.31,102,Paid,No,Compensation,In Progress,89.4,High,56.78687905332342,30.3,189,On-Time,Delayed,On-Time,On-Time,On-Time
LA-2745,Gujarat,Ahmedabad,Power Project,41.58,25,Pending,No,Possession,Pending,92.8,Low,88.7804505826807,30.2,185,On-Time,On-Time,Delayed,Delayed,On-Time
LA-2746,Rajasthan,Udaipur,Highway,208.23,234,Pending,No,Possession,In Progress,63.5,High,76.69603816557934,29.1,134,On-Time,On-Time,On-Time,On-Time,On-Time
LA-2747,Delhi,South Delhi,Industrial Corridor,133.52,155,Paid,Yes,Compensation,In Progress,95.2,High,58.06853496516949,15.7,259,On-Time,Delayed,On-Time,On-Time,On-Time
LA-2748,Maharashtra,Pune,Industrial Corridor,122.65,294,Paid,No,Compensation,In Progress,84.9,High,63.41705961902114,13.7,152,On-Time,Delayed,On-Time,On-Time,On-Time
LA-2749,Tamil Nadu,Madurai,Railway,77.41,198,Pending,No,Notification,Not Started,74.3,High,68.71000419250251,44.4,195,On-Time,On-Time,On-Time,On-Time,On-Time
LA-2750,Uttar Pradesh,Agra,Power Project,70.89,125,Pending,No,Approval,Not Started,54.4,High,71.57124922395818,51.2,175,On-Time,On-Time,On-Time,On-Time,On-Time
LA-2751,Rajasthan,Udaipur,Highway,30.07,113,Paid,No,Compensation,In Progress,77.1,Medium,64.63525917838975,15.0,168,Delayed,On-Time,On-Time,On-Time,On-Time
LA-2752,Uttar Pradesh,Lucknow,Irrigation,216.2,454,Pending,Yes,Compensation,In Progress,25.0,High,38.44432215079212,12.1,269,Delayed,Delayed,Delayed,On-Time,Delayed
LA-2753,Delhi,New Delhi,Power Project,119.14,210,Paid,No,Compensation,In Progress,56.9,Medium,64.52781077436,1.2,137,On-Time,On-Time,On-Time,On-Time,Delayed
LA-2754,Maharashtra,Nagpur,Railway,60.3,135,Pending,No,Compensation,In Progress,66.9,High,63.61264922730406,41.7,157,On-Time,On-Time,Delayed,Delayed,Delayed
LA-2755,West Bengal,Siliguri,Industrial Corridor,144.09,219,Partially Paid,No,Approval,Not Started,75.3,Low,95.0,29.0,199,On-Time,On-Time,Delayed,On-Time,On-Time
LA-2756,Tamil Nadu,Salem,Irrigation,142.35,229,Paid,No,Compensation,In Progress,61.5,High,95.0,33.6,107,On-Time,On-Time,On-Time,On-Time,On-Time
LA-2757,West Bengal,Kolkata,Industrial Corridor,115.68,165,Paid,Yes,Notification,Not Started,66.8,Medium,74.63247027482345,30.6,257,On-Time,On-Time,On-Time,On-Time,On-Time
LA-2758,Rajasthan,Kota,Airport,245.53,358,Partially Paid,No,Notification,Not Started,80.4,Medium,54.843081337731896,18.5,212,On-Time,Delayed,Delayed,On-Time,On-Time
LA-2759,Uttar Pradesh,Varanasi,Railway,183.92,260,Partially Paid,Yes,Notification,Not Started,17.0,High,75.1852411406574,26.7,219,Delayed,On-Time,Delayed,Delayed,On-Time
LA-2760,Rajasthan,Jaipur,Railway,136.8,331,Pending,No,Possession,Completed,71.0,High,39.52261127467682,27.4,198,Delayed,On-Time,On-Time,On-Time,Delayed
LA-2761,Rajasthan,Jodhpur,Highway,69.02,127,Pending,No,Notification,Not Started,40.6,High,57.00978039628445,47.9,237,On-Time,On-Time,Delayed,On-Time,On-Time
LA-2762,Bihar,Muzaffarpur,Highway,64.87,128,Partially Paid,No,Possession,Completed,54.9,High,40.60422688243216,47.6,239,Delayed,Delayed,On-Time,Delayed,Delayed
LA-2763,Uttar Pradesh,Agra,Airport,182.98,385,Pending,No,Approval,Not Started,42.0,High,73.25829421873044,7.9,137,Delayed,Delayed,On-Time,Delayed,Delayed
LA-2764,Rajasthan,Jodhpur,Irrigation,202.94,238,Partially Paid,Yes,Compensation,In Progress,65.7,Medium,46.83993408673848,3.5,304,On-Time,Delayed,Delayed,On-Time,Delayed
LA-2765,Uttar Pradesh,Varanasi,Metro,355.85,381,Pending,Yes,Possession,In Progress,51.1,High,60.69515123809878,5.3,195,On-Time,Delayed,Delayed,On-Time,On-Time
LA-2766,Maharashtra,Nashik,Power Project,88.63,204,Pending,No,Compensation,Pending,22.8,Medium,64.33796335747763,16.6,202,On-Time,On-Time,Delayed,On-Time,On-Time
LA-2767,Karnataka,Hubballi,Metro,90.09,148,Pending,No,Approval,Not Started,63.2,High,64.56606439452858,50.2,208,On-Time,Delayed,On-Time,On-Time,On-Time
LA-2768,Rajasthan,Jodhpur,Metro,27.72,78,Paid,No,Approval,Not Started,70.9,Low,57.90694006994979,29.1,230,Delayed,Delayed,On-Time,On-Time,Delayed
LA-2769,Gujarat,Vadodara,Railway,244.55,310,Partially Paid,No,Possession,In Progress,64.1,High,70.05074046452094,35.1,181,On-Time,On-Time,On-Time,On-Time,On-Time
LA-2770,Gujarat,Rajkot,Power Project,113.84,137,Paid,No,Approval,Not Started,50.1,High,46.18643697983906,19.3,199,On-Time,Delayed,On-Time,On-Time,On-Time
LA-2771,Rajasthan,Jodhpur,Railway,254.6,373,Paid,No,Compensation,Pending,62.2,High,91.08919164158867,6.1,75,On-Time,On-Time,On-Time,On-Time,On-Time
LA-2772,Tamil Nadu,Madurai,Power Project,24.25,72,Paid,Yes,Compensation,In Progress,62.2,High,49.48902505788259,49.5,348,On-Time,Delayed,On-Time,On-Time,On-Time
LA-2773,Bihar,Muzaffarpur,Industrial Corridor,76.93,188,Pending,Yes,Approval,Not Started,33.3,Medium,65.59546467772378,53.1,321,Delayed,On-Time,On-Time,On-Time,Delayed
LA-2774,West Bengal,Kolkata,Railway,73.01,195,Paid,No,Approval,Not Started,24.9,Medium,74.37444609190376,16.2,144,On-Time,On-Time,On-Time,On-Time,On-Time
LA-2775,Tamil Nadu,Madurai,Railway,143.4,314,Paid,No,Compensation,In Progress,34.4,Medium,75.24074121393713,9.2,160,On-Time,On-Time,On-Time,On-Time,On-Time
LA-2776,Maharashtra,Nashik,Railway,109.14,200,Paid,Yes,Compensation,Pending,51.4,Medium,76.63040753330878,18.3,236,On-Time,Delayed,On-Time,Delayed,Delayed
LA-2777,Karnataka,Hubballi,Irrigation,123.25,151,Paid,Yes,Approval,Not Started,69.5,Low,41.10850259033754,42.2,353,Delayed,On-Time,On-Time,On-Time,Delayed
LA-2778,Gujarat,Surat,Airport,52.72,82,Partially Paid,No,Possession,In Progress,34.6,Medium,51.2391202210508,25.7,221,On-Time,On-Time,On-Time,Delayed,On-Time
LA-2779,Maharashtra,Nagpur,Railway,112.0,231,Paid,Yes,Possession,Completed,68.9,High,67.03786774329332,19.7,238,On-Time,On-Time,On-Time,On-Time,On-Time
LA-2780,Bihar,Patna,Highway,141.75,185,Paid,No,Possession,Pending,54.7,High,72.2174961244793,39.6,156,On-Time,On-Time,On-Time,On-Time,On-Time
LA-2781,Delhi,North Delhi,Highway,85.27,219,Partially Paid,Yes,Notification,Not Started,95.9,High,83.85692462391461,24.0,175,On-Time,On-Time,On-Time,On-Time,On-Time
LA-2782,Bihar,Gaya,Power Project,58.61,157,Paid,Yes,Approval,Not Started,18.8,Medium,57.289716287133174,12.8,242,Delayed,Delayed,On-Time,Delayed,On-Time
LA-2783,Rajasthan,Jaipur,Industrial Corridor,34.06,5,Paid,No,Possession,Completed,78.7,High,51.42509009758801,26.1,170,On-Time,Delayed,On-Time,On-Time,On-Time
LA-2784,Madhya Pradesh,Jabalpur,Airport,161.02,326,Pending,No,Notification,Not Started,56.4,Medium,56.79755440833712,3.9,193,Delayed,Delayed,Delayed,On-Time,Delayed
LA-2785,Karnataka,Mysuru,Irrigation,114.89,198,Pending,No,Notification,Not Started,54.6,High,95.0,60.0,168,On-Time,On-Time,On-Time,On-Time,On-Time
LA-2786,Bihar,Bhagalpur,Power Project,375.59,402,Paid,No,Possession,Completed,55.2,Low,87.50642044601965,34.7,179,On-Time,On-Time,On-Time,On-Time,On-Time
LA-2787,Madhya Pradesh,Indore,Highway,180.4,266,Paid,Yes,Approval,Not Started,77.0,Low,62.45762043789194,4.6,273,Delayed,Delayed,On-Time,On-Time,Delayed
LA-2788,Madhya Pradesh,Indore,Airport,23.56,26,Pending,No,Approval,Not Started,88.0,High,84.27205549806871,16.2,90,On-Time,On-Time,Delayed,On-Time,On-Time
LA-2789,Delhi,North Delhi,Airport,24.75,25,Paid,Yes,Approval,Not Started,51.6,Low,56.412727901822585,28.7,312,Delayed,On-Time,On-Time,Delayed,Delayed
LA-2790,Rajasthan,Udaipur,Industrial Corridor,144.41,191,Partially Paid,No,Possession,In Progress,67.8,Low,79.31777917889686,29.5,192,Delayed,Delayed,On-Time,Delayed,On-Time
LA-2791,Uttar Pradesh,Lucknow,Airport,145.63,237,Partially Paid,No,Approval,Not Started,7.1,Low,44.3162193518905,34.0,288,On-Time,Delayed,On-Time,On-Time,On-Time
LA-2792,Karnataka,Mangaluru,Railway,80.31,160,Pending,No,Possession,Completed,86.6,High,70.34735437675272,18.9,171,On-Time,On-Time,On-Time,On-Time,Delayed
LA-2793,Rajasthan,Jaipur,Airport,158.74,295,Pending,Yes,Compensation,Pending,64.8,Medium,80.2920488754423,60.0,273,On-Time,On-Time,On-Time,On-Time,Delayed
LA-2794,Karnataka,Mysuru,Industrial Corridor,114.31,174,Paid,No,Compensation,In Progress,49.4,High,60.10049897093617,60.0,213,On-Time,On-Time,Delayed,On-Time,Delayed
LA-2795,Delhi,North Delhi,Power Project,95.7,107,Paid,No,Approval,Not Started,85.1,Medium,74.2012355337256,41.7,210,On-Time,On-Time,On-Time,Delayed,On-Time
LA-2796,Uttar Pradesh,Lucknow,Industrial Corridor,176.89,217,Partially Paid,No,Approval,Pending,44.4,Medium,56.576637278394735,25.9,187,On-Time,On-Time,Delayed,Delayed,On-Time
LA-2797,Karnataka,Bengaluru,Irrigation,7.03,86,Pending,No,Compensation,In Progress,77.8,Medium,69.55315470504397,9.1,146,On-Time,On-Time,On-Time,On-Time,On-Time
LA-2798,Delhi,New Delhi,Industrial Corridor,233.09,310,Pending,No,Approval,Not Started,67.9,High,57.776836132084256,24.6,198,On-Time,Delayed,Delayed,Delayed,On-Time
LA-2799,Delhi,North Delhi,Highway,293.27,614,Partially Paid,Yes,Possession,In Progress,16.5,Low,77.28706721105027,60.0,355,On-Time,Delayed,On-Time,Delayed,Delayed
LA-2800,Delhi,North Delhi,Railway,26.04,143,Pending,No,Compensation,Pending,66.3,High,46.034485157673714,27.2,190,On-Time,On-Time,On-Time,On-Time,On-Time
LA-2801,West Bengal,Durgapur,Highway,144.91,288,Paid,No,Compensation,In Progress,64.2,High,49.771738413306856,24.8,181,On-Time,On-Time,On-Time,On-Time,On-Time
LA-2802,Karnataka,Bengaluru,Power Project,35.7,91,Paid,No,Approval,Not Started,89.0,Medium,84.58563354822988,21.7,167,On-Time,On-Time,On-Time,On-Time,Delayed
LA-2803,Gujarat,Surat,Metro,50.5,139,Paid,No,Possession,In Progress,56.3,Low,28.1078790318279,13.7,304,Delayed,Delayed,On-Time,On-Time,Delayed
LA-2804,Maharashtra,Aurangabad,Power Project,51.5,104,Paid,No,Approval,Not Started,83.4,Low,55.3848718469226,12.8,222,Delayed,Delayed,On-Time,On-Time,Delayed
LA-2805,Maharashtra,Mumbai,Railway,114.66,235,Partially Paid,No,Approval,Pending,42.8,Medium,62.86879621566318,37.9,207,On-Time,On-Time,On-Time,Delayed,Delayed
LA-2806,Tamil Nadu,Salem,Airport,105.58,237,Pending,No,Possession,In Progress,77.5,High,70.29511718949401,33.5,180,Delayed,On-Time,On-Time,On-Time,On-Time
LA-2807,Karnataka,Mysuru,Industrial Corridor,72.07,164,Partially Paid,No,Compensation,In Progress,31.2,High,57.8329028869968,7.6,162,On-Time,On-Time,On-Time,On-Time,On-Time
LA-2808,Uttar Pradesh,Kanpur,Metro,14.42,81,Partially Paid,No,Compensation,In Progress,91.6,High,48.11358890119904,54.9,245,On-Time,On-Time,On-Time,On-Time,On-Time
LA-2809,Uttar Pradesh,Kanpur,Railway,60.04,145,Paid,No,Compensation,Pending,68.9,High,83.39420620126558,34.6,181,On-Time,On-Time,Delayed,On-Time,On-Time
LA-2810,Uttar Pradesh,Lucknow,Highway,233.03,348,Partially Paid,No,Compensation,Pending,54.3,High,80.79886691995388,60.0,193,On-Time,Delayed,On-Time,On-Time,On-Time
LA-2811,Karnataka,Mangaluru,Industrial Corridor,144.68,305,Paid,No,Approval,Not Started,89.6,High,59.31065279620798,13.8,139,On-Time,On-Time,On-Time,On-Time,On-Time
LA-2812,Tamil Nadu,Coimbatore,Power Project,38.91,85,Partially Paid,No,Notification,Not Started,79.2,High,38.13993481834219,39.7,251,On-Time,On-Time,On-Time,On-Time,On-Time
LA-2813,Maharashtra,Pune,Highway,97.89,192,Paid,No,Possession,Completed,61.8,Low,69.59252148146686,10.7,182,On-Time,On-Time,On-Time,On-Time,On-Time
LA-2814,Delhi,New Delhi,Railway,73.86,32,Partially Paid,Yes,Notification,Not Started,33.0,Medium,67.72625811137894,3.9,231,On-Time,On-Time,On-Time,On-Time,Delayed
LA-2815,Uttar Pradesh,Agra,Railway,245.53,499,Paid,No,Compensation,In Progress,30.2,Medium,54.994119139914574,40.0,255,On-Time,On-Time,On-Time,Delayed,On-Time
LA-2816,West Bengal,Siliguri,Power Project,73.9,125,Partially Paid,No,Notification,Not Started,46.4,High,35.67405435917739,10.4,221,Delayed,On-Time,On-Time,On-Time,On-Time
LA-2817,Maharashtra,Mumbai,Metro,28.84,23,Paid,No,Approval,Not Started,60.1,High,60.92668680844219,30.3,124,On-Time,On-Time,On-Time,On-Time,On-Time
LA-2818,Tamil Nadu,Salem,Power Project,71.78,125,Paid,Yes,Notification,Not Started,78.9,High,76.49833693937215,27.3,211,On-Time,On-Time,Delayed,On-Time,On-Time
LA-2819,Madhya Pradesh,Indore,Airport,246.55,280,Paid,No,Compensation,Pending,54.2,High,78.75751003607547,17.7,118,On-Time,On-Time,On-Time,Delayed,On-Time
LA-2820,Gujarat,Ahmedabad,Highway,186.51,417,Partially Paid,Yes,Compensation,Pending,85.8,Medium,64.3372310423497,10.6,251,On-Time,Delayed,Delayed,On-Time,On-Time
LA-2821,Uttar Pradesh,Agra,Metro,93.11,170,Partially Paid,No,Notification,Not Started,68.6,Medium,55.64789874364286,37.9,217,Delayed,On-Time,On-Time,On-Time,On-Time
LA-2822,Uttar Pradesh,Lucknow,Industrial Corridor,36.36,52,Pending,Yes,Approval,Pending,39.6,Low,76.0169519798763,21.8,269,On-Time,On-Time,On-Time,Delayed,Delayed
LA-2823,Madhya Pradesh,Indore,Irrigation,141.54,184,Partially Paid,No,Possession,In Progress,27.0,Low,47.94484444050232,2.4,225,On-Time,Delayed,On-Time,On-Time,On-Time
LA-2824,Tamil Nadu,Salem,Airport,32.17,56,Paid,Yes,Approval,Not Started,40.6,Medium,44.67817223994176,24.5,278,On-Time,Delayed,On-Time,Delayed,On-Time
LA-2825,Madhya Pradesh,Jabalpur,Metro,106.51,146,Pending,No,Possession,In Progress,45.2,High,63.67309331221459,6.1,138,On-Time,On-Time,On-Time,On-Time,On-Time
LA-2826,Rajasthan,Kota,Irrigation,132.77,176,Paid,No,Possession,In Progress,71.3,Low,88.1967052357239,17.1,188,On-Time,On-Time,On-Time,Delayed,On-Time
LA-2827,Delhi,North Delhi,Irrigation,26.86,67,Paid,No,Possession,Completed,50.3,Medium,88.75928250007209,23.9,123,On-Time,On-Time,On-Time,On-Time,On-Time
LA-2828,West Bengal,Kolkata,Highway,73.55,110,Partially Paid,Yes,Possession,Completed,72.2,Medium,45.23333243105579,1.0,278,On-Time,On-Time,Delayed,On-Time,On-Time
LA-2829,Tamil Nadu,Madurai,Railway,113.77,157,Paid,Yes,Approval,Not Started,66.8,Medium,58.441131751704205,13.4,269,Delayed,Delayed,On-Time,On-Time,Delayed
LA-2830,Maharashtra,Nashik,Industrial Corridor,126.47,270,Paid,No,Possession,In Progress,31.8,High,95.0,18.8,61,On-Time,On-Time,On-Time,On-Time,On-Time
LA-2831,West Bengal,Siliguri,Power Project,130.6,263,Pending,No,Possession,In Progress,73.6,High,54.67372517100183,35.5,196,On-Time,Delayed,Delayed,On-Time,On-Time
LA-2832,Madhya Pradesh,Jabalpur,Highway,48.64,122,Pending,No,Possession,Completed,53.1,High,89.2960862357647,43.7,145,On-Time,On-Time,Delayed,On-Time,On-Time
LA-2833,Madhya Pradesh,Indore,Airport,58.46,121,Pending,Yes,Notification,Not Started,49.7,High,79.64015846590634,28.4,243,On-Time,On-Time,Delayed,Delayed,Delayed
LA-2834,Karnataka,Hubballi,Irrigation,60.49,55,Paid,No,Possession,In Progress,84.5,High,82.8628716450691,48.7,160,On-Time,Delayed,On-Time,On-Time,On-Time
LA-2835,Tamil Nadu,Coimbatore,Airport,5.0,49,Pending,No,Possession,Pending,60.9,High,58.312163017502684,33.6,201,On-Time,On-Time,Delayed,On-Time,Delayed
LA-2836,Karnataka,Hubballi,Irrigation,206.15,239,Partially Paid,No,Possession,In Progress,71.4,Low,58.756096046755246,5.5,196,Delayed,On-Time,On-Time,Delayed,On-Time
LA-2837,Uttar Pradesh,Lucknow,Railway,75.45,135,Pending,No,Notification,Not Started,87.4,Medium,51.340757034431505,37.8,250,On-Time,On-Time,On-Time,On-Time,On-Time
LA-2838,Maharashtra,Pune,Railway,169.73,347,Partially Paid,No,Approval,Not Started,95.9,High,76.98247151410226,7.5,134,On-Time,On-Time,On-Time,On-Time,Delayed
LA-2839,West Bengal,Kolkata,Industrial Corridor,175.26,231,Partially Paid,No,Possession,Pending,23.2,High,40.45236988092225,42.1,209,Delayed,Delayed,On-Time,On-Time,On-Time
LA-2840,Uttar Pradesh,Varanasi,Power Project,289.63,557,Paid,No,Compensation,In Progress,60.2,Medium,62.54899323878155,39.7,227,On-Time,On-Time,On-Time,On-Time,Delayed
LA-2841,Gujarat,Ahmedabad,Industrial Corridor,33.35,58,Partially Paid,No,Approval,Pending,58.9,High,89.51707847460995,26.3,131,On-Time,On-Time,Delayed,On-Time,On-Time
LA-2842,Gujarat,Rajkot,Railway,118.77,155,Partially Paid,No,Possession,In Progress,33.3,Medium,73.91810011128423,21.8,172,Delayed,On-Time,On-Time,On-Time,Delayed
LA-2843,Gujarat,Rajkot,Railway,77.99,198,Paid,Yes,Notification,Not Started,70.9,Low,80.03957798444313,20.7,270,On-Time,On-Time,On-Time,On-Time,On-Time
LA-2844,Madhya Pradesh,Bhopal,Airport,86.89,143,Partially Paid,No,Approval,Not Started,81.1,Medium,40.33931545767725,35.2,277,On-Time,On-Time,Delayed,Delayed,Delayed
LA-2845,West Bengal,Durgapur,Railway,133.53,221,Partially Paid,No,Approval,Not Started,41.2,High,50.08875508252143,15.0,155,On-Time,On-Time,On-Time,On-Time,On-Time
LA-2846,Maharashtra,Aurangabad,Metro,50.76,155,Partially Paid,No,Approval,Not Started,53.5,Medium,82.76234718983491,15.9,156,On-Time,Delayed,On-Time,Delayed,Delayed
LA-2847,Uttar Pradesh,Agra,Irrigation,68.85,116,Paid,No,Approval,Not Started,32.1,High,66.88673702059468,22.0,183,On-Time,On-Time,Delayed,On-Time,On-Time
LA-2848,Uttar Pradesh,Prayagraj,Highway,8.43,57,Paid,Yes,Approval,Not Started,63.4,High,49.40537391949748,11.7,245,On-Time,Delayed,On-Time,On-Time,On-Time
LA-2849,Bihar,Gaya,Railway,52.6,70,Paid,No,Notification,Not Started,66.0,Medium,74.39579049650439,20.7,159,On-Time,On-Time,On-Time,On-Time,On-Time
LA-2850,Madhya Pradesh,Jabalpur,Industrial Corridor,246.71,258,Pending,No,Compensation,Pending,89.6,Low,56.996615783733645,45.8,262,On-Time,Delayed,Delayed,On-Time,On-Time
LA-2851,Maharashtra,Pune,Power Project,141.59,371,Paid,No,Possession,In Progress,84.6,High,95.0,9.0,89,Delayed,On-Time,On-Time,On-Time,Delayed
LA-2852,Tamil Nadu,Salem,Irrigation,131.41,178,Paid,Yes,Compensation,In Progress,75.1,Low,73.98546920382643,2.6,279,Delayed,Delayed,Delayed,Delayed,Delayed
LA-2853,Bihar,Gaya,Irrigation,148.04,298,Pending,No,Approval,Not Started,69.2,High,51.160822467997754,11.5,216,On-Time,Delayed,Delayed,Delayed,On-Time
LA-2854,Bihar,Bhagalpur,Power Project,84.3,180,Paid,No,Notification,Not Started,70.0,High,78.21530276083477,34.5,187,On-Time,On-Time,On-Time,On-Time,On-Time
LA-2855,Bihar,Gaya,Power Project,176.3,408,Partially Paid,No,Possession,Completed,75.1,Medium,89.2215247526562,25.8,143,On-Time,On-Time,Delayed,On-Time,On-Time
LA-2856,Maharashtra,Nashik,Irrigation,51.2,98,Pending,No,Possession,In Progress,79.3,High,64.91068433637733,7.3,124,On-Time,On-Time,Delayed,On-Time,On-Time
LA-2857,Tamil Nadu,Chennai,Metro,74.71,114,Partially Paid,Yes,Approval,Not Started,85.5,High,53.48100280104428,29.9,242,Delayed,Delayed,On-Time,Delayed,Delayed
LA-2858,Rajasthan,Udaipur,Industrial Corridor,73.55,145,Pending,Yes,Approval,Not Started,34.9,High,65.6648227800018,26.4,252,On-Time,On-Time,On-Time,On-Time,On-Time
LA-2859,Bihar,Gaya,Metro,183.93,184,Pending,No,Compensation,Pending,32.3,High,55.808044453082566,44.5,274,On-Time,Delayed,On-Time,On-Time,On-Time
LA-2860,Karnataka,Mysuru,Railway,47.8,151,Pending,No,Possession,Completed,86.9,High,61.12527595139625,33.9,193,On-Time,Delayed,On-Time,On-Time,On-Time
LA-2861,Tamil Nadu,Madurai,Highway,69.19,63,Partially Paid,Yes,Compensation,In Progress,70.5,Medium,44.16734947655798,42.1,347,On-Time,Delayed,Delayed,On-Time,Delayed
LA-2862,Karnataka,Mangaluru,Power Project,56.58,76,Paid,No,Compensation,In Progress,57.7,Medium,78.12822462745079,10.5,149,On-Time,Delayed,On-Time,On-Time,On-Time
LA-2863,Uttar Pradesh,Prayagraj,Industrial Corridor,239.66,238,Paid,No,Compensation,In Progress,51.8,Low,47.76081408945764,7.6,247,On-Time,Delayed,Delayed,On-Time,Delayed
LA-2864,Rajasthan,Udaipur,Power Project,175.32,362,Pending,No,Possession,Completed,25.8,Medium,74.12242894148358,14.2,151,On-Time,Delayed,Delayed,On-Time,On-Time
LA-2865,West Bengal,Siliguri,Metro,120.15,245,Pending,Yes,Notification,Not Started,60.3,Medium,60.438498292712765,14.6,273,On-Time,Delayed,Delayed,On-Time,Delayed
LA-2866,West Bengal,Kolkata,Airport,147.1,190,Pending,No,Possession,Completed,34.3,Medium,68.34352180633107,18.7,175,On-Time,Delayed,On-Time,Delayed,Delayed
LA-2867,Delhi,New Delhi,Railway,37.92,78,Partially Paid,No,Approval,Not Started,76.8,Low,57.87943236492777,8.8,227,On-Time,On-Time,Delayed,On-Time,Delayed
LA-2868,Uttar Pradesh,Prayagraj,Highway,129.89,156,Paid,No,Compensation,In Progress,95.3,High,67.94325667004271,12.5,143,On-Time,On-Time,On-Time,On-Time,On-Time
LA-2869,Uttar Pradesh,Varanasi,Railway,110.35,189,Paid,No,Compensation,In Progress,70.0,High,71.48972051943477,60.0,217,Delayed,Delayed,On-Time,On-Time,On-Time
LA-2870,Karnataka,Mangaluru,Airport,46.47,52,Paid,No,Compensation,In Progress,63.8,Medium,59.737040408518155,25.3,190,On-Time,Delayed,On-Time,On-Time,On-Time
LA-2871,Tamil Nadu,Coimbatore,Highway,20.11,42,Pending,No,Compensation,In Progress,81.5,High,39.05684303949856,22.8,238,On-Time,On-Time,On-Time,On-Time,On-Time
LA-2872,Uttar Pradesh,Kanpur,Airport,92.84,115,Paid,Yes,Approval,Pending,44.4,Low,70.0552306790206,29.7,319,Delayed,Delayed,Delayed,On-Time,Delayed
LA-2873,Rajasthan,Kota,Railway,86.88,205,Paid,No,Notification,Not Started,86.7,Medium,70.86243827299059,8.4,155,On-Time,On-Time,On-Time,On-Time,On-Time
LA-2874,Bihar,Bhagalpur,Metro,17.05,75,Pending,Yes,Compensation,In Progress,65.4,High,43.508899888536995,6.4,246,Delayed,Delayed,Delayed,On-Time,Delayed
LA-2875,Karnataka,Bengaluru,Irrigation,104.2,261,Paid,No,Compensation,In Progress,76.7,Medium,50.28381826410627,22.4,198,On-Time,On-Time,On-Time,On-Time,On-Time
LA-2876,Rajasthan,Kota,Railway,142.44,276,Pending,No,Approval,Not Started,81.3,High,59.78303959468429,5.6,126,Delayed,Delayed,Delayed,On-Time,On-Time
LA-2877,Madhya Pradesh,Jabalpur,Railway,170.95,385,Paid,No,Possession,In Progress,71.7,Low,30.577059567041502,10.3,266,Delayed,Delayed,On-Time,On-Time,On-Time
LA-2878,Rajasthan,Kota,Railway,78.88,141,Pending,No,Approval,Not Started,48.4,Low,75.61859176490218,3.4,177,On-Time,On-Time,Delayed,On-Time,Delayed
LA-2879,Maharashtra,Aurangabad,Industrial Corridor,101.51,88,Paid,Yes,Approval,Pending,59.5,Medium,57.66791995089372,39.0,312,Delayed,Delayed,Delayed,Delayed,Delayed
LA-2880,Madhya Pradesh,Jabalpur,Airport,169.94,356,Paid,No,Notification,Not Started,79.9,High,69.32855712832989,26.3,196,On-Time,On-Time,On-Time,Delayed,On-Time
LA-2881,Karnataka,Bengaluru,Airport,84.09,106,Partially Paid,No,Compensation,Pending,57.2,High,49.0659309598248,14.1,173,On-Time,On-Time,On-Time,On-Time,On-Time
LA-2882,Bihar,Bhagalpur,Power Project,49.02,113,Pending,No,Approval,Not Started,84.4,Medium,95.0,60.0,178,On-Time,On-Time,On-Time,Delayed,On-Time
LA-2883,Madhya Pradesh,Gwalior,Airport,49.29,94,Paid,No,Compensation,Pending,55.1,Low,43.69115838515345,41.6,293,Delayed,Delayed,On-Time,Delayed,On-Time
LA-2884,Tamil Nadu,Coimbatore,Power Project,151.71,300,Partially Paid,No,Approval,Not Started,34.0,High,57.522896645237765,24.2,163,On-Time,Delayed,On-Time,On-Time,On-Time
LA-2885,Uttar Pradesh,Varanasi,Industrial Corridor,100.32,180,Pending,Yes,Notification,Not Started,67.3,High,82.98625609557826,47.5,271,On-Time,Delayed,Delayed,Delayed,Delayed
LA-2886,Rajasthan,Udaipur,Metro,67.36,183,Paid,Yes,Possession,Completed,55.7,High,47.758767894579535,19.7,305,Delayed,On-Time,Delayed,Delayed,Delayed
LA-2887,Delhi,New Delhi,Power Project,45.63,103,Pending,No,Compensation,In Progress,33.6,Medium,66.36527695207444,25.5,211,On-Time,Delayed,Delayed,Delayed,Delayed
LA-2888,Maharashtra,Aurangabad,Railway,66.4,99,Paid,Yes,Approval,Not Started,82.5,Low,74.40264591773085,23.4,300,On-Time,On-Time,On-Time,Delayed,On-Time
LA-2889,Karnataka,Hubballi,Metro,94.35,153,Paid,Yes,Notification,Not Started,64.8,High,42.402947605516346,17.6,273,On-Time,On-Time,On-Time,Delayed,On-Time
LA-2890,West Bengal,Howrah,Irrigation,229.88,266,Paid,Yes,Possession,In Progress,81.9,High,54.97016958284977,18.4,266,On-Time,Delayed,On-Time,On-Time,On-Time
LA-2891,Uttar Pradesh,Prayagraj,Industrial Corridor,187.64,244,Paid,No,Notification,Not Started,63.1,Medium,67.85244791713264,60.0,269,On-Time,Delayed,On-Time,On-Time,On-Time
LA-2892,Gujarat,Vadodara,Airport,251.03,403,Paid,No,Possession,In Progress,65.8,Low,71.79980749627299,30.6,216,Delayed,Delayed,On-Time,On-Time,On-Time
LA-2893,Tamil Nadu,Coimbatore,Power Project,58.15,91,Paid,Yes,Compensation,In Progress,66.9,Low,52.66552831640968,49.7,365,On-Time,Delayed,On-Time,On-Time,Delayed
LA-2894,Uttar Pradesh,Varanasi,Railway,14.0,57,Paid,No,Approval,Not Started,77.4,Medium,92.60851062707164,9.4,118,On-Time,On-Time,On-Time,On-Time,Delayed
LA-2895,Madhya Pradesh,Bhopal,Highway,73.36,88,Partially Paid,No,Compensation,Pending,66.2,High,72.21415457413303,16.4,138,On-Time,On-Time,Delayed,On-Time,On-Time
LA-2896,Karnataka,Bengaluru,Irrigation,128.45,244,Partially Paid,No,Possession,In Progress,81.3,High,76.64978364788661,9.1,103,Delayed,On-Time,On-Time,On-Time,On-Time
LA-2897,Madhya Pradesh,Indore,Highway,106.78,184,Partially Paid,Yes,Approval,Not Started,83.3,Low,75.76983711962443,41.4,310,On-Time,Delayed,Delayed,Delayed,Delayed
LA-2898,Uttar Pradesh,Varanasi,Metro,351.35,665,Paid,No,Approval,Not Started,24.3,Low,41.55038893733891,44.2,326,Delayed,Delayed,On-Time,On-Time,Delayed
LA-2899,Gujarat,Surat,Airport,147.57,199,Pending,Yes,Approval,Not Started,62.1,Medium,63.27844899283232,29.6,238,On-Time,On-Time,Delayed,Delayed,Delayed
LA-2900,Tamil Nadu,Chennai,Highway,53.53,107,Paid,No,Possession,In Progress,59.1,Medium,64.75644047055934,60.0,257,On-Time,Delayed,On-Time,On-Time,Delayed
LA-2901,Madhya Pradesh,Bhopal,Metro,189.07,234,Paid,No,Compensation,Pending,49.3,Low,61.184611187415314,43.5,277,On-Time,Delayed,On-Time,On-Time,On-Time
LA-2902,Delhi,South Delhi,Industrial Corridor,19.52,22,Partially Paid,No,Approval,Pending,48.4,High,68.11187020397617,23.5,161,On-Time,On-Time,Delayed,On-Time,On-Time
LA-2903,Tamil Nadu,Salem,Metro,61.34,127,Partially Paid,No,Notification,Not Started,49.2,High,33.39052557894411,22.6,188,On-Time,On-Time,On-Time,On-Time,On-Time
LA-2904,Delhi,South Delhi,Irrigation,66.28,156,Paid,Yes,Approval,Not Started,26.0,Medium,66.92128832314947,30.4,250,Delayed,On-Time,On-Time,On-Time,On-Time
LA-2905,Karnataka,Mangaluru,Metro,197.64,389,Paid,No,Approval,Not Started,89.3,Low,60.450267885123026,45.0,265,On-Time,On-Time,Delayed,On-Time,On-Time
LA-2906,Uttar Pradesh,Kanpur,Irrigation,112.13,115,Pending,Yes,Approval,Not Started,69.4,Medium,33.25938325501856,32.2,313,Delayed,Delayed,Delayed,Delayed,Delayed
LA-2907,West Bengal,Howrah,Metro,46.2,142,Partially Paid,No,Compensation,In Progress,60.0,Low,71.33634233266454,15.8,255,Delayed,On-Time,Delayed,Delayed,On-Time
LA-2908,Gujarat,Vadodara,Railway,31.82,30,Paid,No,Notification,Not Started,65.7,High,47.28205588240432,15.7,215,On-Time,Delayed,On-Time,On-Time,On-Time
LA-2909,Maharashtra,Nagpur,Metro,124.65,297,Pending,No,Approval,Pending,55.7,High,59.29218131618767,27.4,162,On-Time,Delayed,On-Time,Delayed,On-Time
LA-2910,Uttar Pradesh,Lucknow,Power Project,344.74,351,Paid,Yes,Compensation,In Progress,58.6,High,61.18400645733252,14.3,252,On-Time,Delayed,On-Time,On-Time,Delayed
LA-2911,Maharashtra,Aurangabad,Metro,77.48,136,Partially Paid,No,Approval,Not Started,87.6,Low,37.30715938314391,53.0,338,On-Time,Delayed,On-Time,On-Time,Delayed
LA-2912,Bihar,Muzaffarpur,Railway,17.12,95,Paid,Yes,Notification,Not Started,57.5,Medium,38.98475999016771,27.7,321,On-Time,Delayed,On-Time,On-Time,On-Time
LA-2913,West Bengal,Durgapur,Railway,153.65,304,Paid,Yes,Notification,Not Started,79.5,High,73.1806338016802,7.7,220,On-Time,On-Time,Delayed,On-Time,On-Time
LA-2914,Gujarat,Ahmedabad,Industrial Corridor,122.25,264,Paid,Yes,Notification,Not Started,71.1,Low,55.94272762668824,21.4,273,Delayed,Delayed,Delayed,Delayed,Delayed
LA-2915,Gujarat,Rajkot,Irrigation,58.5,97,Partially Paid,No,Possession,In Progress,89.5,Medium,59.10640073440765,23.6,200,On-Time,On-Time,On-Time,On-Time,Delayed
LA-2916,Karnataka,Hubballi,Airport,28.8,45,Paid,No,Compensation,In Progress,62.1,Low,66.092624069535,44.1,244,Delayed,Delayed,Delayed,On-Time,On-Time
LA-2917,Bihar,Gaya,Highway,54.85,120,Partially Paid,No,Notification,Not Started,50.0,Medium,38.62675995193187,21.9,282,On-Time,On-Time,On-Time,Delayed,On-Time
LA-2918,Madhya Pradesh,Indore,Highway,87.06,42,Pending,No,Approval,Not Started,61.8,High,58.884418456546655,60.0,213,On-Time,On-Time,Delayed,On-Time,On-Time
LA-2919,Gujarat,Surat,Metro,72.69,82,Pending,No,Approval,Pending,31.2,Medium,63.34071382176777,33.8,228,On-Time,Delayed,Delayed,On-Time,On-Time
LA-2920,Gujarat,Vadodara,Industrial Corridor,31.71,92,Paid,Yes,Compensation,Pending,73.0,Low,91.46802686117243,7.5,210,On-Time,On-Time,On-Time,On-Time,Delayed
LA-2921,Karnataka,Mangaluru,Metro,27.48,98,Paid,Yes,Compensation,Pending,32.1,High,51.19562524003797,18.0,281,On-Time,On-Time,On-Time,On-Time,Delayed
LA-2922,Delhi,New Delhi,Highway,47.05,163,Paid,No,Compensation,In Progress,63.5,Low,76.83319371686318,15.1,180,On-Time,On-Time,On-Time,On-Time,On-Time
LA-2923,Madhya Pradesh,Gwalior,Irrigation,135.4,136,Paid,No,Approval,Not Started,46.8,High,64.97308103474624,23.6,141,Delayed,Delayed,On-Time,On-Time,On-Time
LA-2924,Gujarat,Rajkot,Irrigation,67.78,166,Pending,Yes,Notification,Not Started,76.1,High,47.966148804175646,60.0,328,Delayed,On-Time,Delayed,On-Time,Delayed
LA-2925,Tamil Nadu,Madurai,Irrigation,166.77,136,Pending,No,Compensation,Pending,60.2,High,55.50588204876664,12.4,184,On-Time,On-Time,On-Time,On-Time,Delayed
LA-2926,Uttar Pradesh,Prayagraj,Railway,59.64,117,Paid,No,Possession,In Progress,42.0,Low,77.99396542441585,5.0,182,On-Time,On-Time,On-Time,On-Time,On-Time
LA-2927,Madhya Pradesh,Bhopal,Airport,147.31,226,Paid,No,Possession,Completed,40.4,Medium,76.6549322989663,19.0,135,On-Time,On-Time,On-Time,Delayed,On-Time
LA-2928,Rajasthan,Jaipur,Industrial Corridor,142.88,198,Pending,No,Notification,Not Started,43.1,High,57.19580509614686,14.3,135,Delayed,Delayed,Delayed,On-Time,Delayed
LA-2929,Madhya Pradesh,Indore,Railway,67.07,96,Pending,No,Compensation,Pending,43.6,Low,70.15587070831619,29.7,211,On-Time,Delayed,On-Time,Delayed,Delayed
LA-2930,Delhi,South Delhi,Airport,255.51,463,Partially Paid,No,Compensation,Pending,27.3,High,49.4447795482496,3.3,146,On-Time,On-Time,Delayed,Delayed,On-Time
LA-2931,Madhya Pradesh,Bhopal,Industrial Corridor,152.24,298,Paid,No,Possession,In Progress,93.2,High,62.35162920175602,47.2,188,On-Time,On-Time,On-Time,On-Time,On-Time
LA-2932,Madhya Pradesh,Gwalior,Industrial Corridor,181.09,358,Paid,No,Approval,Pending,85.0,High,58.55610312862543,27.3,175,On-Time,On-Time,On-Time,On-Time,On-Time
LA-2933,Madhya Pradesh,Indore,Highway,146.82,204,Pending,No,Compensation,In Progress,64.0,Medium,78.97665898287691,27.5,185,Delayed,On-Time,Delayed,Delayed,On-Time
LA-2934,Madhya Pradesh,Indore,Railway,66.89,192,Paid,No,Notification,Not Started,41.8,Medium,71.94263868604656,22.7,175,On-Time,On-Time,On-Time,On-Time,On-Time
LA-2935,Karnataka,Bengaluru,Industrial Corridor,236.05,424,Pending,No,Compensation,In Progress,67.2,Low,54.85899149945568,6.5,196,On-Time,Delayed,Delayed,Delayed,On-Time
LA-2936,Tamil Nadu,Chennai,Power Project,158.85,128,Paid,No,Approval,Not Started,67.7,Medium,56.352599946072644,23.4,194,On-Time,On-Time,On-Time,On-Time,On-Time
LA-2937,Maharashtra,Nashik,Irrigation,99.37,205,Pending,No,Possession,In Progress,72.1,High,64.56425071228004,15.5,163,On-Time,On-Time,On-Time,On-Time,Delayed
LA-2938,Tamil Nadu,Madurai,Industrial Corridor,176.01,308,Partially Paid,Yes,Possession,In Progress,50.6,Low,62.580697494886984,4.6,275,On-Time,On-Time,Delayed,Delayed,Delayed
LA-2939,Rajasthan,Jaipur,Airport,189.17,184,Paid,No,Approval,Pending,27.1,High,60.807147549440764,13.6,145,On-Time,On-Time,On-Time,Delayed,On-Time
LA-2940,Delhi,South Delhi,Highway,170.54,227,Paid,No,Compensation,Pending,41.2,Low,59.720679061164105,39.7,273,Delayed,On-Time,On-Time,Delayed,Delayed
LA-2941,Delhi,New Delhi,Metro,80.48,159,Partially Paid,Yes,Notification,Not Started,65.7,High,85.68780469077186,36.7,235,On-Time,Delayed,On-Time,On-Time,Delayed
LA-2942,Maharashtra,Nashik,Irrigation,34.34,114,Paid,Yes,Approval,Not Started,73.1,High,58.221195753522395,34.7,286,Delayed,Delayed,Delayed,On-Time,On-Time
LA-2943,Tamil Nadu,Salem,Highway,149.16,275,Partially Paid,No,Approval,Not Started,71.0,Medium,69.49971804143865,31.0,195,Delayed,Delayed,On-Time,On-Time,On-Time
LA-2944,Karnataka,Hubballi,Metro,101.3,230,Paid,No,Notification,Not Started,79.0,High,95.0,30.9,98,On-Time,On-Time,On-Time,On-Time,Delayed
LA-2945,Tamil Nadu,Salem,Railway,34.64,88,Paid,No,Possession,Pending,77.3,High,52.302666049626836,41.2,213,Delayed,On-Time,On-Time,Delayed,On-Time
LA-2946,Rajasthan,Kota,Railway,93.46,157,Partially Paid,No,Notification,Not Started,65.1,Medium,67.890760152346,16.8,165,On-Time,On-Time,On-Time,On-Time,On-Time
LA-2947,Gujarat,Vadodara,Industrial Corridor,116.4,178,Partially Paid,No,Compensation,In Progress,75.3,High,68.66697115026865,33.8,121,On-Time,On-Time,On-Time,Delayed,On-Time
LA-2948,Uttar Pradesh,Kanpur,Power Project,96.73,179,Paid,Yes,Possession,In Progress,32.4,High,64.83354421840725,36.5,255,On-Time,Delayed,On-Time,On-Time,On-Time
LA-2949,Maharashtra,Aurangabad,Railway,122.58,153,Paid,No,Possession,Completed,82.0,High,65.61659726120179,60.0,176,On-Time,On-Time,On-Time,On-Time,On-Time
LA-2950,Gujarat,Surat,Industrial Corridor,63.68,127,Partially Paid,No,Possession,In Progress,73.5,Medium,51.81523203909073,53.3,252,On-Time,On-Time,Delayed,Delayed,Delayed
LA-2951,Uttar Pradesh,Agra,Irrigation,74.54,130,Partially Paid,No,Notification,Not Started,58.7,High,70.38266573890701,44.6,174,On-Time,On-Time,On-Time,On-Time,Delayed
LA-2952,Uttar Pradesh,Kanpur,Highway,132.78,292,Paid,Yes,Possession,In Progress,24.3,High,37.44147177815433,53.7,365,Delayed,Delayed,On-Time,On-Time,Delayed
LA-2953,Madhya Pradesh,Jabalpur,Railway,31.47,82,Paid,No,Approval,Not Started,43.4,Medium,91.96755901731503,28.8,126,Delayed,On-Time,On-Time,On-Time,On-Time
LA-2954,Karnataka,Mysuru,Highway,188.95,310,Paid,No,Possession,Completed,54.0,Medium,90.69558924625584,52.3,192,On-Time,On-Time,Delayed,On-Time,On-Time
LA-2955,West Bengal,Durgapur,Highway,76.93,63,Partially Paid,No,Compensation,Pending,44.8,Medium,60.06152250264543,19.4,193,On-Time,On-Time,On-Time,On-Time,Delayed
LA-2956,West Bengal,Kolkata,Power Project,147.69,314,Partially Paid,No,Possession,Completed,52.7,High,80.77627549939065,7.5,119,On-Time,On-Time,On-Time,On-Time,On-Time
LA-2957,Madhya Pradesh,Gwalior,Railway,130.49,167,Paid,No,Notification,Not Started,44.3,High,60.599463270545115,40.5,186,Delayed,On-Time,On-Time,On-Time,On-Time
LA-2958,Gujarat,Surat,Highway,100.05,227,Pending,No,Compensation,In Progress,64.4,Medium,65.14715042407185,21.2,160,Delayed,On-Time,Delayed,On-Time,On-Time
LA-2959,Madhya Pradesh,Bhopal,Power Project,75.55,159,Paid,No,Possession,Completed,87.7,Low,54.78596916575883,15.0,235,On-Time,Delayed,On-Time,On-Time,On-Time
LA-2960,Tamil Nadu,Madurai,Power Project,116.55,224,Partially Paid,Yes,Possession,Pending,40.1,Medium,77.29658052127309,38.9,269,Delayed,On-Time,On-Time,On-Time,Delayed
LA-2961,Uttar Pradesh,Lucknow,Railway,98.13,120,Paid,No,Notification,Not Started,45.1,High,56.28066565213382,1.0,153,On-Time,Delayed,On-Time,On-Time,On-Time
LA-2962,Gujarat,Ahmedabad,Power Project,23.79,34,Partially Paid,No,Possession,In Progress,19.7,High,76.77732286924598,25.2,138,On-Time,On-Time,Delayed,Delayed,Delayed
LA-2963,Bihar,Gaya,Railway,16.71,51,Partially Paid,Yes,Notification,Not Started,36.2,Low,64.36934348053535,12.9,278,Delayed,On-Time,Delayed,Delayed,On-Time
LA-2964,Gujarat,Ahmedabad,Railway,108.97,200,Pending,No,Compensation,Pending,55.3,Medium,64.74130567533506,13.6,197,On-Time,On-Time,On-Time,Delayed,Delayed
LA-2965,Madhya Pradesh,Jabalpur,Metro,40.65,100,Pending,Yes,Compensation,Pending,77.2,High,42.630165732074,19.5,293,On-Time,On-Time,Delayed,Delayed,Delayed
LA-2966,Madhya Pradesh,Indore,Highway,170.33,319,Pending,Yes,Notification,Not Started,79.2,High,65.89778045891494,31.0,234,On-Time,On-Time,Delayed,On-Time,On-Time
LA-2967,Uttar Pradesh,Prayagraj,Airport,17.18,67,Pending,No,Notification,Not Started,49.7,Low,47.81238290483277,16.5,246,On-Time,On-Time,Delayed,On-Time,Delayed
LA-2968,Gujarat,Rajkot,Railway,158.09,239,Paid,No,Possession,Completed,32.9,High,65.92391662375533,18.2,131,On-Time,On-Time,On-Time,On-Time,On-Time
LA-2969,Maharashtra,Nagpur,Highway,145.26,170,Paid,No,Approval,Not Started,61.6,Medium,94.09652394855034,40.5,174,On-Time,On-Time,On-Time,On-Time,On-Time
LA-2970,Delhi,New Delhi,Irrigation,91.47,195,Pending,No,Notification,Not Started,74.2,Medium,44.1566963132441,29.9,256,On-Time,Delayed,On-Time,Delayed,On-Time
LA-2971,Delhi,South Delhi,Power Project,9.75,35,Pending,Yes,Possession,In Progress,60.2,High,62.79641862441987,8.5,250,On-Time,Delayed,Delayed,On-Time,Delayed
LA-2972,Bihar,Bhagalpur,Industrial Corridor,70.49,201,Partially Paid,Yes,Possession,Pending,75.0,High,55.46753388799786,13.6,259,Delayed,On-Time,On-Time,Delayed,Delayed
LA-2973,Maharashtra,Nagpur,Railway,137.12,207,Paid,No,Compensation,In Progress,42.5,High,49.395225533820124,14.7,187,On-Time,Delayed,On-Time,On-Time,On-Time
LA-2974,Rajasthan,Jaipur,Power Project,5.71,77,Pending,No,Notification,Not Started,59.3,Low,53.13137783903935,19.2,294,On-Time,Delayed,Delayed,Delayed,On-Time
LA-2975,Maharashtra,Nagpur,Power Project,145.39,243,Paid,No,Notification,Not Started,38.2,Medium,87.06234309046911,26.4,162,On-Time,On-Time,On-Time,On-Time,Delayed
LA-2976,West Bengal,Siliguri,Power Project,33.9,127,Paid,No,Compensation,Pending,50.8,Low,91.04729005762947,28.1,191,Delayed,On-Time,On-Time,Delayed,On-Time
LA-2977,Maharashtra,Nashik,Power Project,20.43,60,Partially Paid,No,Compensation,Pending,36.3,Medium,49.304825978656766,22.5,189,On-Time,On-Time,On-Time,On-Time,Delayed
LA-2978,Gujarat,Rajkot,Power Project,144.47,230,Paid,No,Compensation,Pending,85.3,Low,71.01363821932866,38.6,252,On-Time,On-Time,On-Time,On-Time,Delayed
LA-2979,Bihar,Patna,Railway,71.38,121,Paid,No,Possession,Completed,77.4,Low,51.21510029665628,17.3,292,Delayed,Delayed,On-Time,On-Time,On-Time
LA-2980,Bihar,Bhagalpur,Irrigation,112.73,98,Pending,No,Approval,Not Started,70.8,Medium,54.825144209139054,19.9,216,On-Time,On-Time,Delayed,On-Time,On-Time
LA-2981,Uttar Pradesh,Lucknow,Airport,92.69,201,Paid,No,Notification,Not Started,83.3,High,34.26152420698209,14.7,229,On-Time,On-Time,On-Time,On-Time,On-Time
LA-2982,Tamil Nadu,Madurai,Metro,63.8,58,Pending,No,Possession,In Progress,23.8,Medium,95.0,38.2,179,On-Time,On-Time,On-Time,Delayed,Delayed
LA-2983,Rajasthan,Udaipur,Power Project,10.57,52,Pending,No,Compensation,Pending,34.3,Medium,81.4747785043054,10.3,179,On-Time,On-Time,On-Time,On-Time,Delayed
LA-2984,Rajasthan,Kota,Power Project,122.28,122,Pending,Yes,Compensation,In Progress,65.7,Medium,55.224726142627546,17.8,293,Delayed,On-Time,On-Time,Delayed,Delayed
LA-2985,Uttar Pradesh,Kanpur,Metro,140.86,278,Pending,No,Possession,In Progress,51.6,Low,69.27258951779734,46.2,219,Delayed,Delayed,Delayed,On-Time,Delayed
LA-2986,Uttar Pradesh,Kanpur,Irrigation,106.27,190,Partially Paid,No,Possession,Completed,60.6,High,59.000275099875836,20.9,178,On-Time,On-Time,On-Time,On-Time,On-Time
LA-2987,Karnataka,Bengaluru,Irrigation,116.33,177,Partially Paid,Yes,Compensation,In Progress,53.4,High,79.1892821155382,2.9,197,On-Time,On-Time,On-Time,On-Time,On-Time
LA-2988,Rajasthan,Kota,Railway,94.53,237,Pending,No,Approval,Not Started,92.4,Medium,59.881159695180614,9.4,198,On-Time,On-Time,On-Time,On-Time,Delayed
LA-2989,Gujarat,Ahmedabad,Highway,70.91,169,Paid,Yes,Possession,In Progress,69.1,High,62.078380382001264,34.1,259,On-Time,On-Time,On-Time,On-Time,On-Time
LA-2990,Karnataka,Bengaluru,Industrial Corridor,186.8,221,Paid,No,Compensation,Pending,75.6,High,55.06920166713909,32.9,192,On-Time,Delayed,On-Time,On-Time,On-Time
LA-2991,Tamil Nadu,Salem,Industrial Corridor,200.21,341,Partially Paid,No,Approval,Not Started,23.0,Low,74.05839518542416,60.0,255,On-Time,Delayed,Delayed,On-Time,Delayed
LA-2992,Uttar Pradesh,Lucknow,Highway,257.77,459,Partially Paid,Yes,Compensation,In Progress,70.6,Medium,95.0,7.2,183,On-Time,On-Time,On-Time,On-Time,On-Time
LA-2993,Madhya Pradesh,Indore,Railway,229.19,227,Pending,Yes,Approval,Not Started,60.6,Low,60.73611418144298,45.9,345,Delayed,Delayed,On-Time,Delayed,Delayed
LA-2994,Uttar Pradesh,Varanasi,Industrial Corridor,95.88,169,Partially Paid,No,Possession,Pending,69.4,Medium,60.56405193693795,52.5,258,On-Time,Delayed,On-Time,On-Time,Delayed
LA-2995,Tamil Nadu,Salem,Irrigation,55.41,131,Partially Paid,No,Compensation,Pending,55.3,Medium,64.62289103681204,15.9,192,Delayed,On-Time,On-Time,On-Time,On-Time
LA-2996,Karnataka,Hubballi,Metro,29.25,38,Partially Paid,No,Possession,Completed,37.0,Medium,68.90313490938192,15.6,167,Delayed,On-Time,On-Time,On-Time,Delayed
LA-2997,West Bengal,Kolkata,Highway,141.31,267,Paid,Yes,Possession,Completed,37.7,High,60.51534342386038,25.2,228,Delayed,On-Time,On-Time,On-Time,Delayed
LA-2998,Delhi,New Delhi,Irrigation,119.77,276,Paid,No,Possession,Pending,48.3,Medium,59.116079644635505,39.1,238,On-Time,Delayed,Delayed,On-Time,Delayed
LA-2999,Delhi,North Delhi,Airport,112.2,136,Pending,No,Compensation,Pending,43.9,High,66.23786211993688,7.5,133,On-Time,On-Time,Delayed,On-Time,On-Time
LA-3000,Maharashtra,Nagpur,Railway,120.92,176,Paid,Yes,Possession,Completed,70.4,Low,38.73397121656585,31.8,365,Delayed,Delayed,Delayed,On-Time,Delayed
LA-3001,Maharashtra,Nagpur,Highway,131.12,160,Pending,No,Approval,Pending,86.0,High,56.78898585856577,7.1,175,On-Time,On-Time,On-Time,On-Time,On-Time
LA-3002,Maharashtra,Nashik,Industrial Corridor,257.63,397,Pending,No,Notification,Not Started,75.1,High,34.98510252251859,36.1,251,On-Time,On-Time,Delayed,On-Time,On-Time
LA-3003,Bihar,Bhagalpur,Railway,103.75,244,Partially Paid,No,Possession,Completed,65.6,Medium,57.60992242041988,19.5,189,On-Time,Delayed,Delayed,On-Time,On-Time
LA-3004,Maharashtra,Pune,Metro,129.42,248,Pending,Yes,Compensation,Pending,45.0,Medium,50.77609762087931,8.8,250,On-Time,Delayed,Delayed,Delayed,Delayed
LA-3005,Maharashtra,Pune,Railway,63.53,119,Partially Paid,Yes,Notification,Not Started,51.7,High,74.4047249719525,18.7,214,On-Time,On-Time,Delayed,On-Time,Delayed
LA-3006,Tamil Nadu,Salem,Railway,280.15,490,Paid,No,Notification,Not Started,66.2,High,53.97178432396199,5.5,163,On-Time,On-Time,On-Time,On-Time,On-Time
LA-3007,Gujarat,Vadodara,Metro,19.2,30,Partially Paid,No,Notification,Not Started,54.5,Low,59.51731045578843,13.2,186,On-Time,On-Time,Delayed,Delayed,On-Time
LA-3008,Tamil Nadu,Coimbatore,Power Project,194.04,308,Paid,No,Possession,In Progress,44.9,Medium,32.782247655114,27.0,274,On-Time,On-Time,Delayed,On-Time,Delayed
LA-3009,Delhi,South Delhi,Metro,107.45,208,Paid,No,Compensation,Pending,51.5,High,80.33593255212769,59.6,190,On-Time,On-Time,On-Time,Delayed,On-Time
LA-3010,Rajasthan,Kota,Irrigation,75.08,128,Paid,No,Approval,Not Started,59.2,Medium,48.70400170097572,17.8,166,On-Time,On-Time,On-Time,On-Time,On-Time
LA-3011,Delhi,New Delhi,Railway,30.72,121,Pending,Yes,Possession,Pending,69.9,High,57.75993692087032,28.2,245,Delayed,On-Time,On-Time,Delayed,Delayed
LA-3012,Delhi,New Delhi,Metro,144.37,226,Partially Paid,No,Approval,Not Started,52.9,High,76.67145447722284,29.1,135,On-Time,Delayed,Delayed,On-Time,On-Time
LA-3013,Bihar,Bhagalpur,Power Project,45.85,60,Paid,No,Possession,Pending,41.1,Low,76.72764969865358,12.0,160,On-Time,On-Time,On-Time,Delayed,Delayed
LA-3014,Uttar Pradesh,Kanpur,Irrigation,176.15,267,Paid,No,Compensation,In Progress,85.1,High,48.33787064366684,26.0,210,On-Time,Delayed,Delayed,On-Time,On-Time
LA-3015,Rajasthan,Udaipur,Highway,79.69,185,Partially Paid,No,Compensation,In Progress,57.2,High,72.9041932855148,2.3,153,On-Time,On-Time,Delayed,Delayed,On-Time
LA-3016,Gujarat,Vadodara,Metro,22.24,38,Paid,No,Approval,Not Started,25.0,Low,47.7690705768605,3.3,239,On-Time,On-Time,Delayed,On-Time,On-Time
LA-3017,Maharashtra,Nagpur,Metro,96.37,82,Paid,No,Approval,Pending,70.8,Medium,68.4846506729348,13.1,185,On-Time,On-Time,On-Time,On-Time,On-Time
LA-3018,Bihar,Bhagalpur,Railway,89.94,158,Pending,No,Possession,Completed,43.3,High,53.23614221044093,8.1,150,On-Time,On-Time,On-Time,On-Time,On-Time
LA-3019,Delhi,South Delhi,Irrigation,177.58,339,Paid,No,Notification,Not Started,84.0,High,49.77331195578043,30.7,217,Delayed,On-Time,On-Time,On-Time,On-Time
LA-3020,Karnataka,Hubballi,Highway,149.02,270,Paid,No,Possession,In Progress,76.7,Low,65.52873136097678,33.8,236,Delayed,Delayed,On-Time,On-Time,On-Time
LA-3021,West Bengal,Durgapur,Airport,28.83,83,Paid,No,Compensation,In Progress,85.0,High,54.14727953477306,4.5,158,On-Time,On-Time,On-Time,On-Time,On-Time
LA-3022,Madhya Pradesh,Indore,Airport,156.89,255,Partially Paid,Yes,Approval,Not Started,85.8,Medium,95.0,15.8,187,Delayed,On-Time,Delayed,Delayed,Delayed
LA-3023,West Bengal,Durgapur,Industrial Corridor,61.65,142,Pending,No,Compensation,Pending,63.7,Medium,55.73335075829358,8.5,160,On-Time,On-Time,Delayed,Delayed,On-Time
LA-3024,Delhi,North Delhi,Metro,58.08,141,Pending,No,Notification,Not Started,25.0,High,47.12065270032388,52.2,262,Delayed,Delayed,Delayed,Delayed,Delayed
LA-3025,Gujarat,Surat,Metro,137.59,242,Partially Paid,No,Compensation,In Progress,46.5,Medium,51.51712741838567,14.2,211,On-Time,On-Time,On-Time,On-Time,Delayed
LA-3026,Maharashtra,Nagpur,Highway,56.23,148,Paid,No,Possession,Pending,78.4,Medium,64.7392890061754,12.9,175,On-Time,On-Time,Delayed,On-Time,On-Time
LA-3027,Karnataka,Hubballi,Power Project,215.18,266,Paid,No,Approval,Not Started,62.6,High,66.67976484782183,11.0,180,On-Time,On-Time,On-Time,On-Time,On-Time
LA-3028,West Bengal,Howrah,Airport,19.84,67,Paid,No,Compensation,Pending,69.4,Low,69.64282624348094,14.8,183,On-Time,On-Time,On-Time,On-Time,On-Time
LA-3029,Maharashtra,Pune,Industrial Corridor,86.85,145,Partially Paid,No,Approval,Not Started,57.4,High,78.67263480327796,60.0,205,Delayed,On-Time,Delayed,On-Time,Delayed
LA-3030,Karnataka,Hubballi,Highway,88.3,135,Partially Paid,No,Compensation,In Progress,71.7,Medium,39.93643348723427,8.6,264,Delayed,Delayed,On-Time,On-Time,On-Time
LA-3031,Uttar Pradesh,Kanpur,Metro,35.89,48,Partially Paid,Yes,Approval,Not Started,34.6,Medium,79.35743660333603,8.3,227,Delayed,On-Time,Delayed,On-Time,Delayed
LA-3032,Madhya Pradesh,Jabalpur,Airport,65.4,110,Paid,Yes,Compensation,In Progress,89.6,Medium,51.29144804005956,4.4,246,On-Time,Delayed,On-Time,Delayed,On-Time
LA-3033,Rajasthan,Jodhpur,Irrigation,60.69,187,Paid,No,Possession,Completed,44.7,High,71.02479385579456,57.6,224,On-Time,On-Time,On-Time,On-Time,On-Time
LA-3034,West Bengal,Howrah,Industrial Corridor,19.95,30,Paid,No,Notification,Not Started,79.5,Medium,90.81656144904801,11.8,115,On-Time,Delayed,On-Time,On-Time,On-Time
LA-3035,Madhya Pradesh,Jabalpur,Railway,47.09,99,Pending,No,Compensation,Pending,87.3,High,53.02606687641309,14.7,164,Delayed,On-Time,On-Time,On-Time,Delayed
LA-3036,Maharashtra,Mumbai,Airport,78.16,102,Paid,No,Compensation,Pending,72.9,Medium,52.4048413073572,25.8,206,On-Time,On-Time,On-Time,On-Time,Delayed
LA-3037,Uttar Pradesh,Agra,Industrial Corridor,74.23,87,Partially Paid,No,Compensation,Pending,54.9,Low,49.635760758561474,3.0,258,On-Time,On-Time,Delayed,On-Time,On-Time
LA-3038,Uttar Pradesh,Varanasi,Highway,142.93,205,Paid,No,Compensation,In Progress,67.1,Low,59.93018112071177,20.4,223,On-Time,Delayed,On-Time,Delayed,On-Time
LA-3039,Uttar Pradesh,Lucknow,Railway,201.95,398,Partially Paid,No,Compensation,In Progress,87.7,Medium,83.98067961479008,17.7,130,On-Time,On-Time,On-Time,On-Time,Delayed
LA-3040,Maharashtra,Nagpur,Industrial Corridor,67.85,206,Paid,Yes,Notification,Not Started,71.7,High,48.285446230527015,29.2,307,On-Time,Delayed,On-Time,On-Time,On-Time
LA-3041,Bihar,Bhagalpur,Industrial Corridor,31.04,80,Paid,No,Possession,Completed,87.1,High,57.59369912207652,18.5,141,On-Time,Delayed,On-Time,On-Time,On-Time
LA-3042,Madhya Pradesh,Jabalpur,Metro,116.49,160,Paid,No,Possession,Pending,80.6,High,79.63608417163161,30.0,147,Delayed,On-Time,On-Time,On-Time,On-Time
LA-3043,Rajasthan,Kota,Power Project,77.71,113,Paid,Yes,Notification,Not Started,42.7,Medium,74.35926976814898,38.1,260,Delayed,On-Time,Delayed,On-Time,On-Time
LA-3044,Uttar Pradesh,Varanasi,Airport,166.72,212,Paid,Yes,Approval,Not Started,22.5,High,57.504264925014404,11.4,249,On-Time,Delayed,Delayed,On-Time,Delayed
LA-3045,Bihar,Gaya,Metro,79.34,75,Pending,No,Possession,Pending,65.1,Low,61.836208845537826,46.6,258,Delayed,On-Time,Delayed,Delayed,On-Time
LA-3046,Karnataka,Hubballi,Irrigation,89.51,171,Paid,Yes,Possession,Pending,64.4,Low,78.73779587471124,25.8,248,Delayed,On-Time,On-Time,Delayed,Delayed
LA-3047,Delhi,South Delhi,Railway,75.42,153,Paid,No,Possession,In Progress,73.9,High,88.7264555444222,4.2,92,On-Time,On-Time,On-Time,On-Time,On-Time
LA-3048,Karnataka,Hubballi,Power Project,218.94,367,Partially Paid,Yes,Possession,Completed,47.0,Medium,90.51518615805087,56.7,260,Delayed,Delayed,On-Time,On-Time,Delayed
LA-3049,Rajasthan,Kota,Industrial Corridor,95.27,172,Partially Paid,No,Notification,Not Started,23.9,Medium,85.69702329781869,19.0,164,On-Time,On-Time,On-Time,On-Time,On-Time
LA-3050,Uttar Pradesh,Prayagraj,Metro,176.49,214,Paid,No,Possession,In Progress,69.2,High,54.9491047120199,36.3,206,On-Time,On-Time,On-Time,On-Time,On-Time
LA-3051,Rajasthan,Udaipur,Power Project,67.48,115,Partially Paid,No,Possession,Completed,64.4,Medium,92.27941658053352,29.7,193,Delayed,On-Time,On-Time,Delayed,On-Time
LA-3052,Rajasthan,Jaipur,Irrigation,132.8,278,Pending,No,Approval,Not Started,65.3,High,53.91685255466581,7.8,153,On-Time,On-Time,On-Time,On-Time,On-Time
LA-3053,Uttar Pradesh,Varanasi,Airport,145.78,150,Paid,No,Approval,Pending,40.6,High,40.23304289553368,12.3,221,Delayed,On-Time,On-Time,On-Time,On-Time
LA-3054,West Bengal,Howrah,Irrigation,69.15,62,Partially Paid,No,Compensation,Pending,89.3,Medium,66.68542303615781,18.4,177,On-Time,On-Time,On-Time,On-Time,On-Time
LA-3055,Bihar,Gaya,Railway,150.44,244,Paid,Yes,Compensation,In Progress,66.3,Low,87.14324777044601,36.3,273,On-Time,On-Time,On-Time,Delayed,On-Time
LA-3056,Karnataka,Mysuru,Highway,20.33,29,Paid,No,Approval,Not Started,62.0,High,74.95437077481846,23.3,160,On-Time,On-Time,On-Time,On-Time,On-Time
LA-3057,Rajasthan,Udaipur,Metro,104.5,108,Pending,No,Notification,Not Started,33.1,Medium,63.894342288048115,18.5,171,On-Time,On-Time,On-Time,Delayed,Delayed
LA-3058,Gujarat,Vadodara,Railway,134.95,184,Paid,No,Notification,Not Started,57.1,High,69.37044673975657,23.1,180,On-Time,On-Time,On-Time,On-Time,On-Time
LA-3059,Karnataka,Hubballi,Highway,48.59,122,Paid,No,Approval,Pending,85.7,Low,72.98198011753992,1.3,190,On-Time,Delayed,On-Time,On-Time,On-Time
LA-3060,Rajasthan,Jaipur,Metro,58.78,112,Pending,Yes,Approval,Not Started,84.9,Low,67.21350941832341,17.5,303,Delayed,Delayed,On-Time,Delayed,Delayed
LA-3061,Delhi,New Delhi,Railway,33.97,70,Partially Paid,Yes,Possession,In Progress,41.1,High,60.56963970967708,18.1,260,On-Time,Delayed,On-Time,Delayed,Delayed
LA-3062,Rajasthan,Jodhpur,Irrigation,37.08,103,Partially Paid,Yes,Notification,Not Started,78.7,Low,53.88883071666433,17.4,325,On-Time,Delayed,On-Time,On-Time,On-Time
LA-3063,Tamil Nadu,Chennai,Railway,44.06,79,Partially Paid,No,Possession,In Progress,95.5,High,66.68482802954168,54.1,221,On-Time,Delayed,On-Time,On-Time,On-Time
LA-3064,Rajasthan,Udaipur,Power Project,149.9,307,Partially Paid,No,Possession,In Progress,52.9,High,63.16174353621555,60.0,250,Delayed,On-Time,On-Time,On-Time,On-Time
LA-3065,Delhi,New Delhi,Irrigation,46.32,76,Pending,No,Possession,In Progress,74.2,Medium,65.05411030561444,7.4,171,On-Time,On-Time,On-Time,On-Time,On-Time
LA-3066,Tamil Nadu,Chennai,Metro,12.1,58,Paid,No,Compensation,In Progress,72.3,High,80.68991685438523,12.1,113,On-Time,On-Time,On-Time,Delayed,On-Time
LA-3067,Uttar Pradesh,Lucknow,Railway,123.19,169,Paid,Yes,Notification,Not Started,38.7,Medium,61.28543367763521,45.4,320,Delayed,Delayed,Delayed,On-Time,Delayed
LA-3068,Maharashtra,Aurangabad,Industrial Corridor,13.19,48,Paid,No,Approval,Not Started,82.7,Medium,61.87803376183244,29.2,212,On-Time,On-Time,On-Time,On-Time,On-Time
LA-3069,Uttar Pradesh,Lucknow,Metro,82.56,162,Paid,No,Notification,Not Started,59.6,High,67.84866349158722,33.2,193,On-Time,On-Time,On-Time,On-Time,On-Time
LA-3070,Maharashtra,Nashik,Railway,68.22,135,Paid,No,Possession,Completed,64.3,High,95.0,15.4,130,On-Time,On-Time,On-Time,On-Time,Delayed
LA-3071,Tamil Nadu,Coimbatore,Power Project,65.12,119,Partially Paid,No,Approval,Not Started,70.2,Medium,48.62155426936716,21.6,206,Delayed,On-Time,On-Time,On-Time,On-Time
LA-3072,Rajasthan,Udaipur,Highway,23.45,5,Paid,No,Compensation,In Progress,81.0,High,81.37814009371249,27.0,140,On-Time,On-Time,On-Time,On-Time,On-Time
LA-3073,Uttar Pradesh,Kanpur,Highway,113.87,159,Paid,No,Possession,In Progress,53.0,High,60.51509977740863,60.0,208,Delayed,On-Time,On-Time,On-Time,Delayed
LA-3074,Bihar,Bhagalpur,Industrial Corridor,45.79,42,Partially Paid,No,Possession,Completed,33.5,High,64.08517720367959,31.8,175,On-Time,On-Time,On-Time,On-Time,On-Time
LA-3075,Bihar,Patna,Metro,142.86,251,Partially Paid,No,Possession,In Progress,84.9,Low,45.31753805216906,41.2,288,On-Time,On-Time,Delayed,Delayed,Delayed
LA-3076,Bihar,Muzaffarpur,Power Project,118.18,263,Pending,No,Compensation,In Progress,67.2,Low,93.2069427522227,19.2,155,Delayed,On-Time,On-Time,On-Time,Delayed
LA-3077,Maharashtra,Pune,Railway,197.66,421,Pending,No,Compensation,Pending,65.9,High,68.33803761709234,33.3,191,On-Time,On-Time,Delayed,Delayed,On-Time
LA-3078,Rajasthan,Kota,Railway,92.35,213,Pending,No,Compensation,Pending,46.1,High,74.88240867189803,38.1,175,Delayed,On-Time,On-Time,Delayed,On-Time
LA-3079,West Bengal,Siliguri,Highway,124.28,276,Partially Paid,No,Notification,Not Started,75.8,Medium,42.51762629156957,28.6,236,On-Time,On-Time,On-Time,On-Time,Delayed
LA-3080,Tamil Nadu,Coimbatore,Power Project,53.52,66,Partially Paid,No,Possession,In Progress,22.9,Low,55.365972630337055,5.7,236,Delayed,Delayed,On-Time,Delayed,On-Time
LA-3081,Delhi,New Delhi,Irrigation,13.78,26,Pending,No,Compensation,Pending,78.7,High,71.18714508722233,10.5,131,On-Time,On-Time,On-Time,On-Time,On-Time
LA-3082,Delhi,South Delhi,Industrial Corridor,45.78,38,Pending,No,Notification,Not Started,73.0,Low,62.585334397028426,20.0,214,Delayed,On-Time,Delayed,On-Time,On-Time
LA-3083,Rajasthan,Jaipur,Highway,119.76,124,Partially Paid,Yes,Possession,In Progress,66.7,Medium,71.70018404704841,26.3,241,Delayed,Delayed,Delayed,On-Time,On-Time
LA-3084,Bihar,Muzaffarpur,Highway,102.65,98,Partially Paid,No,Compensation,Pending,49.7,Low,95.0,31.8,148,On-Time,On-Time,On-Time,On-Time,On-Time
LA-3085,Rajasthan,Jodhpur,Industrial Corridor,69.34,105,Paid,No,Possession,Completed,78.0,High,72.56919803479495,8.2,118,On-Time,On-Time,On-Time,On-Time,On-Time
LA-3086,Rajasthan,Udaipur,Metro,61.81,200,Pending,No,Possession,Pending,86.2,Low,58.26882354695108,17.1,230,Delayed,On-Time,Delayed,On-Time,Delayed
LA-3087,Uttar Pradesh,Kanpur,Railway,32.08,94,Pending,No,Possession,Completed,82.8,High,55.22958752460562,25.8,207,On-Time,On-Time,On-Time,On-Time,Delayed
LA-3088,Karnataka,Hubballi,Metro,68.31,18,Pending,No,Notification,Not Started,59.9,Low,53.519810480198075,30.7,218,On-Time,On-Time,On-Time,Delayed,On-Time
LA-3089,Tamil Nadu,Chennai,Power Project,66.85,66,Paid,Yes,Approval,Not Started,68.5,Medium,58.58539695224621,25.8,324,Delayed,On-Time,On-Time,On-Time,Delayed
LA-3090,Gujarat,Surat,Irrigation,191.25,338,Paid,Yes,Possession,Pending,89.0,Medium,59.21778710254738,12.4,250,Delayed,Delayed,Delayed,On-Time,On-Time
LA-3091,Tamil Nadu,Chennai,Airport,112.7,135,Paid,No,Possession,In Progress,33.1,Low,66.78372599561841,8.3,191,On-Time,On-Time,On-Time,On-Time,On-Time
LA-3092,West Bengal,Howrah,Airport,92.68,191,Pending,No,Compensation,In Progress,54.5,Medium,72.92485184781596,22.8,171,On-Time,On-Time,Delayed,On-Time,On-Time
LA-3093,Uttar Pradesh,Prayagraj,Airport,98.92,140,Pending,Yes,Approval,Not Started,62.9,Medium,71.53180936704175,60.0,299,Delayed,Delayed,Delayed,Delayed,On-Time
LA-3094,Rajasthan,Kota,Industrial Corridor,216.67,201,Paid,No,Notification,Not Started,61.6,High,66.98167599662187,15.6,143,On-Time,On-Time,On-Time,On-Time,On-Time
LA-3095,Maharashtra,Mumbai,Highway,60.78,112,Partially Paid,No,Possession,In Progress,36.9,Medium,68.01748382467274,27.1,190,Delayed,Delayed,Delayed,Delayed,On-Time
LA-3096,Tamil Nadu,Salem,Irrigation,53.93,110,Paid,Yes,Approval,Not Started,90.8,Low,95.0,9.5,216,On-Time,Delayed,On-Time,On-Time,On-Time
LA-3097,Madhya Pradesh,Indore,Metro,226.31,414,Paid,Yes,Notification,Not Started,82.0,High,54.16353050085982,17.9,285,On-Time,On-Time,On-Time,Delayed,Delayed
LA-3098,Madhya Pradesh,Indore,Railway,137.9,277,Paid,No,Compensation,In Progress,86.3,Medium,64.44720368753583,36.8,202,On-Time,On-Time,On-Time,On-Time,On-Time
LA-3099,Tamil Nadu,Madurai,Airport,50.59,127,Pending,No,Approval,Not Started,43.3,Low,38.2208634532604,13.9,301,Delayed,On-Time,Delayed,Delayed,On-Time
LA-3100,Gujarat,Surat,Metro,229.9,472,Pending,Yes,Possession,In Progress,76.0,Medium,59.25629621646556,18.9,286,On-Time,Delayed,Delayed,Delayed,Delayed
LA-3101,Bihar,Bhagalpur,Airport,65.11,77,Paid,Yes,Notification,Not Started,31.2,Low,51.51798693915105,9.9,276,Delayed,Delayed,On-Time,Delayed,Delayed
LA-3102,Rajasthan,Jaipur,Irrigation,65.14,70,Partially Paid,Yes,Notification,Not Started,40.3,Low,54.052160270924425,38.8,328,On-Time,On-Time,Delayed,Delayed,On-Time
LA-3103,Uttar Pradesh,Kanpur,Airport,25.52,20,Partially Paid,No,Compensation,In Progress,87.5,Medium,47.213534772658555,28.1,219,On-Time,On-Time,On-Time,On-Time,On-Time
LA-3104,Karnataka,Mangaluru,Railway,32.16,112,Paid,No,Compensation,In Progress,46.9,Medium,44.71818019135467,20.7,231,On-Time,On-Time,On-Time,Delayed,On-Time
LA-3105,Tamil Nadu,Coimbatore,Power Project,159.12,161,Pending,No,Notification,Not Started,20.7,Low,66.83463786481889,9.3,227,Delayed,Delayed,On-Time,Delayed,On-Time
LA-3106,Maharashtra,Nashik,Power Project,76.27,143,Pending,No,Compensation,Pending,51.2,Low,75.65499630013215,10.6,201,On-Time,Delayed,Delayed,On-Time,Delayed
LA-3107,Bihar,Patna,Irrigation,82.49,84,Paid,No,Approval,Pending,57.0,Low,53.427039482680115,7.6,204,On-Time,On-Time,On-Time,On-Time,Delayed
LA-3108,Bihar,Patna,Power Project,191.24,235,Partially Paid,No,Possession,Completed,66.3,High,34.5834811525252,17.1,241,On-Time,On-Time,On-Time,On-Time,On-Time
LA-3109,Maharashtra,Mumbai,Industrial Corridor,118.92,163,Paid,No,Notification,Not Started,83.7,High,66.66629626545424,7.6,117,On-Time,On-Time,Delayed,On-Time,On-Time
LA-3110,West Bengal,Durgapur,Highway,32.41,121,Partially Paid,No,Possession,In Progress,32.7,Medium,72.04188243297564,20.5,159,On-Time,On-Time,On-Time,On-Time,Delayed
LA-3111,Uttar Pradesh,Agra,Industrial Corridor,179.72,268,Partially Paid,No,Compensation,Pending,66.2,Medium,75.10595732413277,33.5,211,On-Time,On-Time,Delayed,Delayed,Delayed
LA-3112,Uttar Pradesh,Kanpur,Metro,163.52,305,Paid,No,Notification,Not Started,86.9,High,49.680978986243076,18.6,209,On-Time,On-Time,On-Time,On-Time,On-Time
LA-3113,Uttar Pradesh,Prayagraj,Industrial Corridor,76.44,130,Pending,No,Notification,Not Started,57.1,High,55.91129042563428,11.4,182,On-Time,On-Time,On-Time,On-Time,On-Time
LA-3114,Bihar,Bhagalpur,Metro,27.4,24,Partially Paid,Yes,Compensation,In Progress,76.4,High,48.35190532266772,24.2,275,Delayed,Delayed,Delayed,Delayed,Delayed
LA-3115,Karnataka,Mysuru,Metro,109.17,157,Pending,No,Approval,Not Started,20.8,Medium,53.910936940647844,4.6,188,Delayed,On-Time,On-Time,Delayed,Delayed
LA-3116,Uttar Pradesh,Varanasi,Highway,38.26,95,Paid,Yes,Approval,Not Started,48.5,Low,53.15345820177025,10.5,281,Delayed,Delayed,On-Time,On-Time,Delayed
LA-3117,Gujarat,Surat,Railway,69.45,134,Pending,No,Approval,Not Started,34.2,Low,57.353247249934434,21.7,238,Delayed,On-Time,On-Time,Delayed,On-Time
LA-3118,Madhya Pradesh,Indore,Irrigation,73.25,165,Pending,No,Compensation,In Progress,80.4,High,61.22844871289759,9.6,138,On-Time,On-Time,On-Time,On-Time,On-Time
LA-3119,Uttar Pradesh,Lucknow,Highway,40.97,40,Paid,No,Compensation,In Progress,82.5,High,66.72021738884766,23.0,157,On-Time,On-Time,On-Time,On-Time,On-Time
LA-3120,Bihar,Gaya,Irrigation,196.85,231,Paid,No,Notification,Not Started,63.3,High,52.31714912621933,20.1,231,On-Time,Delayed,Delayed,On-Time,On-Time
LA-3121,Tamil Nadu,Madurai,Power Project,50.1,116,Pending,No,Compensation,In Progress,18.2,High,62.903946767393435,54.9,223,Delayed,On-Time,Delayed,Delayed,On-Time
LA-3122,Rajasthan,Jodhpur,Power Project,188.91,306,Partially Paid,No,Possession,Completed,82.8,Medium,51.397620048471175,16.9,190,On-Time,On-Time,Delayed,On-Time,On-Time
LA-3123,West Bengal,Kolkata,Industrial Corridor,91.3,214,Paid,No,Notification,Not Started,88.7,High,38.671700383985694,52.3,286,On-Time,On-Time,On-Time,On-Time,Delayed
LA-3124,Gujarat,Surat,Metro,24.33,13,Pending,No,Possession,Pending,78.7,High,73.1091680594293,20.6,172,On-Time,Delayed,On-Time,On-Time,On-Time
LA-3125,West Bengal,Kolkata,Airport,77.33,186,Paid,No,Compensation,Pending,66.5,High,55.05794042541074,8.6,191,On-Time,On-Time,On-Time,On-Time,On-Time
LA-3126,Karnataka,Bengaluru,Airport,195.19,307,Paid,No,Possession,In Progress,97.5,High,39.003625772662176,16.2,197,On-Time,Delayed,On-Time,On-Time,On-Time
LA-3127,Madhya Pradesh,Indore,Irrigation,75.16,159,Partially Paid,No,Notification,Not Started,93.8,High,73.40759345212354,35.7,165,On-Time,On-Time,On-Time,On-Time,On-Time
LA-3128,Uttar Pradesh,Agra,Metro,48.29,98,Partially Paid,No,Possession,Completed,81.4,Medium,61.23773348589938,31.7,190,Delayed,Delayed,Delayed,On-Time,On-Time
LA-3129,Bihar,Patna,Irrigation,158.75,239,Paid,No,Compensation,In Progress,71.7,High,71.79217089957606,27.1,188,Delayed,Delayed,Delayed,Delayed,On-Time
LA-3130,Gujarat,Vadodara,Highway,44.01,88,Partially Paid,No,Compensation,Pending,63.4,Medium,71.27546739766031,60.0,240,Delayed,On-Time,Delayed,On-Time,On-Time
LA-3131,Uttar Pradesh,Prayagraj,Railway,67.78,167,Partially Paid,No,Compensation,Pending,90.7,High,48.584727452984254,32.2,184,Delayed,On-Time,On-Time,On-Time,Delayed
LA-3132,Delhi,North Delhi,Highway,80.96,149,Partially Paid,No,Notification,Not Started,32.1,Medium,78.95723676385288,12.6,184,On-Time,On-Time,On-Time,On-Time,On-Time
LA-3133,Madhya Pradesh,Indore,Metro,68.5,106,Partially Paid,No,Possession,In Progress,56.4,Low,37.50940680565138,7.2,242,Delayed,On-Time,On-Time,On-Time,Delayed
LA-3134,Rajasthan,Kota,Metro,88.32,204,Paid,No,Compensation,Pending,62.1,Medium,59.04250739215637,28.7,207,Delayed,On-Time,On-Time,Delayed,On-Time
LA-3135,Karnataka,Mangaluru,Railway,73.93,69,Pending,No,Notification,Not Started,61.6,Medium,58.049259379284074,34.2,204,On-Time,Delayed,Delayed,On-Time,On-Time
LA-3136,Bihar,Patna,Irrigation,40.17,82,Paid,No,Notification,Not Started,58.1,Low,53.350818790378874,10.3,205,Delayed,On-Time,On-Time,On-Time,Delayed
LA-3137,Delhi,New Delhi,Industrial Corridor,63.56,148,Pending,Yes,Notification,Not Started,66.3,High,83.39093050467426,31.8,224,Delayed,On-Time,On-Time,Delayed,Delayed
LA-3138,Karnataka,Mangaluru,Industrial Corridor,119.6,189,Paid,No,Compensation,Pending,87.1,High,69.5187183952783,29.8,152,On-Time,On-Time,Delayed,On-Time,On-Time
LA-3139,Uttar Pradesh,Prayagraj,Railway,186.74,279,Paid,No,Compensation,In Progress,57.6,High,43.87807523224171,14.2,163,On-Time,On-Time,On-Time,On-Time,Delayed
LA-3140,Bihar,Bhagalpur,Industrial Corridor,30.05,63,Paid,No,Compensation,In Progress,39.8,High,46.048272128782415,32.6,237,On-Time,On-Time,On-Time,On-Time,Delayed
LA-3141,Tamil Nadu,Coimbatore,Airport,35.2,138,Partially Paid,Yes,Approval,Not Started,50.9,Medium,95.0,18.4,213,On-Time,On-Time,Delayed,On-Time,Delayed
LA-3142,Rajasthan,Udaipur,Industrial Corridor,132.16,269,Paid,Yes,Compensation,Pending,64.8,High,57.846997959147956,17.2,281,On-Time,On-Time,On-Time,On-Time,On-Time
LA-3143,Karnataka,Bengaluru,Industrial Corridor,244.21,456,Partially Paid,No,Compensation,Pending,35.2,Low,53.05926724948648,58.1,294,Delayed,Delayed,Delayed,On-Time,Delayed
LA-3144,Maharashtra,Nashik,Industrial Corridor,53.27,92,Pending,No,Notification,Not Started,54.9,High,82.34684731650901,13.1,116,On-Time,Delayed,On-Time,On-Time,Delayed
LA-3145,Rajasthan,Kota,Airport,38.85,98,Paid,No,Approval,Not Started,59.2,Low,38.343379679186654,16.0,272,On-Time,Delayed,On-Time,On-Time,On-Time
LA-3146,Tamil Nadu,Coimbatore,Irrigation,174.61,316,Paid,No,Notification,Not Started,38.4,Low,85.80515592516193,14.1,172,On-Time,On-Time,On-Time,On-Time,Delayed
LA-3147,Rajasthan,Jodhpur,Industrial Corridor,170.05,299,Pending,No,Possession,Completed,84.3,Low,53.03209146707407,47.1,290,Delayed,Delayed,Delayed,On-Time,On-Time
LA-3148,Gujarat,Rajkot,Power Project,9.89,59,Paid,No,Compensation,In Progress,80.7,Low,72.72341162098888,18.9,196,On-Time,On-Time,On-Time,On-Time,On-Time
LA-3149,Rajasthan,Jaipur,Airport,16.9,87,Paid,No,Possession,Completed,60.0,High,57.81655655482639,49.6,183,On-Time,On-Time,On-Time,Delayed,On-Time
LA-3150,Tamil Nadu,Madurai,Railway,34.42,109,Paid,Yes,Approval,Pending,89.6,Medium,41.384549640146425,26.8,328,Delayed,On-Time,Delayed,Delayed,Delayed
LA-3151,Maharashtra,Pune,Highway,135.68,215,Paid,No,Possession,Pending,34.9,High,67.67701351185593,9.1,150,On-Time,Delayed,On-Time,On-Time,On-Time
LA-3152,Uttar Pradesh,Lucknow,Railway,82.28,203,Paid,No,Compensation,Pending,39.1,Low,79.21694418249355,20.5,186,On-Time,Delayed,On-Time,On-Time,On-Time
LA-3153,Karnataka,Bengaluru,Highway,99.18,222,Partially Paid,No,Compensation,In Progress,64.7,High,29.773915567911203,41.9,313,Delayed,On-Time,On-Time,Delayed,Delayed
LA-3154,Tamil Nadu,Madurai,Railway,208.92,259,Paid,No,Approval,Not Started,47.1,High,47.66388089598513,22.2,188,On-Time,On-Time,On-Time,On-Time,On-Time
LA-3155,Uttar Pradesh,Prayagraj,Power Project,49.08,87,Pending,No,Compensation,Pending,77.7,Low,83.56841301863538,4.7,147,On-Time,On-Time,On-Time,On-Time,On-Time
LA-3156,Maharashtra,Nagpur,Highway,106.75,118,Paid,No,Possession,In Progress,71.2,High,70.96436140058556,12.0,145,On-Time,Delayed,On-Time,On-Time,On-Time
LA-3157,Uttar Pradesh,Varanasi,Highway,138.52,186,Partially Paid,Yes,Approval,Not Started,34.4,High,71.95998693574778,47.2,267,Delayed,Delayed,On-Time,On-Time,Delayed
LA-3158,Maharashtra,Pune,Metro,58.92,122,Paid,No,Notification,Not Started,56.2,High,78.96327307527726,20.0,101,On-Time,On-Time,On-Time,On-Time,On-Time
LA-3159,Rajasthan,Udaipur,Highway,37.46,90,Pending,No,Compensation,In Progress,72.4,Medium,72.01776753980023,15.5,185,On-Time,On-Time,Delayed,On-Time,Delayed
LA-3160,Karnataka,Hubballi,Highway,168.1,237,Partially Paid,No,Possession,Pending,71.6,Medium,67.21203553374373,26.5,186,Delayed,On-Time,Delayed,Delayed,Delayed
LA-3161,Karnataka,Hubballi,Metro,103.49,164,Paid,Yes,Compensation,Pending,74.8,Medium,81.74211519396403,40.7,287,On-Time,Delayed,On-Time,On-Time,On-Time
LA-3162,Madhya Pradesh,Gwalior,Industrial Corridor,23.53,83,Paid,Yes,Approval,Not Started,65.5,Low,59.14838774285478,30.4,330,On-Time,Delayed,On-Time,Delayed,On-Time
LA-3163,Gujarat,Rajkot,Industrial Corridor,209.0,295,Paid,No,Approval,Not Started,39.5,High,64.75134161756083,26.7,166,On-Time,On-Time,On-Time,On-Time,On-Time
LA-3164,Bihar,Gaya,Metro,113.9,200,Paid,Yes,Approval,Not Started,23.2,Medium,77.38783369430195,35.8,289,Delayed,Delayed,On-Time,On-Time,Delayed
LA-3165,Rajasthan,Jaipur,Airport,146.53,314,Partially Paid,Yes,Possession,Completed,82.4,Medium,53.526953975154505,9.5,261,Delayed,On-Time,On-Time,Delayed,Delayed
LA-3166,West Bengal,Howrah,Highway,91.54,133,Paid,No,Possession,Completed,79.2,Medium,86.37340514958248,12.7,110,On-Time,On-Time,On-Time,On-Time,On-Time
LA-3167,Madhya Pradesh,Jabalpur,Highway,46.68,159,Pending,No,Compensation,In Progress,72.5,High,69.37016691671234,59.6,183,On-Time,On-Time,On-Time,Delayed,On-Time
LA-3168,Uttar Pradesh,Varanasi,Metro,96.83,78,Paid,No,Approval,Not Started,41.9,High,47.766603979097155,20.2,200,On-Time,Delayed,On-Time,On-Time,On-Time
LA-3169,Karnataka,Bengaluru,Metro,182.75,192,Pending,No,Possession,In Progress,69.7,High,62.0962238494475,8.7,185,On-Time,Delayed,Delayed,Delayed,On-Time
LA-3170,Maharashtra,Nagpur,Airport,68.15,69,Paid,No,Compensation,In Progress,56.2,High,44.213200153922145,9.9,184,On-Time,On-Time,On-Time,On-Time,On-Time
LA-3171,Karnataka,Hubballi,Power Project,37.59,71,Paid,No,Possession,Completed,78.4,High,66.28843918474226,34.9,195,On-Time,Delayed,On-Time,On-Time,On-Time
LA-3172,Delhi,South Delhi,Industrial Corridor,362.94,613,Pending,No,Compensation,In Progress,42.9,High,59.317932888739215,18.0,175,Delayed,On-Time,Delayed,Delayed,On-Time
LA-3173,Uttar Pradesh,Kanpur,Railway,95.19,87,Pending,Yes,Possession,In Progress,57.1,High,52.029426071600476,21.7,255,Delayed,Delayed,On-Time,Delayed,On-Time
LA-3174,Bihar,Muzaffarpur,Power Project,96.0,190,Partially Paid,No,Possession,In Progress,52.0,High,38.2979487815623,22.0,183,On-Time,On-Time,On-Time,On-Time,On-Time
LA-3175,Uttar Pradesh,Varanasi,Irrigation,70.76,80,Partially Paid,No,Approval,Not Started,66.1,Medium,53.123333352229906,13.8,208,On-Time,On-Time,On-Time,On-Time,Delayed
LA-3176,Bihar,Patna,Industrial Corridor,105.9,212,Pending,Yes,Possession,Pending,62.4,Low,62.29100457858308,29.9,331,On-Time,On-Time,Delayed,Delayed,Delayed
LA-3177,Maharashtra,Mumbai,Highway,146.35,300,Partially Paid,No,Notification,Not Started,46.7,High,59.41998589227351,43.5,216,On-Time,On-Time,On-Time,On-Time,On-Time
LA-3178,Madhya Pradesh,Gwalior,Irrigation,126.4,132,Paid,No,Possession,Pending,73.4,Medium,43.69769296859641,1.8,199,On-Time,On-Time,On-Time,On-Time,On-Time
LA-3179,Karnataka,Mangaluru,Power Project,171.02,302,Paid,No,Possession,Pending,55.7,Low,65.32121096742318,23.1,213,On-Time,On-Time,On-Time,On-Time,On-Time
LA-3180,Rajasthan,Jodhpur,Metro,96.69,158,Partially Paid,No,Approval,Not Started,55.6,Medium,50.21699237601212,46.9,247,On-Time,On-Time,On-Time,Delayed,On-Time
LA-3181,Maharashtra,Pune,Airport,68.17,188,Partially Paid,No,Compensation,Pending,27.8,Low,78.82835082223448,5.1,157,Delayed,On-Time,Delayed,On-Time,On-Time
LA-3182,Uttar Pradesh,Lucknow,Industrial Corridor,173.15,203,Partially Paid,Yes,Compensation,In Progress,32.0,High,81.03694154111449,19.4,203,On-Time,Delayed,On-Time,Delayed,Delayed
LA-3183,Delhi,North Delhi,Airport,194.54,281,Paid,Yes,Possession,In Progress,74.4,Low,61.143823037992675,19.9,299,Delayed,On-Time,Delayed,On-Time,On-Time
LA-3184,Maharashtra,Nagpur,Irrigation,67.3,156,Pending,No,Possession,In Progress,41.2,Medium,88.64188936115983,45.5,191,On-Time,On-Time,On-Time,Delayed,On-Time
LA-3185,Karnataka,Mysuru,Industrial Corridor,38.24,99,Partially Paid,Yes,Compensation,In Progress,55.1,High,62.88554697031249,8.5,203,Delayed,Delayed,On-Time,Delayed,Delayed
LA-3186,West Bengal,Siliguri,Power Project,83.34,138,Partially Paid,No,Possession,In Progress,19.2,Low,45.49264394149672,58.1,316,On-Time,Delayed,Delayed,On-Time,Delayed
LA-3187,Bihar,Bhagalpur,Highway,42.01,108,Paid,No,Approval,Pending,75.7,Low,82.77841541128859,38.5,211,On-Time,Delayed,On-Time,On-Time,Delayed
LA-3188,Tamil Nadu,Coimbatore,Railway,77.1,165,Pending,No,Approval,Not Started,58.3,High,89.21171774141419,5.6,80,On-Time,On-Time,On-Time,On-Time,On-Time
LA-3189,Tamil Nadu,Salem,Airport,111.9,67,Partially Paid,No,Approval,Pending,84.5,Low,79.91933628912493,60.0,256,On-Time,On-Time,On-Time,On-Time,On-Time
LA-3190,Karnataka,Mysuru,Airport,37.24,56,Partially Paid,No,Compensation,Pending,27.3,High,53.54227005899062,32.4,184,On-Time,Delayed,On-Time,On-Time,Delayed
LA-3191,Maharashtra,Pune,Railway,81.44,121,Pending,No,Notification,Not Started,42.2,Medium,46.469550869400635,15.8,245,On-Time,On-Time,Delayed,On-Time,Delayed
LA-3192,Bihar,Patna,Airport,86.08,115,Pending,Yes,Compensation,In Progress,32.6,High,59.74555831933998,8.1,236,On-Time,Delayed,Delayed,On-Time,On-Time
LA-3193,Karnataka,Hubballi,Airport,151.42,333,Paid,Yes,Approval,Not Started,86.9,High,95.0,37.2,212,On-Time,On-Time,On-Time,On-Time,Delayed
LA-3194,Madhya Pradesh,Gwalior,Industrial Corridor,199.65,394,Pending,No,Possession,Pending,27.7,Medium,47.34678019352667,40.6,255,Delayed,Delayed,On-Time,Delayed,Delayed
LA-3195,Uttar Pradesh,Prayagraj,Industrial Corridor,66.69,139,Partially Paid,Yes,Notification,Not Started,70.3,High,77.3113266629549,12.7,193,Delayed,On-Time,Delayed,Delayed,On-Time
LA-3196,Gujarat,Ahmedabad,Railway,275.95,317,Paid,No,Compensation,In Progress,67.6,High,63.61197959207209,5.9,127,On-Time,Delayed,On-Time,On-Time,On-Time
LA-3197,Rajasthan,Kota,Irrigation,134.98,259,Paid,No,Compensation,In Progress,50.6,High,79.16228287134622,40.5,146,On-Time,On-Time,On-Time,On-Time,On-Time
LA-3198,Bihar,Gaya,Highway,62.37,191,Paid,Yes,Possession,In Progress,58.2,High,46.10017573695535,21.7,245,On-Time,Delayed,On-Time,On-Time,Delayed
LA-3199,Rajasthan,Jodhpur,Power Project,65.71,106,Partially Paid,Yes,Compensation,In Progress,75.3,Medium,61.25747900180634,17.4,270,Delayed,On-Time,Delayed,On-Time,Delayed
LA-3200,Gujarat,Vadodara,Power Project,60.85,193,Partially Paid,No,Possession,In Progress,15.3,High,51.52925487342119,41.9,234,On-Time,Delayed,Delayed,On-Time,Delayed
LA-3201,West Bengal,Howrah,Irrigation,57.77,57,Paid,Yes,Possession,In Progress,73.1,Low,52.38273681328572,19.4,295,On-Time,Delayed,On-Time,On-Time,On-Time
LA-3202,Uttar Pradesh,Prayagraj,Airport,181.48,127,Pending,Yes,Compensation,In Progress,38.9,High,76.04964559948947,15.9,233,On-Time,On-Time,On-Time,Delayed,Delayed
LA-3203,Gujarat,Surat,Highway,143.99,304,Pending,No,Approval,Pending,74.6,High,48.21430432626737,21.1,164,Delayed,On-Time,Delayed,On-Time,Delayed
LA-3204,Delhi,North Delhi,Railway,70.72,147,Partially Paid,No,Possession,In Progress,87.3,High,69.34803940313846,2.4,142,On-Time,Delayed,On-Time,On-Time,Delayed
LA-3205,Karnataka,Mangaluru,Irrigation,49.35,95,Pending,No,Compensation,Pending,56.7,Medium,65.8366327266513,21.6,174,On-Time,On-Time,On-Time,Delayed,On-Time
LA-3206,Bihar,Bhagalpur,Railway,167.98,354,Pending,No,Approval,Not Started,67.2,High,50.692921301620196,51.7,258,On-Time,On-Time,Delayed,Delayed,Delayed
LA-3207,Maharashtra,Nagpur,Industrial Corridor,94.24,63,Paid,Yes,Compensation,In Progress,54.1,Medium,53.93418413462884,23.6,308,Delayed,Delayed,On-Time,On-Time,On-Time
LA-3208,Bihar,Patna,Airport,32.4,5,Pending,Yes,Possession,In Progress,41.9,High,70.0089873054573,18.1,275,On-Time,Delayed,Delayed,On-Time,Delayed
LA-3209,Maharashtra,Pune,Metro,9.18,50,Pending,No,Possession,Completed,42.7,Low,64.6229532962689,42.6,242,On-Time,Delayed,On-Time,On-Time,Delayed
LA-3210,Bihar,Muzaffarpur,Railway,72.49,118,Paid,No,Possession,In Progress,46.9,High,65.5744173087807,28.7,127,On-Time,On-Time,On-Time,On-Time,On-Time
LA-3211,Tamil Nadu,Coimbatore,Irrigation,100.63,241,Pending,No,Approval,Pending,72.8,Low,61.51096952413902,37.3,215,Delayed,On-Time,Delayed,On-Time,Delayed
LA-3212,Tamil Nadu,Chennai,Airport,117.45,229,Paid,Yes,Approval,Not Started,52.4,High,60.54015182368128,20.3,240,On-Time,On-Time,Delayed,Delayed,Delayed
LA-3213,Delhi,North Delhi,Highway,209.25,240,Partially Paid,No,Notification,Not Started,65.9,High,64.67656823166949,9.2,148,On-Time,On-Time,On-Time,Delayed,On-Time
LA-3214,West Bengal,Kolkata,Irrigation,20.83,98,Pending,No,Approval,Not Started,76.5,High,86.58803396479144,24.0,108,On-Time,On-Time,On-Time,On-Time,On-Time
LA-3215,Karnataka,Mysuru,Industrial Corridor,94.93,182,Pending,No,Possession,In Progress,43.5,High,72.93624472594641,45.0,189,On-Time,Delayed,Delayed,Delayed,Delayed
LA-3216,Maharashtra,Mumbai,Power Project,81.88,167,Partially Paid,Yes,Approval,Pending,44.2,Medium,63.03665740545329,39.5,316,Delayed,On-Time,On-Time,Delayed,Delayed
LA-3217,Tamil Nadu,Coimbatore,Highway,38.48,125,Partially Paid,No,Compensation,In Progress,75.1,Low,48.7723755743982,5.2,242,On-Time,On-Time,Delayed,On-Time,Delayed
LA-3218,Maharashtra,Aurangabad,Railway,154.78,299,Partially Paid,No,Compensation,In Progress,82.6,High,58.71454648767962,34.0,193,Delayed,On-Time,Delayed,On-Time,Delayed
LA-3219,Bihar,Bhagalpur,Railway,70.58,128,Partially Paid,Yes,Possession,Completed,59.8,Medium,51.19633953647558,26.6,286,Delayed,On-Time,Delayed,On-Time,Delayed
LA-3220,Uttar Pradesh,Kanpur,Highway,81.18,82,Paid,No,Notification,Not Started,51.6,High,53.051205686211205,19.8,200,On-Time,On-Time,On-Time,On-Time,On-Time
LA-3221,Karnataka,Hubballi,Railway,46.14,11,Partially Paid,Yes,Approval,Not Started,26.5,High,36.943286405354954,7.6,300,On-Time,On-Time,On-Time,On-Time,Delayed
LA-3222,Rajasthan,Jaipur,Irrigation,92.91,179,Pending,No,Approval,Pending,23.8,High,64.83061665851017,36.7,173,Delayed,On-Time,On-Time,Delayed,Delayed
LA-3223,Uttar Pradesh,Prayagraj,Airport,121.56,148,Paid,No,Approval,Pending,95.0,Low,95.0,16.1,131,On-Time,On-Time,On-Time,Delayed,Delayed
LA-3224,Maharashtra,Nashik,Railway,92.23,148,Partially Paid,No,Possession,In Progress,94.3,High,67.9425349769932,7.5,158,On-Time,On-Time,On-Time,On-Time,On-Time
LA-3225,Delhi,South Delhi,Industrial Corridor,60.06,140,Paid,No,Possession,In Progress,87.4,Medium,75.91110702491288,21.2,176,On-Time,Delayed,Delayed,On-Time,On-Time
LA-3226,Rajasthan,Jaipur,Airport,128.39,165,Partially Paid,Yes,Compensation,In Progress,47.0,High,79.39697693110124,6.5,192,Delayed,On-Time,Delayed,Delayed,On-Time
LA-3227,Maharashtra,Mumbai,Irrigation,130.82,75,Paid,No,Possession,In Progress,29.8,High,60.69952330211032,21.5,205,On-Time,On-Time,On-Time,On-Time,On-Time
LA-3228,Madhya Pradesh,Gwalior,Metro,119.34,227,Paid,No,Approval,Pending,76.3,High,61.703724712135795,12.0,119,On-Time,Delayed,Delayed,On-Time,On-Time
LA-3229,Maharashtra,Aurangabad,Railway,152.49,294,Paid,No,Possession,In Progress,90.5,High,44.049998964694616,46.5,237,Delayed,On-Time,On-Time,Delayed,On-Time
LA-3230,Maharashtra,Pune,Railway,61.16,96,Paid,No,Approval,Not Started,69.2,High,67.95372203610566,20.4,162,On-Time,On-Time,Delayed,On-Time,On-Time
LA-3231,Karnataka,Mangaluru,Industrial Corridor,54.62,83,Paid,No,Possession,In Progress,62.9,High,65.83833919309998,30.4,214,On-Time,Delayed,Delayed,On-Time,Delayed
LA-3232,Delhi,South Delhi,Irrigation,47.84,82,Paid,No,Compensation,Pending,73.2,High,52.15723318932581,45.0,222,Delayed,Delayed,On-Time,On-Time,On-Time
LA-3233,Bihar,Patna,Industrial Corridor,35.19,54,Paid,Yes,Notification,Not Started,70.0,Low,82.22814522534804,24.9,258,Delayed,On-Time,On-Time,On-Time,On-Time
LA-3234,Bihar,Bhagalpur,Power Project,54.24,19,Paid,No,Approval,Not Started,65.2,High,53.350472600870106,31.2,204,Delayed,On-Time,On-Time,On-Time,On-Time
LA-3235,Karnataka,Mysuru,Irrigation,58.46,138,Pending,No,Approval,Pending,69.0,Medium,95.0,60.0,205,On-Time,On-Time,On-Time,On-Time,On-Time
LA-3236,Madhya Pradesh,Indore,Highway,48.08,75,Paid,No,Compensation,In Progress,50.6,High,71.05169435018448,34.9,194,On-Time,Delayed,On-Time,On-Time,On-Time
LA-3237,Bihar,Muzaffarpur,Highway,80.55,164,Pending,No,Notification,Not Started,90.4,Low,64.67190293682978,31.2,267,On-Time,On-Time,Delayed,On-Time,Delayed
LA-3238,Uttar Pradesh,Kanpur,Highway,26.92,78,Partially Paid,Yes,Compensation,In Progress,14.0,High,94.08413195953571,8.3,121,Delayed,On-Time,On-Time,Delayed,Delayed
LA-3239,Delhi,North Delhi,Industrial Corridor,152.46,259,Paid,No,Compensation,Pending,61.6,High,30.754465665571608,22.9,217,On-Time,Delayed,On-Time,On-Time,Delayed
LA-3240,Maharashtra,Nashik,Highway,75.83,130,Paid,No,Compensation,In Progress,62.6,Low,60.7066722821041,60.0,306,Delayed,Delayed,On-Time,On-Time,On-Time
LA-3241,Tamil Nadu,Coimbatore,Irrigation,100.07,101,Pending,Yes,Possession,In Progress,88.1,High,58.4967924188691,30.4,269,On-Time,Delayed,Delayed,On-Time,On-Time
LA-3242,Delhi,New Delhi,Highway,37.03,84,Partially Paid,No,Notification,Not Started,68.3,Medium,62.28294855510977,26.1,213,On-Time,On-Time,On-Time,On-Time,On-Time
LA-3243,Madhya Pradesh,Indore,Metro,83.31,113,Paid,Yes,Compensation,Pending,91.3,Medium,68.39184557822408,19.7,245,Delayed,Delayed,Delayed,Delayed,Delayed
LA-3244,West Bengal,Kolkata,Highway,117.04,290,Paid,No,Possession,In Progress,94.2,High,61.84133057694574,12.6,160,Delayed,On-Time,Delayed,On-Time,On-Time
LA-3245,Bihar,Bhagalpur,Railway,93.24,120,Paid,No,Compensation,In Progress,82.9,Low,86.01503084673735,11.1,160,Delayed,Delayed,On-Time,On-Time,On-Time
LA-3246,Rajasthan,Kota,Power Project,167.33,281,Pending,No,Compensation,Pending,64.0,Low,71.53060200901967,22.9,221,Delayed,Delayed,On-Time,On-Time,On-Time
LA-3247,Delhi,South Delhi,Industrial Corridor,103.41,202,Pending,No,Compensation,In Progress,22.8,Low,72.25984196959959,30.3,231,On-Time,Delayed,On-Time,On-Time,Delayed
LA-3248,Bihar,Gaya,Airport,25.86,79,Paid,Yes,Approval,Pending,86.3,Low,71.9351872380916,11.8,275,Delayed,On-Time,On-Time,On-Time,On-Time
LA-3249,Madhya Pradesh,Gwalior,Power Project,61.08,130,Paid,Yes,Compensation,Pending,90.8,Medium,45.6739979968621,11.5,296,Delayed,Delayed,Delayed,On-Time,Delayed
LA-3250,Uttar Pradesh,Varanasi,Metro,34.03,153,Paid,No,Possession,In Progress,90.8,High,68.0294921392601,5.9,129,On-Time,On-Time,Delayed,On-Time,On-Time
LA-3251,Uttar Pradesh,Kanpur,Industrial Corridor,147.17,328,Pending,No,Notification,Not Started,63.7,Medium,68.54700013896566,30.8,231,On-Time,Delayed,Delayed,On-Time,Delayed
LA-3252,Bihar,Gaya,Irrigation,82.76,185,Partially Paid,No,Possession,In Progress,83.6,High,48.135388905179695,27.0,227,Delayed,On-Time,On-Time,Delayed,On-Time
LA-3253,Karnataka,Mangaluru,Industrial Corridor,173.71,287,Pending,No,Approval,Not Started,52.0,High,78.28999962162253,34.2,156,On-Time,On-Time,On-Time,On-Time,On-Time
LA-3254,Tamil Nadu,Chennai,Railway,27.27,87,Paid,No,Compensation,In Progress,56.6,Medium,34.43879519969515,6.8,249,On-Time,Delayed,On-Time,On-Time,On-Time
LA-3255,Bihar,Gaya,Irrigation,63.08,86,Partially Paid,No,Possession,Pending,42.4,Low,95.0,10.9,187,On-Time,Delayed,On-Time,Delayed,On-Time
LA-3256,Madhya Pradesh,Bhopal,Power Project,104.49,165,Paid,No,Possession,Completed,53.4,High,64.43706552311535,1.0,115,On-Time,Delayed,On-Time,On-Time,On-Time
LA-3257,Rajasthan,Udaipur,Power Project,53.01,80,Pending,No,Possession,Pending,67.4,Low,52.16822432346649,10.0,217,Delayed,On-Time,On-Time,On-Time,On-Time
LA-3258,Gujarat,Surat,Highway,26.8,82,Paid,No,Possession,In Progress,60.8,High,74.26592363151494,11.3,130,On-Time,On-Time,On-Time,Delayed,On-Time
LA-3259,Maharashtra,Pune,Irrigation,197.11,350,Pending,No,Approval,Not Started,82.2,High,74.39230570734775,36.3,172,On-Time,On-Time,Delayed,Delayed,On-Time
LA-3260,Gujarat,Rajkot,Railway,153.22,255,Paid,No,Compensation,Pending,72.3,Low,95.0,38.4,177,Delayed,On-Time,Delayed,Delayed,Delayed
LA-3261,Tamil Nadu,Madurai,Highway,53.0,159,Partially Paid,No,Approval,Not Started,80.6,Low,91.73264323502364,16.6,176,On-Time,On-Time,On-Time,Delayed,Delayed
LA-3262,Madhya Pradesh,Indore,Highway,89.47,186,Paid,No,Approval,Pending,67.4,High,45.05250754315388,60.0,258,On-Time,On-Time,On-Time,On-Time,On-Time
LA-3263,Bihar,Gaya,Industrial Corridor,36.03,104,Paid,No,Approval,Pending,68.4,High,60.94931083165943,42.1,223,On-Time,On-Time,On-Time,On-Time,On-Time
LA-3264,Gujarat,Ahmedabad,Power Project,58.07,133,Paid,Yes,Compensation,In Progress,73.2,High,51.355184779690276,20.3,249,On-Time,On-Time,On-Time,Delayed,Delayed
LA-3265,Madhya Pradesh,Gwalior,Highway,25.61,63,Partially Paid,No,Compensation,In Progress,43.4,Low,76.13232761417258,17.7,177,On-Time,On-Time,On-Time,On-Time,On-Time
LA-3266,Madhya Pradesh,Bhopal,Metro,268.8,475,Paid,No,Possession,Completed,68.6,High,86.22508629236067,19.7,113,On-Time,On-Time,On-Time,On-Time,On-Time
LA-3267,Madhya Pradesh,Bhopal,Metro,89.81,124,Paid,No,Compensation,In Progress,90.5,High,45.25121921145461,2.1,170,On-Time,Delayed,Delayed,On-Time,On-Time
LA-3268,Karnataka,Hubballi,Power Project,60.56,109,Paid,No,Notification,Not Started,87.3,Medium,64.05193198321643,10.7,160,On-Time,On-Time,On-Time,On-Time,On-Time
LA-3269,Maharashtra,Nagpur,Metro,19.99,10,Paid,No,Compensation,In Progress,72.4,High,55.522030927779916,57.1,237,On-Time,On-Time,On-Time,On-Time,On-Time
LA-3270,Rajasthan,Udaipur,Industrial Corridor,67.8,166,Paid,No,Approval,Not Started,63.6,High,77.66659922379331,20.7,123,On-Time,On-Time,On-Time,On-Time,On-Time
LA-3271,Uttar Pradesh,Varanasi,Railway,60.6,154,Paid,No,Compensation,Pending,37.8,Low,71.14228186825397,22.1,249,On-Time,On-Time,On-Time,On-Time,Delayed
LA-3272,Gujarat,Rajkot,Airport,46.21,80,Paid,No,Possession,In Progress,74.3,Low,82.63721335123452,30.8,200,On-Time,Delayed,On-Time,On-Time,On-Time
LA-3273,Rajasthan,Udaipur,Highway,62.46,105,Paid,No,Compensation,In Progress,63.1,Low,58.684058756284855,31.5,257,Delayed,Delayed,On-Time,On-Time,On-Time
LA-3274,Karnataka,Hubballi,Airport,30.33,86,Pending,Yes,Possession,In Progress,58.4,High,63.25026129666415,50.2,259,On-Time,Delayed,Delayed,Delayed,Delayed
LA-3275,West Bengal,Durgapur,Railway,164.61,297,Paid,Yes,Compensation,In Progress,47.1,Low,70.91172461621915,48.0,336,Delayed,Delayed,On-Time,On-Time,Delayed
LA-3276,Madhya Pradesh,Bhopal,Railway,151.58,313,Partially Paid,Yes,Compensation,Pending,27.6,Medium,60.93424745696184,21.7,260,On-Time,Delayed,On-Time,On-Time,Delayed
LA-3277,Karnataka,Bengaluru,Industrial Corridor,183.63,269,Paid,No,Possession,Pending,62.4,High,69.48502304324523,50.1,214,On-Time,On-Time,On-Time,On-Time,On-Time
LA-3278,Rajasthan,Jodhpur,Metro,17.77,82,Pending,Yes,Notification,Not Started,74.1,Medium,84.05222632949669,29.2,210,On-Time,On-Time,Delayed,On-Time,Delayed
LA-3279,Madhya Pradesh,Bhopal,Metro,258.65,294,Paid,No,Notification,Not Started,72.5,High,95.0,18.5,97,On-Time,On-Time,On-Time,On-Time,On-Time
LA-3280,Delhi,North Delhi,Railway,76.52,107,Pending,No,Notification,Not Started,91.6,Medium,57.67503830983928,36.4,250,On-Time,Delayed,On-Time,Delayed,Delayed
LA-3281,Maharashtra,Aurangabad,Industrial Corridor,25.69,5,Paid,No,Approval,Not Started,63.9,Medium,95.0,39.1,162,Delayed,On-Time,On-Time,Delayed,On-Time
LA-3282,Gujarat,Vadodara,Industrial Corridor,32.75,99,Paid,Yes,Approval,Pending,64.0,Medium,57.46560994884384,28.1,289,Delayed,On-Time,On-Time,On-Time,Delayed
LA-3283,Rajasthan,Jaipur,Power Project,79.78,120,Paid,Yes,Possession,In Progress,62.2,High,78.03389843426758,28.7,249,On-Time,On-Time,On-Time,Delayed,On-Time
LA-3284,Delhi,North Delhi,Irrigation,106.69,187,Paid,No,Compensation,In Progress,74.0,Medium,57.58405897875852,60.0,248,On-Time,On-Time,On-Time,On-Time,On-Time
LA-3285,Uttar Pradesh,Prayagraj,Highway,53.16,121,Paid,No,Compensation,Pending,82.7,High,49.55610709615313,27.6,179,On-Time,Delayed,On-Time,On-Time,On-Time
LA-3286,Maharashtra,Nagpur,Irrigation,57.53,124,Paid,Yes,Approval,Not Started,38.1,Low,83.34089015127896,18.5,235,Delayed,Delayed,Delayed,On-Time,Delayed
LA-3287,West Bengal,Howrah,Metro,50.76,103,Pending,No,Approval,Not Started,82.8,Medium,64.26275318692167,12.1,160,On-Time,Delayed,On-Time,On-Time,On-Time
LA-3288,Maharashtra,Nagpur,Railway,136.05,263,Paid,No,Approval,Pending,74.5,High,84.2599750012269,20.0,130,On-Time,On-Time,On-Time,On-Time,On-Time
LA-3289,Rajasthan,Kota,Power Project,44.78,5,Paid,No,Compensation,Pending,44.3,High,76.28021069092617,11.6,119,On-Time,Delayed,On-Time,On-Time,On-Time
LA-3290,Uttar Pradesh,Agra,Airport,44.45,93,Pending,Yes,Compensation,Pending,78.6,Medium,71.16671211970967,16.2,267,On-Time,On-Time,Delayed,Delayed,Delayed
LA-3291,Madhya Pradesh,Gwalior,Metro,267.18,307,Pending,No,Compensation,Pending,41.3,Medium,73.26733962887337,12.8,172,Delayed,On-Time,Delayed,Delayed,Delayed
LA-3292,Maharashtra,Aurangabad,Highway,37.3,65,Paid,No,Compensation,In Progress,55.4,Medium,81.32965314948216,22.7,169,On-Time,On-Time,On-Time,On-Time,Delayed
LA-3293,Uttar Pradesh,Kanpur,Industrial Corridor,27.61,68,Partially Paid,No,Possession,Pending,30.9,High,78.89672220237479,29.3,111,On-Time,On-Time,On-Time,On-Time,On-Time
LA-3294,Rajasthan,Kota,Railway,80.51,199,Paid,No,Notification,Not Started,53.7,Medium,58.93205354678286,23.2,218,Delayed,Delayed,On-Time,On-Time,On-Time
LA-3295,Delhi,South Delhi,Metro,53.44,161,Paid,Yes,Possession,Pending,17.2,High,71.34401647767804,30.2,263,Delayed,On-Time,Delayed,On-Time,On-Time
LA-3296,Delhi,South Delhi,Airport,88.09,213,Paid,No,Compensation,In Progress,29.3,Medium,87.50923080702528,10.3,133,On-Time,Delayed,On-Time,Delayed,On-Time
LA-3297,Uttar Pradesh,Agra,Highway,145.86,235,Paid,No,Compensation,In Progress,78.4,Low,65.679356709423,11.6,187,Delayed,On-Time,On-Time,On-Time,On-Time
LA-3298,Delhi,New Delhi,Highway,72.39,133,Paid,Yes,Approval,Pending,85.9,Medium,57.58861000585953,9.1,232,Delayed,Delayed,Delayed,On-Time,Delayed
LA-3299,Uttar Pradesh,Kanpur,Power Project,92.62,264,Paid,Yes,Approval,Pending,62.7,High,55.67924829878397,25.9,282,Delayed,On-Time,On-Time,Delayed,Delayed
LA-3300,Maharashtra,Nashik,Metro,155.03,144,Paid,No,Approval,Not Started,36.5,Low,77.73731456120309,45.5,235,On-Time,Delayed,On-Time,On-Time,On-Time
LA-3301,Tamil Nadu,Madurai,Airport,98.6,287,Partially Paid,Yes,Possession,Completed,55.5,High,61.393622980244686,9.8,200,Delayed,On-Time,On-Time,On-Time,On-Time
LA-3302,Madhya Pradesh,Indore,Highway,53.54,89,Partially Paid,No,Compensation,In Progress,57.3,Medium,70.43352559332477,29.8,201,On-Time,Delayed,Delayed,On-Time,On-Time
LA-3303,Rajasthan,Jaipur,Railway,158.5,264,Partially Paid,No,Possession,In Progress,53.6,Medium,60.679041651947486,27.0,209,On-Time,On-Time,On-Time,On-Time,Delayed
LA-3304,Maharashtra,Aurangabad,Highway,109.65,228,Partially Paid,No,Compensation,In Progress,47.7,High,82.6091848655209,58.7,215,Delayed,On-Time,Delayed,On-Time,Delayed
LA-3305,West Bengal,Durgapur,Airport,219.37,295,Pending,Yes,Approval,Not Started,38.6,High,67.25324621380247,43.7,250,Delayed,On-Time,On-Time,On-Time,Delayed
LA-3306,Gujarat,Vadodara,Industrial Corridor,179.13,211,Pending,No,Compensation,In Progress,69.3,High,86.42253899349927,25.6,133,On-Time,On-Time,On-Time,On-Time,On-Time
LA-3307,Uttar Pradesh,Agra,Industrial Corridor,53.29,96,Pending,Yes,Notification,Not Started,67.4,Low,85.87316125022127,60.0,337,Delayed,Delayed,On-Time,Delayed,On-Time
LA-3308,Madhya Pradesh,Jabalpur,Power Project,86.84,69,Paid,No,Possession,In Progress,52.1,Low,63.677826215533734,23.2,237,On-Time,Delayed,On-Time,On-Time,On-Time
LA-3309,Uttar Pradesh,Varanasi,Metro,73.99,203,Paid,No,Possession,In Progress,65.0,Medium,85.0001589123017,27.1,158,Delayed,On-Time,On-Time,On-Time,On-Time
LA-3310,Maharashtra,Nagpur,Airport,17.87,5,Partially Paid,No,Compensation,Pending,89.0,High,59.93346327363455,47.7,205,On-Time,On-Time,On-Time,On-Time,On-Time
LA-3311,Rajasthan,Jaipur,Power Project,36.22,79,Paid,Yes,Compensation,In Progress,83.0,Low,68.992204646783,24.8,288,Delayed,Delayed,Delayed,On-Time,On-Time
LA-3312,Bihar,Muzaffarpur,Irrigation,264.56,281,Paid,Yes,Compensation,In Progress,75.2,Medium,53.30438836153787,26.8,288,Delayed,Delayed,On-Time,On-Time,Delayed
LA-3313,Rajasthan,Jaipur,Highway,34.99,112,Paid,No,Possession,Completed,14.6,High,73.90332708260176,15.4,121,On-Time,On-Time,On-Time,On-Time,On-Time
LA-3314,Karnataka,Mangaluru,Irrigation,53.79,6,Pending,No,Approval,Not Started,89.6,High,69.51944523973607,19.2,173,On-Time,On-Time,On-Time,On-Time,Delayed
LA-3315,West Bengal,Durgapur,Highway,57.55,32,Paid,No,Possession,Completed,52.3,High,72.71298347546274,60.0,226,Delayed,On-Time,On-Time,On-Time,On-Time
LA-3316,Uttar Pradesh,Prayagraj,Industrial Corridor,67.22,92,Paid,No,Compensation,Pending,47.9,Medium,44.5980857238757,24.1,252,On-Time,Delayed,On-Time,On-Time,Delayed
LA-3317,Maharashtra,Nagpur,Power Project,59.49,158,Paid,No,Possession,In Progress,65.1,Medium,35.15966199411577,23.4,259,On-Time,On-Time,On-Time,On-Time,Delayed
LA-3318,Gujarat,Rajkot,Industrial Corridor,230.88,258,Partially Paid,No,Possession,In Progress,19.9,Medium,48.01053633035123,19.2,227,On-Time,On-Time,On-Time,On-Time,On-Time
LA-3319,Gujarat,Ahmedabad,Railway,37.73,102,Paid,No,Possession,Pending,68.7,Low,72.48677972190855,7.7,155,On-Time,On-Time,On-Time,Delayed,On-Time
LA-3320,Gujarat,Rajkot,Irrigation,9.49,46,Paid,No,Compensation,In Progress,60.2,High,75.10179662473922,17.9,151,On-Time,Delayed,On-Time,On-Time,On-Time
LA-3321,Bihar,Gaya,Irrigation,83.37,123,Pending,Yes,Approval,Not Started,90.6,Medium,81.94005188244648,4.5,208,On-Time,On-Time,On-Time,On-Time,On-Time
LA-3322,Karnataka,Bengaluru,Industrial Corridor,104.72,147,Pending,No,Compensation,In Progress,89.6,High,58.9323324902133,8.6,131,Delayed,Delayed,On-Time,On-Time,On-Time
LA-3323,Madhya Pradesh,Bhopal,Railway,130.21,196,Partially Paid,No,Compensation,In Progress,61.4,Medium,68.1296302669721,25.3,213,On-Time,On-Time,On-Time,Delayed,On-Time
LA-3324,Maharashtra,Mumbai,Highway,236.22,341,Pending,No,Possession,Completed,70.6,High,54.48460649379521,45.8,216,On-Time,Delayed,On-Time,Delayed,On-Time
LA-3325,Tamil Nadu,Madurai,Power Project,48.31,5,Paid,No,Notification,Not Started,85.2,High,85.51095220714797,24.3,140,On-Time,On-Time,On-Time,On-Time,On-Time
LA-3326,West Bengal,Durgapur,Railway,5.0,5,Partially Paid,No,Compensation,In Progress,79.4,Low,54.359761312597385,34.5,272,On-Time,Delayed,On-Time,On-Time,On-Time
LA-3327,Tamil Nadu,Madurai,Power Project,42.48,122,Paid,No,Approval,Pending,30.5,High,82.67792804013061,12.6,95,Delayed,Delayed,On-Time,On-Time,Delayed
LA-3328,Delhi,North Delhi,Irrigation,27.12,86,Partially Paid,No,Possession,Completed,90.1,Medium,61.230317446392625,9.3,196,On-Time,On-Time,On-Time,On-Time,On-Time
LA-3329,Madhya Pradesh,Indore,Power Project,114.66,145,Paid,No,Notification,Not Started,73.6,Low,88.62868410153644,10.2,145,On-Time,On-Time,On-Time,Delayed,On-Time
LA-3330,Delhi,New Delhi,Irrigation,106.53,108,Paid,No,Compensation,In Progress,69.1,Medium,67.74436495089084,15.9,145,On-Time,On-Time,On-Time,On-Time,On-Time
LA-3331,Maharashtra,Mumbai,Railway,107.98,62,Paid,No,Approval,Pending,84.6,High,67.41631053390772,8.4,153,On-Time,Delayed,On-Time,On-Time,On-Time
LA-3332,Delhi,New Delhi,Irrigation,82.26,79,Paid,Yes,Approval,Not Started,69.2,High,53.688798279001865,12.4,250,Delayed,Delayed,Delayed,On-Time,On-Time
LA-3333,Madhya Pradesh,Jabalpur,Metro,61.67,121,Paid,Yes,Possession,In Progress,52.7,Low,95.0,1.2,209,On-Time,On-Time,On-Time,On-Time,On-Time
LA-3334,Karnataka,Bengaluru,Irrigation,44.52,137,Partially Paid,No,Approval,Not Started,42.2,High,79.86223666236057,18.4,143,On-Time,On-Time,On-Time,On-Time,On-Time
LA-3335,Uttar Pradesh,Agra,Industrial Corridor,91.68,179,Partially Paid,No,Notification,Not Started,38.5,Medium,72.6793431432667,18.3,149,On-Time,Delayed,On-Time,Delayed,On-Time
LA-3336,Gujarat,Vadodara,Railway,121.13,266,Paid,Yes,Notification,Not Started,22.3,Medium,68.5933193209454,14.3,230,On-Time,On-Time,On-Time,On-Time,On-Time
LA-3337,Rajasthan,Udaipur,Highway,53.5,91,Paid,No,Compensation,In Progress,28.6,Medium,55.089002714122,29.0,201,On-Time,Delayed,On-Time,On-Time,On-Time
LA-3338,Gujarat,Surat,Power Project,40.18,75,Partially Paid,No,Compensation,In Progress,64.3,Medium,75.09906567440224,58.7,218,On-Time,Delayed,Delayed,On-Time,On-Time
LA-3339,Uttar Pradesh,Lucknow,Airport,81.92,89,Partially Paid,No,Approval,Not Started,52.2,High,63.99946061801414,46.0,208,On-Time,On-Time,On-Time,On-Time,On-Time
LA-3340,Gujarat,Ahmedabad,Railway,56.56,53,Paid,No,Compensation,In Progress,60.8,Medium,65.86280634449955,16.2,223,Delayed,Delayed,On-Time,On-Time,On-Time
LA-3341,Tamil Nadu,Coimbatore,Industrial Corridor,161.28,353,Partially Paid,No,Notification,Not Started,77.8,Medium,78.3645578676041,22.2,162,On-Time,On-Time,On-Time,Delayed,On-Time
LA-3342,Delhi,New Delhi,Irrigation,150.82,289,Pending,No,Possession,Completed,92.5,High,69.26678986442496,17.7,151,On-Time,On-Time,On-Time,On-Time,Delayed
LA-3343,Uttar Pradesh,Lucknow,Power Project,119.93,160,Paid,No,Possession,Completed,65.3,High,65.2722614924117,41.6,163,On-Time,Delayed,On-Time,On-Time,On-Time
LA-3344,Gujarat,Rajkot,Metro,84.93,109,Paid,No,Possession,In Progress,93.2,Medium,86.53472428128,27.3,147,On-Time,On-Time,On-Time,On-Time,Delayed
LA-3345,West Bengal,Howrah,Highway,128.18,149,Paid,No,Possession,Pending,78.9,Medium,52.716945206578984,26.5,183,Delayed,On-Time,On-Time,On-Time,Delayed
LA-3346,Karnataka,Mysuru,Metro,58.56,47,Pending,Yes,Approval,Not Started,51.3,Medium,40.176848167189284,18.4,358,Delayed,Delayed,Delayed,On-Time,Delayed
LA-3347,Karnataka,Mangaluru,Airport,147.63,212,Paid,No,Approval,Not Started,57.1,Medium,53.060034250709684,40.8,207,On-Time,On-Time,Delayed,Delayed,Delayed
LA-3348,Gujarat,Surat,Railway,165.19,284,Paid,No,Compensation,Pending,88.4,Medium,67.28062716147912,14.5,167,On-Time,On-Time,On-Time,Delayed,On-Time
LA-3349,Madhya Pradesh,Bhopal,Power Project,76.32,140,Pending,No,Notification,Not Started,59.4,Low,75.41825156005467,7.5,178,On-Time,On-Time,On-Time,Delayed,On-Time
LA-3350,Delhi,New Delhi,Railway,63.28,65,Paid,No,Approval,Not Started,84.6,Medium,53.838290523407835,23.1,252,On-Time,On-Time,On-Time,On-Time,On-Time
LA-3351,Madhya Pradesh,Gwalior,Industrial Corridor,98.92,138,Partially Paid,No,Notification,Not Started,21.6,High,95.0,29.3,118,On-Time,On-Time,On-Time,On-Time,On-Time
LA-3352,Bihar,Muzaffarpur,Railway,34.08,71,Paid,No,Compensation,In Progress,25.9,High,67.7324143166693,34.4,148,On-Time,On-Time,On-Time,Delayed,On-Time
LA-3353,Madhya Pradesh,Indore,Highway,109.72,125,Pending,No,Compensation,In Progress,6.9,Medium,67.27672352610041,26.0,188,On-Time,On-Time,Delayed,Delayed,Delayed
LA-3354,Bihar,Muzaffarpur,Airport,80.07,147,Pending,No,Approval,Not Started,86.4,Low,45.65548238247084,24.7,267,Delayed,Delayed,Delayed,On-Time,On-Time
LA-3355,Karnataka,Bengaluru,Metro,147.18,273,Partially Paid,Yes,Notification,Not Started,93.0,High,43.35801948276408,13.6,256,On-Time,Delayed,On-Time,On-Time,Delayed
LA-3356,Uttar Pradesh,Kanpur,Airport,84.59,222,Paid,No,Compensation,In Progress,72.7,Medium,38.25356803041965,29.2,242,On-Time,Delayed,On-Time,On-Time,Delayed
LA-3357,Bihar,Patna,Power Project,75.28,171,Paid,No,Notification,Not Started,50.3,High,85.57128502856298,16.7,98,On-Time,On-Time,On-Time,On-Time,Delayed
LA-3358,Delhi,North Delhi,Railway,19.36,78,Partially Paid,No,Possession,In Progress,42.8,High,83.18676426415227,20.9,109,On-Time,On-Time,On-Time,On-Time,On-Time
LA-3359,Rajasthan,Jodhpur,Power Project,129.08,292,Paid,No,Approval,Not Started,67.4,Medium,64.97821101833216,47.6,213,On-Time,Delayed,On-Time,On-Time,On-Time
LA-3360,Uttar Pradesh,Prayagraj,Metro,109.51,181,Partially Paid,No,Compensation,In Progress,18.0,High,46.776325328243786,32.0,197,On-Time,Delayed,On-Time,On-Time,Delayed
LA-3361,Delhi,South Delhi,Power Project,74.18,117,Partially Paid,No,Approval,Not Started,62.5,Medium,60.83712483290135,19.1,190,On-Time,On-Time,On-Time,On-Time,On-Time
LA-3362,Gujarat,Surat,Industrial Corridor,76.45,64,Pending,Yes,Notification,Not Started,84.6,Low,86.32157262278758,11.0,254,Delayed,On-Time,On-Time,Delayed,Delayed
LA-3363,Maharashtra,Nashik,Airport,71.93,89,Paid,No,Compensation,In Progress,76.2,Low,57.43767674669581,9.3,193,Delayed,On-Time,Delayed,On-Time,On-Time
LA-3364,Rajasthan,Jodhpur,Metro,76.62,88,Partially Paid,No,Compensation,Pending,60.7,High,51.46935828050733,34.1,192,On-Time,On-Time,On-Time,Delayed,On-Time
LA-3365,Madhya Pradesh,Gwalior,Metro,138.47,193,Pending,No,Possession,In Progress,83.1,Medium,59.284996578979175,18.0,199,On-Time,On-Time,Delayed,Delayed,Delayed
LA-3366,Delhi,South Delhi,Irrigation,139.31,222,Paid,Yes,Compensation,In Progress,29.5,Low,60.607085755887425,25.9,323,On-Time,Delayed,On-Time,On-Time,On-Time
LA-3367,Uttar Pradesh,Lucknow,Metro,65.13,129,Pending,No,Notification,Not Started,69.4,High,76.07130193856567,7.4,148,On-Time,On-Time,Delayed,Delayed,On-Time
LA-3368,Madhya Pradesh,Jabalpur,Irrigation,49.8,109,Paid,No,Approval,Not Started,66.9,High,31.89153192235964,30.5,256,Delayed,On-Time,On-Time,On-Time,On-Time
LA-3369,Maharashtra,Nagpur,Highway,96.27,170,Partially Paid,No,Approval,Not Started,66.0,Low,67.53993665995813,4.3,194,On-Time,On-Time,Delayed,On-Time,On-Time
LA-3370,Karnataka,Mangaluru,Irrigation,74.48,75,Pending,No,Notification,Not Started,52.4,High,54.547786393644984,15.8,174,On-Time,On-Time,On-Time,On-Time,On-Time
LA-3371,Karnataka,Hubballi,Airport,48.21,108,Paid,No,Compensation,Pending,73.2,Low,56.966870250993544,29.0,247,On-Time,Delayed,On-Time,On-Time,Delayed
LA-3372,Bihar,Bhagalpur,Power Project,80.75,63,Paid,No,Possession,In Progress,81.6,Medium,76.31689584995455,18.2,141,On-Time,Delayed,Delayed,On-Time,On-Time
LA-3373,Karnataka,Hubballi,Irrigation,112.56,211,Paid,No,Compensation,Pending,78.0,High,45.4728839790448,21.4,209,On-Time,On-Time,On-Time,On-Time,Delayed
LA-3374,Gujarat,Ahmedabad,Metro,17.45,5,Partially Paid,No,Compensation,Pending,81.5,High,67.69895467717008,21.3,147,Delayed,On-Time,On-Time,On-Time,On-Time
LA-3375,Karnataka,Mangaluru,Airport,289.18,377,Partially Paid,No,Compensation,In Progress,37.2,High,72.21911681974578,40.4,179,On-Time,Delayed,On-Time,On-Time,On-Time
LA-3376,Maharashtra,Nashik,Irrigation,181.19,350,Paid,No,Possession,Completed,84.2,High,73.69411025206898,15.8,117,On-Time,Delayed,On-Time,On-Time,On-Time
LA-3377,Maharashtra,Nashik,Irrigation,45.75,86,Pending,Yes,Approval,Not Started,83.3,Medium,75.60300175612323,18.5,239,Delayed,On-Time,Delayed,Delayed,Delayed
LA-3378,Tamil Nadu,Chennai,Metro,19.72,74,Pending,No,Possession,In Progress,40.5,Medium,73.57857517697371,4.6,131,On-Time,On-Time,Delayed,On-Time,Delayed
LA-3379,Gujarat,Rajkot,Industrial Corridor,101.11,135,Pending,Yes,Possession,Completed,61.3,Medium,75.78898781196877,4.5,230,Delayed,Delayed,Delayed,On-Time,Delayed
LA-3380,Tamil Nadu,Coimbatore,Industrial Corridor,120.37,154,Partially Paid,Yes,Notification,Not Started,79.9,High,51.78796503705676,11.3,243,Delayed,On-Time,On-Time,Delayed,Delayed
LA-3381,Tamil Nadu,Chennai,Irrigation,28.52,156,Paid,No,Approval,Pending,82.9,Low,85.48510526715704,5.1,160,On-Time,On-Time,On-Time,On-Time,On-Time
LA-3382,Bihar,Gaya,Industrial Corridor,240.36,357,Pending,No,Possession,In Progress,43.5,Medium,47.231544693514095,56.5,271,Delayed,On-Time,Delayed,On-Time,Delayed
LA-3383,Bihar,Bhagalpur,Railway,64.02,46,Paid,Yes,Possession,Completed,35.4,Low,70.55516734173976,36.5,322,Delayed,Delayed,On-Time,On-Time,On-Time
LA-3384,Gujarat,Vadodara,Metro,56.92,70,Partially Paid,No,Approval,Not Started,65.0,Low,54.78662640170174,60.0,307,Delayed,Delayed,On-Time,On-Time,Delayed
LA-3385,Maharashtra,Pune,Railway,45.28,84,Partially Paid,No,Compensation,In Progress,57.6,High,39.232794018730175,28.4,207,On-Time,On-Time,On-Time,On-Time,On-Time
LA-3386,Madhya Pradesh,Jabalpur,Airport,143.81,344,Paid,No,Approval,Not Started,86.7,High,56.448352234992555,12.1,146,On-Time,On-Time,On-Time,On-Time,On-Time
LA-3387,Gujarat,Surat,Railway,145.94,368,Paid,No,Compensation,In Progress,64.5,Low,63.22324915301826,19.4,240,On-Time,On-Time,Delayed,Delayed,On-Time
LA-3388,Madhya Pradesh,Jabalpur,Airport,35.37,124,Paid,Yes,Approval,Pending,37.1,Medium,85.80363251089514,21.0,179,Delayed,On-Time,On-Time,Delayed,On-Time
LA-3389,Karnataka,Mangaluru,Irrigation,73.88,150,Paid,Yes,Approval,Not Started,71.4,High,92.29508856958316,39.2,236,On-Time,On-Time,On-Time,On-Time,Delayed
LA-3390,Karnataka,Mangaluru,Airport,108.62,175,Paid,No,Compensation,In Progress,48.9,Medium,63.05538936131593,24.9,186,Delayed,On-Time,On-Time,On-Time,On-Time
LA-3391,Gujarat,Vadodara,Airport,199.0,222,Pending,Yes,Possession,In Progress,80.2,High,44.16456769095228,12.4,278,Delayed,Delayed,Delayed,On-Time,Delayed
LA-3392,Uttar Pradesh,Prayagraj,Power Project,44.44,110,Paid,No,Possession,Pending,86.6,High,45.4081886170287,18.5,204,On-Time,Delayed,On-Time,Delayed,On-Time
LA-3393,Gujarat,Ahmedabad,Railway,61.5,90,Paid,No,Notification,Not Started,48.7,Medium,76.57803969113515,21.5,161,Delayed,On-Time,On-Time,On-Time,On-Time
LA-3394,Uttar Pradesh,Prayagraj,Power Project,11.65,105,Paid,No,Possession,In Progress,73.0,High,75.62235883711739,15.5,138,On-Time,On-Time,On-Time,On-Time,On-Time
LA-3395,Bihar,Patna,Irrigation,77.67,223,Paid,No,Approval,Pending,19.7,Low,55.88948572814937,15.3,232,On-Time,On-Time,On-Time,On-Time,On-Time
LA-3396,Maharashtra,Nashik,Metro,119.09,122,Paid,No,Approval,Not Started,83.5,Low,47.386581053264564,24.2,276,On-Time,Delayed,Delayed,On-Time,On-Time
LA-3397,Uttar Pradesh,Agra,Railway,60.84,102,Paid,No,Possession,In Progress,47.2,Medium,79.88412094159807,12.5,133,On-Time,On-Time,On-Time,On-Time,On-Time
LA-3398,Delhi,South Delhi,Metro,86.61,158,Paid,No,Compensation,In Progress,67.7,High,46.580162250791126,11.7,197,Delayed,On-Time,On-Time,Delayed,On-Time
LA-3399,Madhya Pradesh,Indore,Metro,56.17,104,Paid,No,Notification,Not Started,57.6,High,58.33531713744627,24.1,140,On-Time,On-Time,On-Time,On-Time,On-Time
LA-3400,Madhya Pradesh,Indore,Airport,93.18,101,Paid,Yes,Notification,Not Started,43.8,High,72.10238653130041,14.4,224,On-Time,Delayed,On-Time,Delayed,On-Time
LA-3401,Maharashtra,Pune,Railway,149.57,289,Pending,Yes,Compensation,Pending,67.7,Medium,34.986418273177065,31.7,342,Delayed,On-Time,Delayed,On-Time,Delayed
LA-3402,Delhi,South Delhi,Metro,22.94,65,Paid,No,Possession,In Progress,22.5,High,79.30022382854092,20.0,140,On-Time,On-Time,On-Time,On-Time,On-Time
LA-3403,Gujarat,Ahmedabad,Industrial Corridor,16.6,24,Paid,No,Possession,Completed,43.6,Medium,95.0,25.8,150,Delayed,Delayed,On-Time,On-Time,On-Time
LA-3404,Maharashtra,Pune,Metro,108.96,174,Pending,No,Possession,Completed,57.2,High,66.70833232797244,34.2,207,On-Time,On-Time,On-Time,Delayed,Delayed
LA-3405,Karnataka,Hubballi,Industrial Corridor,107.44,39,Partially Paid,No,Possession,Pending,45.7,Low,64.48021084454507,14.3,214,Delayed,On-Time,On-Time,On-Time,Delayed
LA-3406,Madhya Pradesh,Gwalior,Railway,166.54,369,Paid,No,Compensation,In Progress,60.3,Low,65.66488151548205,35.8,224,On-Time,Delayed,Delayed,On-Time,On-Time
LA-3407,Gujarat,Rajkot,Irrigation,109.02,133,Paid,Yes,Possession,Pending,89.9,Medium,68.37274083057949,50.5,340,Delayed,On-Time,On-Time,On-Time,Delayed
LA-3408,Uttar Pradesh,Prayagraj,Power Project,124.3,239,Partially Paid,No,Notification,Not Started,34.6,Medium,54.05039907384929,43.8,254,On-Time,On-Time,On-Time,On-Time,Delayed
LA-3409,West Bengal,Howrah,Railway,50.33,94,Partially Paid,No,Possession,In Progress,40.7,High,48.13501012160775,18.1,208,On-Time,Delayed,Delayed,On-Time,On-Time
LA-3410,Rajasthan,Kota,Power Project,158.36,169,Paid,No,Approval,Not Started,35.0,High,59.70336271349837,23.0,167,Delayed,On-Time,On-Time,On-Time,Delayed
LA-3411,Karnataka,Bengaluru,Power Project,51.18,117,Paid,No,Possession,In Progress,88.1,Low,67.30402879797985,37.6,233,On-Time,Delayed,On-Time,On-Time,On-Time
LA-3412,Uttar Pradesh,Kanpur,Railway,16.34,16,Pending,No,Notification,Not Started,63.8,Medium,50.02384339945026,19.5,221,On-Time,Delayed,Delayed,On-Time,Delayed
LA-3413,Rajasthan,Kota,Metro,37.79,120,Partially Paid,No,Compensation,Pending,27.6,High,44.80087059665891,39.9,241,On-Time,Delayed,On-Time,On-Time,On-Time
LA-3414,Delhi,South Delhi,Highway,154.02,197,Paid,No,Compensation,Pending,60.0,Medium,58.39369808638484,55.5,262,Delayed,Delayed,On-Time,On-Time,Delayed
LA-3415,Rajasthan,Kota,Metro,80.87,152,Paid,No,Possession,Completed,54.5,Low,44.99882920794742,11.4,227,On-Time,Delayed,On-Time,Delayed,On-Time
LA-3416,West Bengal,Kolkata,Metro,43.43,151,Paid,No,Possession,Completed,21.5,High,75.07695417779371,2.4,144,On-Time,On-Time,On-Time,On-Time,On-Time
LA-3417,Gujarat,Surat,Irrigation,47.21,144,Paid,Yes,Approval,Not Started,86.0,High,25.0,14.3,283,On-Time,Delayed,Delayed,On-Time,Delayed
LA-3418,Delhi,North Delhi,Airport,184.94,183,Pending,No,Compensation,In Progress,42.1,Low,47.4779911371147,29.0,275,Delayed,On-Time,Delayed,Delayed,Delayed
LA-3419,Delhi,North Delhi,Airport,73.2,162,Paid,Yes,Approval,Not Started,86.5,Medium,86.20294707643771,12.0,211,Delayed,On-Time,On-Time,On-Time,Delayed
LA-3420,Gujarat,Surat,Metro,106.47,155,Pending,No,Notification,Not Started,30.5,High,61.674222592823256,19.5,216,On-Time,On-Time,Delayed,On-Time,On-Time
LA-3421,Uttar Pradesh,Prayagraj,Industrial Corridor,316.65,375,Paid,Yes,Approval,Pending,76.5,High,67.75893989407395,16.1,215,On-Time,On-Time,On-Time,On-Time,Delayed
LA-3422,Delhi,New Delhi,Irrigation,46.48,76,Paid,No,Approval,Not Started,57.2,Low,63.06620437990715,8.9,183,On-Time,On-Time,On-Time,Delayed,On-Time
LA-3423,Tamil Nadu,Chennai,Power Project,183.7,182,Paid,No,Compensation,In Progress,69.5,Low,55.59022519320434,11.7,239,On-Time,Delayed,Delayed,On-Time,On-Time
LA-3424,Rajasthan,Kota,Airport,47.56,32,Partially Paid,No,Possession,Pending,72.1,High,81.42789649378292,30.2,132,Delayed,Delayed,On-Time,On-Time,On-Time
LA-3425,Maharashtra,Nagpur,Metro,104.41,110,Paid,No,Possession,In Progress,84.7,High,56.42207576610193,60.0,258,Delayed,Delayed,Delayed,On-Time,On-Time
LA-3426,Bihar,Muzaffarpur,Irrigation,168.55,318,Partially Paid,No,Notification,Not Started,65.2,High,52.57277660319482,26.9,213,On-Time,On-Time,On-Time,On-Time,On-Time
LA-3427,Uttar Pradesh,Kanpur,Highway,77.69,95,Partially Paid,No,Notification,Not Started,80.2,High,74.85142967558768,17.7,151,On-Time,Delayed,On-Time,Delayed,On-Time
LA-3428,West Bengal,Howrah,Industrial Corridor,26.62,86,Paid,No,Approval,Not Started,32.0,High,36.040216478982195,50.5,248,Delayed,Delayed,On-Time,On-Time,On-Time
LA-3429,Maharashtra,Nashik,Railway,59.56,80,Partially Paid,No,Approval,Not Started,62.7,High,60.718647185671756,1.1,158,On-Time,On-Time,On-Time,On-Time,On-Time
LA-3430,Bihar,Muzaffarpur,Metro,19.86,75,Paid,No,Notification,Not Started,66.9,High,57.21564376034784,20.6,223,On-Time,On-Time,On-Time,On-Time,On-Time
LA-3431,Madhya Pradesh,Jabalpur,Irrigation,155.39,277,Partially Paid,No,Approval,Not Started,75.6,Low,60.437680263181974,15.8,215,On-Time,On-Time,On-Time,On-Time,On-Time
LA-3432,Tamil Nadu,Salem,Metro,235.69,530,Paid,No,Compensation,In Progress,52.7,High,57.67424345666886,15.9,165,On-Time,Delayed,On-Time,On-Time,On-Time
LA-3433,West Bengal,Siliguri,Power Project,73.2,150,Paid,No,Compensation,In Progress,95.5,High,70.6263135760077,22.2,149,Delayed,Delayed,On-Time,On-Time,On-Time
LA-3434,Maharashtra,Nagpur,Industrial Corridor,47.18,106,Pending,No,Compensation,Pending,75.6,High,81.49529330059943,16.2,115,On-Time,Delayed,On-Time,On-Time,Delayed
LA-3435,West Bengal,Kolkata,Airport,142.34,223,Paid,Yes,Approval,Not Started,72.5,Medium,71.89005387178472,46.0,293,Delayed,Delayed,On-Time,On-Time,On-Time
LA-3436,Gujarat,Vadodara,Airport,295.88,313,Pending,No,Compensation,Pending,59.0,High,59.94629573198473,20.0,171,On-Time,On-Time,On-Time,Delayed,Delayed
LA-3437,Gujarat,Rajkot,Airport,162.32,264,Pending,No,Possession,Pending,74.2,Medium,74.4715013781079,36.1,194,On-Time,On-Time,On-Time,On-Time,On-Time
LA-3438,Maharashtra,Nagpur,Railway,105.11,196,Paid,Yes,Approval,Not Started,45.8,Medium,76.22886947375848,30.6,241,On-Time,On-Time,On-Time,Delayed,Delayed
LA-3439,Rajasthan,Udaipur,Irrigation,24.88,99,Paid,No,Notification,Not Started,84.6,Low,70.41393084485217,46.9,273,On-Time,On-Time,On-Time,On-Time,Delayed
LA-3440,Uttar Pradesh,Prayagraj,Industrial Corridor,24.13,42,Pending,No,Approval,Not Started,49.0,Medium,80.72974841710308,13.5,156,On-Time,On-Time,On-Time,On-Time,On-Time
LA-3441,Madhya Pradesh,Indore,Industrial Corridor,74.44,230,Pending,No,Notification,Not Started,33.2,High,29.78906530379922,17.6,246,On-Time,Delayed,On-Time,Delayed,On-Time
LA-3442,Rajasthan,Jaipur,Airport,87.96,123,Paid,No,Compensation,In Progress,67.1,High,65.40146596628358,40.9,202,On-Time,On-Time,On-Time,Delayed,On-Time
LA-3443,Tamil Nadu,Chennai,Airport,66.33,86,Pending,No,Notification,Not Started,88.6,Medium,69.61780165440054,11.4,115,On-Time,On-Time,On-Time,On-Time,On-Time
LA-3444,Bihar,Gaya,Power Project,54.49,75,Pending,No,Compensation,Pending,93.8,High,42.781464325385535,23.4,228,On-Time,Delayed,On-Time,On-Time,On-Time
LA-3445,Gujarat,Vadodara,Highway,46.83,142,Paid,No,Approval,Not Started,79.0,High,68.31156827632547,24.3,176,On-Time,On-Time,On-Time,On-Time,On-Time
LA-3446,Maharashtra,Pune,Highway,75.28,122,Pending,No,Compensation,In Progress,37.0,Low,78.72425987808874,19.9,197,On-Time,Delayed,On-Time,On-Time,Delayed
LA-3447,Maharashtra,Nagpur,Metro,98.1,215,Paid,No,Notification,Not Started,92.5,Low,61.641878732279494,20.5,271,Delayed,Delayed,On-Time,On-Time,On-Time
LA-3448,Uttar Pradesh,Prayagraj,Metro,337.67,464,Partially Paid,No,Compensation,In Progress,65.7,Low,74.84809073204039,15.3,214,On-Time,Delayed,On-Time,On-Time,On-Time
LA-3449,Delhi,North Delhi,Industrial Corridor,17.01,79,Paid,No,Notification,Not Started,51.3,Low,80.3412999300597,6.6,189,Delayed,Delayed,On-Time,On-Time,On-Time
LA-3450,Maharashtra,Nashik,Industrial Corridor,143.03,179,Paid,No,Notification,Not Started,92.8,Medium,85.13695658243972,3.9,92,On-Time,On-Time,On-Time,Delayed,On-Time
LA-3451,Maharashtra,Nashik,Railway,56.75,88,Partially Paid,No,Possession,In Progress,56.7,Medium,82.4323082128329,27.2,193,On-Time,On-Time,On-Time,Delayed,Delayed
LA-3452,West Bengal,Siliguri,Railway,42.99,100,Paid,No,Compensation,In Progress,46.8,High,85.48410149376028,38.7,161,Delayed,Delayed,On-Time,On-Time,On-Time
LA-3453,Madhya Pradesh,Gwalior,Highway,62.67,74,Partially Paid,No,Notification,Not Started,24.9,Low,57.50678696676188,5.3,186,On-Time,Delayed,On-Time,On-Time,On-Time
LA-3454,Maharashtra,Nashik,Metro,103.96,146,Pending,No,Compensation,Pending,13.8,High,59.14801471832478,30.1,193,On-Time,On-Time,On-Time,On-Time,Delayed
LA-3455,Madhya Pradesh,Bhopal,Highway,14.33,45,Paid,No,Compensation,In Progress,70.3,Medium,27.898311594977244,6.6,210,On-Time,On-Time,On-Time,On-Time,On-Time
LA-3456,Uttar Pradesh,Varanasi,Highway,161.92,231,Paid,No,Compensation,In Progress,55.2,High,49.022479014024576,9.3,190,On-Time,Delayed,Delayed,On-Time,On-Time
LA-3457,Gujarat,Vadodara,Metro,100.95,189,Partially Paid,Yes,Approval,Not Started,56.3,High,83.27673590178708,60.0,262,On-Time,On-Time,Delayed,Delayed,Delayed
LA-3458,Madhya Pradesh,Gwalior,Irrigation,84.29,105,Paid,No,Possession,In Progress,32.7,Medium,55.92715239007789,30.5,212,Delayed,Delayed,On-Time,On-Time,On-Time
LA-3459,Rajasthan,Jodhpur,Railway,59.25,105,Pending,No,Approval,Not Started,52.9,High,70.96382559276798,22.9,167,On-Time,On-Time,On-Time,On-Time,On-Time
LA-3460,Gujarat,Ahmedabad,Power Project,5.0,59,Paid,No,Approval,Not Started,66.7,Medium,68.6108991418517,24.2,174,On-Time,Delayed,On-Time,On-Time,On-Time
LA-3461,West Bengal,Howrah,Power Project,54.59,94,Partially Paid,No,Approval,Not Started,37.2,Medium,83.61029247715014,11.0,142,On-Time,On-Time,On-Time,Delayed,On-Time
LA-3462,Bihar,Bhagalpur,Power Project,71.09,113,Paid,Yes,Possession,Completed,93.7,Medium,34.69426594552629,38.4,365,Delayed,Delayed,On-Time,On-Time,Delayed
LA-3463,Madhya Pradesh,Bhopal,Metro,213.72,264,Paid,No,Possession,Completed,68.6,High,70.28945142264111,33.6,163,On-Time,On-Time,On-Time,On-Time,On-Time
LA-3464,Madhya Pradesh,Bhopal,Airport,79.32,108,Paid,No,Possession,In Progress,41.4,High,70.04551089150287,22.2,134,On-Time,On-Time,On-Time,On-Time,On-Time
LA-3465,Madhya Pradesh,Bhopal,Airport,90.26,214,Paid,No,Possession,In Progress,38.7,Low,52.13303791041496,27.4,279,On-Time,Delayed,On-Time,Delayed,Delayed
LA-3466,Uttar Pradesh,Lucknow,Airport,42.79,43,Paid,No,Possession,Pending,89.4,High,79.4037017369812,6.2,113,On-Time,On-Time,On-Time,On-Time,Delayed
LA-3467,Gujarat,Surat,Industrial Corridor,75.81,132,Partially Paid,No,Compensation,Pending,98.0,High,44.01447055114163,39.4,271,On-Time,Delayed,Delayed,On-Time,On-Time
LA-3468,Delhi,South Delhi,Railway,22.07,65,Paid,Yes,Possession,Completed,55.4,Medium,80.96803770845588,18.7,241,On-Time,On-Time,Delayed,Delayed,On-Time
LA-3469,Rajasthan,Kota,Railway,67.1,193,Paid,No,Possession,In Progress,29.1,Low,32.66471360576928,26.9,310,Delayed,Delayed,On-Time,Delayed,On-Time
LA-3470,Rajasthan,Udaipur,Irrigation,135.49,267,Paid,No,Notification,Not Started,70.4,Medium,51.42619614772276,16.4,219,Delayed,On-Time,On-Time,Delayed,On-Time
LA-3471,Uttar Pradesh,Kanpur,Irrigation,74.45,113,Pending,No,Compensation,Pending,30.8,High,62.90168085983015,12.1,163,On-Time,On-Time,On-Time,Delayed,On-Time
LA-3472,West Bengal,Durgapur,Industrial Corridor,71.18,74,Partially Paid,Yes,Compensation,Pending,29.5,Low,68.26489691696885,20.6,302,Delayed,On-Time,Delayed,Delayed,Delayed
LA-3473,Bihar,Muzaffarpur,Highway,134.28,221,Paid,No,Possession,Completed,56.8,Low,36.978743774466224,37.8,316,Delayed,Delayed,On-Time,On-Time,Delayed
LA-3474,Karnataka,Mangaluru,Irrigation,134.79,139,Pending,No,Possession,In Progress,47.4,Medium,80.64364093377337,13.4,126,On-Time,On-Time,On-Time,On-Time,On-Time
LA-3475,Rajasthan,Jodhpur,Power Project,17.68,82,Pending,No,Possession,In Progress,76.5,Medium,76.30340037592599,14.7,142,On-Time,On-Time,On-Time,Delayed,On-Time
LA-3476,Bihar,Patna,Airport,148.56,307,Paid,No,Possession,In Progress,61.4,Medium,93.54969622136369,32.1,164,On-Time,On-Time,On-Time,On-Time,Delayed
LA-3477,Uttar Pradesh,Kanpur,Power Project,208.6,254,Partially Paid,No,Compensation,In Progress,91.1,Medium,75.53167399233703,53.6,221,Delayed,Delayed,On-Time,On-Time,On-Time
LA-3478,Tamil Nadu,Coimbatore,Airport,57.32,120,Paid,No,Notification,Not Started,65.8,Medium,53.95384984312855,27.8,209,On-Time,On-Time,On-Time,On-Time,On-Time
LA-3479,Uttar Pradesh,Lucknow,Power Project,61.4,65,Pending,No,Notification,Not Started,89.1,Low,48.9305169459968,6.2,237,On-Time,Delayed,Delayed,On-Time,On-Time
LA-3480,Tamil Nadu,Chennai,Highway,77.21,160,Partially Paid,No,Compensation,In Progress,39.7,Low,58.6911269833994,34.5,287,On-Time,Delayed,On-Time,On-Time,On-Time
LA-3481,Maharashtra,Mumbai,Power Project,36.21,62,Pending,No,Approval,Pending,51.3,Medium,95.0,60.0,194,On-Time,On-Time,Delayed,On-Time,On-Time
LA-3482,Bihar,Muzaffarpur,Power Project,183.5,282,Paid,No,Compensation,Pending,89.7,Low,65.71410746669237,19.3,226,Delayed,On-Time,On-Time,Delayed,On-Time
LA-3483,West Bengal,Durgapur,Metro,231.85,331,Paid,No,Approval,Pending,77.7,High,66.35380838516984,48.5,209,On-Time,On-Time,On-Time,Delayed,On-Time
LA-3484,Uttar Pradesh,Kanpur,Power Project,159.42,324,Pending,No,Possession,Pending,36.2,High,85.6919137445252,18.2,104,On-Time,On-Time,Delayed,On-Time,Delayed
LA-3485,Rajasthan,Jaipur,Metro,17.52,16,Pending,No,Approval,Not Started,67.3,Medium,47.532067608822146,22.8,228,Delayed,On-Time,Delayed,On-Time,On-Time
LA-3486,West Bengal,Siliguri,Railway,49.68,165,Partially Paid,No,Possession,Completed,88.9,Medium,73.08440421556352,46.3,172,Delayed,On-Time,Delayed,On-Time,Delayed
LA-3487,Rajasthan,Jodhpur,Industrial Corridor,58.46,20,Pending,No,Possession,In Progress,57.7,High,72.74514500816085,16.7,121,On-Time,On-Time,On-Time,Delayed,On-Time
LA-3488,Bihar,Bhagalpur,Power Project,70.57,126,Partially Paid,No,Compensation,In Progress,82.0,Medium,79.36036182667667,1.0,131,Delayed,On-Time,On-Time,On-Time,Delayed
LA-3489,Madhya Pradesh,Gwalior,Railway,94.47,142,Partially Paid,No,Approval,Pending,55.0,High,77.7844017545101,54.4,162,On-Time,On-Time,On-Time,On-Time,On-Time
LA-3490,Gujarat,Vadodara,Irrigation,82.17,195,Paid,No,Possession,Pending,64.2,Medium,64.11963270606029,12.7,180,Delayed,Delayed,On-Time,Delayed,Delayed
LA-3491,Maharashtra,Nagpur,Irrigation,82.62,87,Paid,No,Compensation,In Progress,31.3,Low,44.25330723267153,39.2,284,On-Time,Delayed,On-Time,On-Time,On-Time
LA-3492,Uttar Pradesh,Agra,Metro,160.73,303,Paid,Yes,Approval,Pending,53.7,Medium,56.5267992991287,18.6,306,On-Time,Delayed,On-Time,Delayed,On-Time
LA-3493,Tamil Nadu,Madurai,Power Project,123.57,178,Partially Paid,Yes,Notification,Not Started,55.7,High,77.63143951847654,40.7,281,On-Time,On-Time,On-Time,On-Time,Delayed
LA-3494,Gujarat,Surat,Power Project,75.21,125,Paid,No,Approval,Not Started,74.1,Low,92.81563440345221,54.3,215,On-Time,On-Time,On-Time,Delayed,Delayed
LA-3495,Rajasthan,Udaipur,Highway,138.82,286,Paid,Yes,Notification,Not Started,74.2,Medium,46.65600868031159,24.5,316,On-Time,Delayed,On-Time,Delayed,On-Time
LA-3496,Rajasthan,Udaipur,Railway,98.87,198,Paid,No,Approval,Not Started,94.3,Low,45.668419772173074,13.3,273,On-Time,Delayed,On-Time,On-Time,On-Time
LA-3497,Madhya Pradesh,Gwalior,Airport,141.2,352,Pending,No,Approval,Not Started,43.3,Medium,41.39144863702593,12.2,225,On-Time,Delayed,Delayed,On-Time,Delayed
LA-3498,Bihar,Gaya,Airport,212.53,239,Paid,Yes,Compensation,Pending,76.8,Low,53.494251294595934,11.7,314,On-Time,Delayed,On-Time,On-Time,On-Time
LA-3499,West Bengal,Durgapur,Highway,174.53,213,Paid,No,Possession,Pending,47.8,Low,79.21341778457125,20.6,165,On-Time,On-Time,On-Time,On-Time,On-Time
LA-3500,Gujarat,Ahmedabad,Metro,31.5,121,Paid,No,Compensation,In Progress,46.3,Medium,84.7428675547464,6.0,140,On-Time,On-Time,On-Time,On-Time,On-Time
LA-3501,Tamil Nadu,Chennai,Airport,80.06,161,Paid,No,Possession,Pending,37.6,High,33.820146254626245,12.4,236,Delayed,On-Time,On-Time,On-Time,On-Time
LA-3502,Tamil Nadu,Chennai,Airport,114.69,217,Paid,Yes,Possession,In Progress,82.8,Medium,46.92238219274415,20.0,279,Delayed,On-Time,On-Time,On-Time,Delayed
LA-3503,Madhya Pradesh,Bhopal,Irrigation,26.16,139,Paid,No,Compensation,In Progress,67.5,Medium,44.11657980572498,43.5,234,On-Time,Delayed,Delayed,On-Time,On-Time
LA-3504,West Bengal,Durgapur,Irrigation,110.02,181,Paid,No,Approval,Not Started,64.4,Medium,51.9848556813225,32.7,261,On-Time,On-Time,On-Time,Delayed,On-Time
LA-3505,Uttar Pradesh,Prayagraj,Industrial Corridor,115.16,175,Pending,No,Approval,Not Started,46.7,High,61.66478467445724,60.0,220,On-Time,On-Time,Delayed,Delayed,On-Time
LA-3506,Uttar Pradesh,Agra,Railway,28.85,30,Pending,No,Possession,Completed,83.7,High,59.03874559942317,12.9,146,On-Time,On-Time,Delayed,On-Time,On-Time
LA-3507,Bihar,Bhagalpur,Metro,76.75,102,Paid,No,Possession,Pending,93.2,Medium,72.70728835664585,20.4,177,On-Time,Delayed,On-Time,On-Time,On-Time
LA-3508,Gujarat,Rajkot,Power Project,107.58,278,Partially Paid,No,Compensation,Pending,86.4,Low,36.10031494137503,8.2,249,On-Time,Delayed,On-Time,On-Time,Delayed
LA-3509,Bihar,Patna,Railway,209.65,347,Partially Paid,No,Notification,Not Started,74.4,Medium,57.19218380111559,16.5,180,On-Time,On-Time,On-Time,Delayed,On-Time
LA-3510,Bihar,Patna,Metro,84.15,157,Partially Paid,No,Possession,Pending,67.3,High,85.49601454264155,7.5,70,On-Time,Delayed,On-Time,On-Time,On-Time
LA-3511,Delhi,New Delhi,Airport,31.12,118,Paid,No,Approval,Not Started,50.1,High,86.06767712635094,29.4,168,On-Time,Delayed,On-Time,On-Time,On-Time
LA-3512,Bihar,Muzaffarpur,Industrial Corridor,27.23,25,Paid,No,Notification,Not Started,84.0,High,89.97118599084058,22.9,148,On-Time,On-Time,On-Time,On-Time,On-Time
LA-3513,Gujarat,Rajkot,Railway,61.63,107,Partially Paid,Yes,Possession,Pending,23.9,High,70.89880595996705,15.6,212,Delayed,On-Time,On-Time,Delayed,On-Time
LA-3514,Rajasthan,Jaipur,Airport,108.47,318,Paid,No,Compensation,In Progress,53.4,High,55.17373708586675,23.7,238,Delayed,On-Time,On-Time,On-Time,On-Time
LA-3515,Madhya Pradesh,Indore,Metro,123.12,127,Paid,Yes,Compensation,Pending,91.5,Medium,67.62293513742324,25.8,295,On-Time,Delayed,Delayed,Delayed,Delayed
LA-3516,West Bengal,Kolkata,Railway,33.18,77,Paid,No,Possession,Completed,61.1,Low,95.0,18.3,156,On-Time,On-Time,On-Time,On-Time,On-Time
LA-3517,Delhi,New Delhi,Power Project,113.18,259,Pending,No,Compensation,In Progress,65.6,High,57.04153143295018,26.4,231,On-Time,Delayed,On-Time,On-Time,Delayed
LA-3518,Rajasthan,Udaipur,Railway,11.37,92,Paid,No,Compensation,In Progress,65.6,Medium,92.49255038043626,34.0,115,On-Time,On-Time,On-Time,On-Time,Delayed
LA-3519,Karnataka,Bengaluru,Airport,55.69,89,Paid,No,Approval,Pending,62.5,Medium,28.448145624021258,12.3,247,On-Time,Delayed,On-Time,On-Time,Delayed
LA-3520,Karnataka,Mysuru,Railway,111.43,134,Pending,No,Approval,Pending,24.2,Low,73.57978042807241,49.9,283,On-Time,On-Time,Delayed,Delayed,Delayed
LA-3521,Karnataka,Bengaluru,Power Project,179.34,234,Pending,No,Possession,In Progress,40.6,Low,74.7089773155754,22.7,198,Delayed,Delayed,Delayed,On-Time,Delayed
LA-3522,Uttar Pradesh,Agra,Industrial Corridor,22.9,38,Paid,No,Approval,Pending,46.6,High,70.60379074919707,8.6,155,On-Time,On-Time,On-Time,On-Time,On-Time
LA-3523,Maharashtra,Pune,Industrial Corridor,102.56,102,Paid,Yes,Notification,Not Started,84.9,High,71.58596488779101,49.8,247,On-Time,On-Time,On-Time,On-Time,Delayed
LA-3524,Gujarat,Ahmedabad,Airport,67.07,163,Partially Paid,No,Notification,Not Started,30.1,High,72.84823237899181,6.8,111,On-Time,Delayed,On-Time,Delayed,On-Time
LA-3525,Tamil Nadu,Coimbatore,Metro,18.06,73,Paid,No,Compensation,In Progress,49.7,Medium,73.54983357697817,26.4,190,On-Time,On-Time,On-Time,On-Time,On-Time
LA-3526,Maharashtra,Nagpur,Airport,26.55,16,Partially Paid,Yes,Compensation,In Progress,54.0,Medium,60.03890620269353,11.9,276,On-Time,Delayed,On-Time,On-Time,Delayed
LA-3527,Uttar Pradesh,Lucknow,Industrial Corridor,99.01,7,Pending,No,Compensation,Pending,50.5,High,60.93453605947691,9.9,157,On-Time,Delayed,On-Time,Delayed,On-Time
LA-3528,West Bengal,Kolkata,Highway,252.37,397,Paid,Yes,Compensation,In Progress,35.5,Low,44.58776260494457,18.5,325,On-Time,Delayed,On-Time,On-Time,Delayed
LA-3529,Delhi,North Delhi,Highway,85.74,178,Paid,Yes,Notification,Not Started,60.7,Medium,75.98733562109169,16.4,219,On-Time,Delayed,On-Time,On-Time,On-Time
LA-3530,West Bengal,Howrah,Railway,394.06,355,Paid,No,Compensation,Pending,69.7,Low,84.5341378661715,48.6,271,On-Time,On-Time,On-Time,On-Time,On-Time
LA-3531,Karnataka,Bengaluru,Power Project,130.97,166,Partially Paid,No,Possession,In Progress,56.2,High,91.16576927263986,41.6,147,On-Time,On-Time,On-Time,On-Time,On-Time
LA-3532,Tamil Nadu,Madurai,Irrigation,45.69,82,Paid,No,Notification,Not Started,68.6,High,52.68379985428577,7.2,188,On-Time,Delayed,On-Time,On-Time,On-Time
LA-3533,Maharashtra,Pune,Irrigation,149.19,382,Paid,No,Compensation,In Progress,61.9,High,39.13880452062571,45.3,269,On-Time,On-Time,On-Time,On-Time,Delayed
LA-3534,Delhi,South Delhi,Irrigation,31.85,40,Paid,Yes,Compensation,Pending,77.3,High,70.64466244600031,5.2,192,On-Time,On-Time,Delayed,Delayed,On-Time
LA-3535,Karnataka,Hubballi,Railway,92.37,184,Paid,No,Compensation,Pending,55.5,Medium,47.66560816226756,52.8,275,Delayed,On-Time,Delayed,On-Time,On-Time
LA-3536,Bihar,Patna,Highway,93.53,175,Partially Paid,No,Notification,Not Started,56.8,High,73.57652394458012,35.1,150,On-Time,On-Time,Delayed,On-Time,On-Time
LA-3537,Karnataka,Hubballi,Industrial Corridor,91.92,152,Paid,No,Possession,In Progress,52.8,Medium,31.91982744979009,26.1,281,On-Time,On-Time,On-Time,On-Time,On-Time
LA-3538,Uttar Pradesh,Lucknow,Railway,29.43,118,Partially Paid,Yes,Compensation,In Progress,74.6,High,81.30814192657095,33.7,220,On-Time,On-Time,Delayed,On-Time,On-Time
LA-3539,Tamil Nadu,Salem,Irrigation,5.25,97,Paid,No,Possession,Completed,72.6,High,67.29920520815911,2.8,162,Delayed,On-Time,On-Time,On-Time,On-Time
LA-3540,Tamil Nadu,Madurai,Irrigation,68.56,156,Paid,No,Approval,Not Started,29.6,Low,36.1799227755467,17.0,241,Delayed,On-Time,On-Time,On-Time,Delayed
LA-3541,Karnataka,Mysuru,Airport,107.89,134,Pending,No,Compensation,In Progress,43.3,Low,69.56123969049054,20.6,222,On-Time,Delayed,Delayed,On-Time,On-Time
LA-3542,Tamil Nadu,Salem,Irrigation,205.83,207,Partially Paid,No,Possession,In Progress,71.1,High,66.42442233729683,42.6,242,On-Time,On-Time,On-Time,On-Time,On-Time
LA-3543,Bihar,Patna,Power Project,108.97,183,Pending,Yes,Approval,Not Started,60.7,Low,72.84339814143586,38.3,292,Delayed,Delayed,Delayed,Delayed,Delayed
LA-3544,Madhya Pradesh,Jabalpur,Irrigation,31.36,87,Paid,No,Approval,Not Started,35.1,Medium,77.03020404094957,25.1,177,On-Time,On-Time,On-Time,On-Time,On-Time
LA-3545,Uttar Pradesh,Prayagraj,Airport,71.45,63,Paid,No,Compensation,In Progress,80.4,High,28.755318354896808,7.9,207,On-Time,Delayed,On-Time,On-Time,Delayed
LA-3546,Rajasthan,Udaipur,Irrigation,74.77,107,Partially Paid,No,Notification,Not Started,41.3,Low,57.93188662657711,25.4,260,On-Time,Delayed,Delayed,On-Time,Delayed
LA-3547,Delhi,New Delhi,Power Project,187.41,319,Pending,Yes,Compensation,Pending,52.0,High,63.66454962450495,24.0,204,On-Time,Delayed,On-Time,Delayed,On-Time
LA-3548,Gujarat,Vadodara,Industrial Corridor,111.01,150,Pending,Yes,Notification,Not Started,62.9,High,60.56941286693258,38.5,248,On-Time,Delayed,Delayed,On-Time,On-Time
LA-3549,Gujarat,Surat,Railway,35.86,28,Pending,No,Notification,Not Started,93.8,Medium,59.734572437280654,20.2,181,On-Time,Delayed,Delayed,On-Time,Delayed
LA-3550,Delhi,New Delhi,Power Project,55.21,125,Paid,Yes,Compensation,Pending,63.3,High,80.81675340728738,39.1,250,Delayed,On-Time,On-Time,Delayed,On-Time
LA-3551,Maharashtra,Nashik,Airport,139.54,173,Pending,No,Notification,Not Started,76.6,High,39.03102398049035,21.6,211,On-Time,On-Time,On-Time,On-Time,On-Time
LA-3552,Uttar Pradesh,Lucknow,Railway,97.53,172,Pending,No,Possession,In Progress,64.3,High,60.62774430857419,18.5,154,Delayed,On-Time,Delayed,On-Time,On-Time
LA-3553,Tamil Nadu,Chennai,Railway,84.22,146,Paid,No,Possession,In Progress,60.0,Medium,61.816153674895844,22.6,208,Delayed,Delayed,On-Time,Delayed,Delayed
LA-3554,West Bengal,Kolkata,Airport,71.18,100,Paid,No,Compensation,Pending,50.9,Medium,63.35863904304101,12.3,186,On-Time,Delayed,On-Time,On-Time,On-Time
LA-3555,Delhi,North Delhi,Highway,137.37,228,Partially Paid,No,Possession,Completed,85.3,High,50.34029017285593,16.8,181,On-Time,On-Time,On-Time,On-Time,On-Time
LA-3556,West Bengal,Durgapur,Irrigation,63.18,46,Paid,Yes,Possession,Completed,86.3,Low,95.0,33.4,245,On-Time,On-Time,On-Time,On-Time,On-Time
LA-3557,Rajasthan,Jodhpur,Power Project,53.47,66,Partially Paid,No,Approval,Pending,46.7,High,79.67882920087712,21.2,114,On-Time,On-Time,On-Time,On-Time,Delayed
LA-3558,Maharashtra,Mumbai,Airport,153.31,244,Pending,No,Possession,Completed,81.3,Medium,95.0,18.7,157,On-Time,On-Time,On-Time,Delayed,On-Time
LA-3559,Delhi,North Delhi,Industrial Corridor,5.12,11,Pending,Yes,Notification,Not Started,67.1,Low,74.60406850197515,4.9,283,Delayed,On-Time,Delayed,Delayed,Delayed
LA-3560,Rajasthan,Jaipur,Metro,34.93,75,Pending,Yes,Approval,Not Started,58.9,Low,76.4342138642612,16.3,240,Delayed,On-Time,On-Time,Delayed,On-Time
LA-3561,Tamil Nadu,Madurai,Airport,46.96,117,Paid,No,Compensation,In Progress,72.4,Medium,64.9342708497018,25.5,191,On-Time,Delayed,On-Time,Delayed,On-Time
LA-3562,Karnataka,Hubballi,Irrigation,160.09,238,Paid,No,Compensation,In Progress,56.0,Medium,88.44624687012039,19.4,151,On-Time,On-Time,On-Time,On-Time,On-Time
LA-3563,Delhi,South Delhi,Irrigation,93.94,193,Partially Paid,No,Notification,Not Started,22.3,High,73.48291987721812,41.1,157,On-Time,On-Time,On-Time,On-Time,On-Time
LA-3564,Delhi,New Delhi,Railway,32.84,5,Paid,No,Approval,Not Started,82.6,Medium,62.140267305287054,31.6,228,On-Time,Delayed,On-Time,On-Time,On-Time
LA-3565,Gujarat,Rajkot,Railway,30.71,6,Paid,Yes,Compensation,In Progress,61.9,High,92.69857475441594,52.8,233,Delayed,On-Time,On-Time,On-Time,On-Time
LA-3566,Maharashtra,Nagpur,Airport,163.01,298,Partially Paid,Yes,Approval,Not Started,49.5,High,45.457735786202164,23.3,296,Delayed,Delayed,Delayed,Delayed,On-Time
LA-3567,Maharashtra,Mumbai,Metro,30.8,178,Paid,No,Possession,In Progress,71.1,High,54.01824491662285,10.0,213,On-Time,Delayed,On-Time,On-Time,On-Time
LA-3568,Maharashtra,Mumbai,Airport,51.78,105,Paid,Yes,Compensation,Pending,55.8,High,95.0,29.5,156,Delayed,On-Time,Delayed,On-Time,Delayed
LA-3569,Tamil Nadu,Coimbatore,Metro,61.72,174,Paid,Yes,Approval,Pending,49.6,Medium,75.06055188257908,9.8,259,Delayed,Delayed,On-Time,Delayed,Delayed
LA-3570,West Bengal,Durgapur,Metro,118.97,268,Pending,No,Notification,Not Started,63.7,Low,25.50285433966946,16.6,283,Delayed,Delayed,Delayed,On-Time,Delayed
LA-3571,Gujarat,Ahmedabad,Irrigation,57.66,68,Paid,No,Compensation,In Progress,57.3,High,80.28398026675399,42.0,177,On-Time,On-Time,Delayed,On-Time,On-Time
LA-3572,Bihar,Gaya,Irrigation,26.52,8,Paid,No,Compensation,In Progress,71.6,High,49.65344590377325,13.9,193,On-Time,Delayed,Delayed,On-Time,On-Time
LA-3573,Maharashtra,Nashik,Irrigation,125.88,267,Pending,No,Notification,Not Started,79.3,Medium,56.38528619131106,10.9,222,On-Time,On-Time,Delayed,Delayed,On-Time
LA-3574,Rajasthan,Udaipur,Industrial Corridor,124.09,176,Paid,No,Approval,Not Started,84.3,Medium,95.0,32.5,151,On-Time,On-Time,Delayed,On-Time,On-Time
LA-3575,Uttar Pradesh,Agra,Irrigation,220.59,442,Paid,No,Approval,Not Started,87.2,High,89.83274337000003,42.4,128,Delayed,On-Time,On-Time,On-Time,On-Time
LA-3576,Madhya Pradesh,Indore,Power Project,100.1,148,Partially Paid,Yes,Notification,Not Started,50.3,High,94.97167303753041,15.9,175,Delayed,On-Time,Delayed,Delayed,Delayed
LA-3577,West Bengal,Kolkata,Railway,29.64,110,Paid,No,Compensation,Pending,80.4,Medium,55.8905168783719,12.4,231,Delayed,Delayed,Delayed,On-Time,On-Time
LA-3578,Madhya Pradesh,Bhopal,Railway,214.01,323,Paid,No,Possession,Completed,52.5,Low,60.633401336076865,17.7,233,On-Time,On-Time,On-Time,On-Time,On-Time
LA-3579,Gujarat,Ahmedabad,Metro,61.55,93,Pending,Yes,Compensation,Pending,72.9,High,68.27998433887835,19.8,218,Delayed,Delayed,Delayed,On-Time,Delayed
LA-3580,Madhya Pradesh,Indore,Railway,145.35,213,Paid,No,Possession,In Progress,59.3,High,78.025958445313,28.7,145,On-Time,On-Time,Delayed,On-Time,On-Time
LA-3581,Uttar Pradesh,Prayagraj,Highway,209.36,239,Partially Paid,No,Notification,Not Started,82.5,Medium,59.87024022173935,9.1,190,Delayed,On-Time,On-Time,On-Time,On-Time
LA-3582,Bihar,Gaya,Metro,89.1,115,Partially Paid,No,Approval,Not Started,78.0,High,93.17559805203665,8.0,89,On-Time,On-Time,On-Time,On-Time,On-Time
LA-3583,Rajasthan,Jodhpur,Railway,81.66,74,Paid,No,Compensation,In Progress,87.6,High,72.36778590177283,57.5,202,On-Time,On-Time,On-Time,On-Time,On-Time
LA-3584,Gujarat,Rajkot,Highway,100.34,102,Partially Paid,No,Compensation,In Progress,74.6,Medium,87.36396673988077,28.0,178,Delayed,On-Time,On-Time,Delayed,On-Time
LA-3585,Madhya Pradesh,Bhopal,Industrial Corridor,113.33,290,Paid,No,Compensation,In Progress,41.4,Low,53.30015514481759,36.0,309,Delayed,Delayed,Delayed,On-Time,On-Time
LA-3586,Madhya Pradesh,Jabalpur,Railway,161.12,184,Paid,No,Compensation,In Progress,73.0,High,58.71682141559256,40.5,223,On-Time,On-Time,On-Time,On-Time,On-Time
LA-3587,Delhi,South Delhi,Highway,73.49,146,Partially Paid,Yes,Compensation,In Progress,75.7,Medium,68.6851126528246,34.2,292,On-Time,On-Time,Delayed,Delayed,Delayed
LA-3588,Karnataka,Hubballi,Airport,86.08,74,Paid,Yes,Notification,Not Started,57.6,High,58.11325923786771,12.4,259,On-Time,Delayed,On-Time,On-Time,On-Time
LA-3589,Maharashtra,Pune,Power Project,56.23,44,Partially Paid,No,Compensation,Pending,95.3,Low,80.71586598530311,27.4,214,Delayed,On-Time,On-Time,On-Time,On-Time
LA-3590,Karnataka,Mysuru,Airport,56.01,50,Paid,No,Compensation,Pending,70.3,High,81.01471567574976,16.8,127,On-Time,On-Time,On-Time,On-Time,On-Time
LA-3591,Tamil Nadu,Coimbatore,Highway,41.93,45,Paid,No,Possession,In Progress,65.4,Medium,61.414053806188434,3.4,162,On-Time,On-Time,On-Time,On-Time,On-Time
LA-3592,Tamil Nadu,Chennai,Metro,59.21,89,Partially Paid,No,Compensation,In Progress,57.1,Low,74.86956771199863,6.6,170,On-Time,Delayed,On-Time,Delayed,On-Time
LA-3593,Madhya Pradesh,Jabalpur,Irrigation,37.83,108,Paid,Yes,Compensation,Pending,75.9,Low,95.0,21.7,238,On-Time,Delayed,On-Time,On-Time,Delayed
LA-3594,Rajasthan,Jodhpur,Irrigation,149.17,293,Pending,No,Compensation,Pending,93.1,Medium,80.66896171067704,43.8,201,Delayed,Delayed,Delayed,On-Time,On-Time
LA-3595,Uttar Pradesh,Varanasi,Irrigation,128.78,190,Partially Paid,No,Possession,In Progress,29.0,High,74.78002183779122,15.0,157,On-Time,On-Time,On-Time,Delayed,On-Time
LA-3596,Tamil Nadu,Salem,Metro,77.77,106,Pending,Yes,Possession,In Progress,59.8,High,84.42975142407404,12.4,184,Delayed,On-Time,Delayed,Delayed,Delayed
LA-3597,Maharashtra,Nashik,Railway,98.53,33,Paid,No,Possession,Completed,65.3,High,90.21230250941258,10.6,90,On-Time,On-Time,On-Time,On-Time,On-Time
LA-3598,Rajasthan,Jaipur,Irrigation,41.97,118,Pending,No,Compensation,In Progress,63.3,Medium,87.76871429334517,21.6,153,On-Time,On-Time,On-Time,On-Time,Delayed
LA-3599,Maharashtra,Mumbai,Airport,81.4,30,Partially Paid,Yes,Notification,Not Started,66.5,Medium,63.92032094423917,25.6,285,On-Time,Delayed,Delayed,Delayed,On-Time
LA-3600,Uttar Pradesh,Varanasi,Metro,175.27,294,Partially Paid,No,Compensation,In Progress,85.3,Low,78.5342749980789,13.4,172,Delayed,On-Time,Delayed,On-Time,On-Time
LA-3601,Madhya Pradesh,Gwalior,Metro,171.43,191,Pending,No,Compensation,In Progress,84.2,High,60.529093089287,31.9,173,On-Time,Delayed,Delayed,Delayed,On-Time
LA-3602,Delhi,New Delhi,Irrigation,223.38,282,Partially Paid,No,Possession,Pending,93.4,Medium,64.18333863577963,35.4,229,Delayed,On-Time,Delayed,Delayed,On-Time
LA-3603,Karnataka,Bengaluru,Airport,148.93,275,Pending,Yes,Notification,Not Started,51.2,Low,72.18862429781886,19.8,279,Delayed,On-Time,Delayed,On-Time,Delayed
LA-3604,Maharashtra,Mumbai,Industrial Corridor,104.58,235,Partially Paid,No,Compensation,In Progress,92.5,Low,43.27330726517895,36.6,313,On-Time,Delayed,Delayed,On-Time,Delayed
LA-3605,Delhi,North Delhi,Metro,143.86,290,Partially Paid,No,Approval,Pending,43.1,Medium,70.52964710674621,14.0,177,Delayed,On-Time,Delayed,Delayed,Delayed
LA-3606,Rajasthan,Udaipur,Irrigation,31.74,65,Paid,No,Possession,In Progress,45.9,Medium,54.62837936912816,17.0,206,On-Time,Delayed,On-Time,On-Time,On-Time
LA-3607,Delhi,New Delhi,Power Project,136.84,223,Paid,No,Approval,Not Started,74.9,Medium,47.20834583407794,43.9,239,On-Time,Delayed,On-Time,On-Time,On-Time
LA-3608,Maharashtra,Nagpur,Highway,152.27,333,Partially Paid,No,Compensation,In Progress,55.8,High,76.92371092563869,23.9,143,On-Time,Delayed,Delayed,On-Time,On-Time
LA-3609,Karnataka,Bengaluru,Railway,80.43,153,Pending,No,Approval,Not Started,58.2,High,61.08820718941409,26.0,158,Delayed,On-Time,On-Time,On-Time,On-Time
LA-3610,Delhi,New Delhi,Metro,86.93,138,Pending,Yes,Notification,Not Started,62.9,Medium,68.29980452422264,7.6,215,On-Time,Delayed,On-Time,On-Time,Delayed
LA-3611,Bihar,Muzaffarpur,Power Project,68.69,100,Partially Paid,Yes,Compensation,In Progress,80.7,High,61.45437764185738,35.0,296,On-Time,Delayed,Delayed,Delayed,Delayed
LA-3612,Delhi,New Delhi,Power Project,78.67,290,Partially Paid,No,Notification,Not Started,76.9,Medium,55.7503384432099,35.0,222,On-Time,Delayed,On-Time,Delayed,On-Time
LA-3613,Maharashtra,Nashik,Metro,94.49,155,Paid,Yes,Compensation,Pending,36.2,Medium,66.76355657721423,31.8,298,On-Time,On-Time,On-Time,On-Time,Delayed
LA-3614,Karnataka,Hubballi,Industrial Corridor,101.39,196,Paid,No,Possession,In Progress,86.5,Medium,44.566276292064,5.2,188,On-Time,On-Time,On-Time,On-Time,On-Time
LA-3615,Maharashtra,Pune,Highway,42.53,135,Paid,No,Possession,Completed,60.1,High,63.55641443916884,11.3,137,On-Time,On-Time,On-Time,On-Time,On-Time
LA-3616,Uttar Pradesh,Agra,Railway,48.97,124,Paid,No,Approval,Not Started,61.4,High,94.71099797427713,17.7,82,On-Time,On-Time,On-Time,On-Time,On-Time
LA-3617,Gujarat,Ahmedabad,Metro,128.86,207,Partially Paid,No,Possession,In Progress,77.9,High,47.00785162115166,56.6,266,On-Time,Delayed,On-Time,On-Time,On-Time
LA-3618,Maharashtra,Aurangabad,Railway,107.93,166,Pending,No,Approval,Not Started,94.4,High,86.39237451074293,11.0,114,On-Time,On-Time,On-Time,On-Time,On-Time
LA-3619,Bihar,Bhagalpur,Airport,45.46,128,Paid,No,Possession,In Progress,65.5,Low,95.0,27.5,146,Delayed,On-Time,On-Time,On-Time,On-Time
LA-3620,Maharashtra,Pune,Power Project,76.11,144,Paid,No,Possession,Completed,26.4,High,53.21737719812579,33.3,176,On-Time,On-Time,On-Time,On-Time,On-Time
LA-3621,Tamil Nadu,Chennai,Power Project,243.67,237,Paid,Yes,Notification,Not Started,39.8,High,69.91413437512853,25.7,244,On-Time,On-Time,On-Time,On-Time,On-Time
LA-3622,Bihar,Gaya,Metro,10.34,17,Paid,No,Approval,Not Started,80.6,High,45.504059448268094,26.8,236,On-Time,On-Time,On-Time,On-Time,On-Time
LA-3623,Gujarat,Ahmedabad,Metro,5.19,5,Paid,Yes,Approval,Pending,25.5,Medium,43.259443507161365,24.9,342,On-Time,Delayed,On-Time,Delayed,Delayed
LA-3624,Bihar,Muzaffarpur,Airport,10.59,68,Paid,No,Possession,Completed,64.4,Medium,67.50755019402459,7.2,151,On-Time,On-Time,On-Time,On-Time,On-Time
LA-3625,Gujarat,Ahmedabad,Industrial Corridor,304.28,414,Paid,No,Approval,Pending,22.2,High,71.13770245713232,4.1,116,Delayed,On-Time,Delayed,Delayed,On-Time
LA-3626,West Bengal,Siliguri,Metro,35.09,123,Pending,Yes,Compensation,In Progress,87.9,Low,56.496273957167574,17.5,319,Delayed,On-Time,Delayed,On-Time,On-Time
LA-3627,Uttar Pradesh,Kanpur,Power Project,65.9,147,Paid,Yes,Compensation,Pending,82.3,Low,48.03509240511101,23.5,346,On-Time,Delayed,On-Time,On-Time,Delayed
LA-3628,Karnataka,Mangaluru,Railway,121.82,126,Pending,No,Possession,Completed,82.0,High,53.241089136757,12.7,178,Delayed,On-Time,On-Time,Delayed,On-Time
LA-3629,Rajasthan,Kota,Highway,116.45,95,Partially Paid,Yes,Possession,Pending,80.5,Medium,78.36639933997066,40.5,262,Delayed,Delayed,On-Time,On-Time,Delayed
LA-3630,Gujarat,Surat,Irrigation,69.28,117,Paid,No,Approval,Not Started,73.4,Medium,78.46886378999267,25.9,181,On-Time,Delayed,On-Time,On-Time,On-Time
LA-3631,Madhya Pradesh,Jabalpur,Railway,200.27,258,Pending,Yes,Compensation,Pending,67.2,High,74.63763591833836,26.7,229,Delayed,Delayed,On-Time,Delayed,On-Time
LA-3632,Karnataka,Bengaluru,Industrial Corridor,140.17,135,Partially Paid,No,Possession,In Progress,52.9,Low,59.215937063126276,21.9,238,On-Time,Delayed,Delayed,On-Time,On-Time
LA-3633,Delhi,North Delhi,Highway,50.81,168,Paid,No,Possession,In Progress,34.9,High,48.866574541081974,6.7,190,On-Time,On-Time,On-Time,On-Time,On-Time
LA-3634,Uttar Pradesh,Prayagraj,Railway,36.59,70,Paid,No,Notification,Not Started,92.2,High,84.69140988509062,31.9,161,On-Time,On-Time,On-Time,On-Time,On-Time
LA-3635,Karnataka,Hubballi,Railway,93.39,196,Pending,No,Approval,Not Started,66.5,High,89.61751864208658,27.0,128,On-Time,On-Time,On-Time,Delayed,Delayed
LA-3636,Karnataka,Hubballi,Airport,144.62,329,Paid,No,Approval,Not Started,77.5,Medium,57.12638453890467,10.8,198,On-Time,Delayed,On-Time,On-Time,Delayed
LA-3637,West Bengal,Kolkata,Irrigation,247.26,328,Paid,No,Approval,Not Started,71.4,Low,62.61649072997186,12.5,210,Delayed,On-Time,On-Time,On-Time,On-Time
LA-3638,Tamil Nadu,Chennai,Industrial Corridor,104.38,199,Paid,No,Notification,Not Started,72.3,High,42.99423665359092,28.6,220,On-Time,On-Time,On-Time,Delayed,On-Time
LA-3639,West Bengal,Howrah,Power Project,63.71,120,Paid,No,Compensation,In Progress,61.1,High,73.00906097088591,16.0,153,On-Time,On-Time,Delayed,On-Time,On-Time
LA-3640,Karnataka,Bengaluru,Airport,189.01,364,Pending,No,Compensation,In Progress,93.0,Medium,95.0,12.0,128,On-Time,Delayed,On-Time,Delayed,Delayed
LA-3641,Maharashtra,Nashik,Highway,172.65,199,Pending,Yes,Compensation,Pending,71.2,High,79.15446226725346,11.8,184,Delayed,On-Time,Delayed,Delayed,On-Time
LA-3642,Uttar Pradesh,Prayagraj,Irrigation,139.2,215,Partially Paid,No,Compensation,Pending,43.7,High,95.0,35.6,111,On-Time,On-Time,On-Time,On-Time,On-Time
LA-3643,Tamil Nadu,Salem,Power Project,30.56,26,Paid,No,Notification,Not Started,41.2,High,59.144238508845625,60.0,219,On-Time,On-Time,On-Time,On-Time,Delayed
LA-3644,Madhya Pradesh,Bhopal,Airport,66.24,153,Pending,No,Possession,In Progress,28.2,High,45.38577739717965,18.3,220,Delayed,On-Time,On-Time,On-Time,On-Time
LA-3645,Delhi,North Delhi,Irrigation,72.85,151,Partially Paid,No,Possession,In Progress,38.8,High,87.56462004053566,20.0,82,On-Time,On-Time,On-Time,Delayed,On-Time
LA-3646,Gujarat,Rajkot,Industrial Corridor,139.25,282,Pending,Yes,Compensation,In Progress,86.2,High,67.57706736074006,21.1,204,Delayed,On-Time,Delayed,On-Time,Delayed
LA-3647,West Bengal,Siliguri,Metro,14.8,81,Paid,No,Possession,In Progress,84.7,High,51.604140429756384,31.9,192,On-Time,On-Time,On-Time,Delayed,Delayed
LA-3648,Rajasthan,Jaipur,Metro,62.4,166,Paid,No,Notification,Not Started,70.2,Medium,93.08481261079581,5.6,127,On-Time,On-Time,On-Time,On-Time,On-Time
LA-3649,Gujarat,Rajkot,Highway,85.1,154,Pending,No,Possession,In Progress,37.0,High,55.90896231355405,18.1,170,On-Time,On-Time,Delayed,Delayed,On-Time
LA-3650,Rajasthan,Kota,Metro,70.96,90,Paid,Yes,Notification,Not Started,50.2,Low,48.20315186996829,4.3,289,Delayed,On-Time,Delayed,On-Time,Delayed
LA-3651,Uttar Pradesh,Agra,Airport,230.83,473,Partially Paid,No,Approval,Not Started,60.5,High,74.02415723881339,13.6,139,On-Time,On-Time,Delayed,On-Time,On-Time
LA-3652,Gujarat,Surat,Highway,162.11,292,Partially Paid,Yes,Approval,Not Started,61.2,Medium,45.47377817132886,21.3,314,On-Time,Delayed,On-Time,Delayed,Delayed
LA-3653,Gujarat,Rajkot,Power Project,161.84,132,Paid,No,Compensation,In Progress,66.2,Low,80.3352603349465,60.0,265,On-Time,Delayed,On-Time,Delayed,Delayed
LA-3654,Delhi,South Delhi,Industrial Corridor,58.9,79,Pending,Yes,Approval,Not Started,76.7,High,47.715315321172966,20.9,298,On-Time,Delayed,On-Time,On-Time,Delayed
LA-3655,Tamil Nadu,Madurai,Highway,95.14,211,Paid,No,Compensation,In Progress,52.8,Medium,68.77235051994175,11.6,194,On-Time,On-Time,On-Time,On-Time,On-Time
LA-3656,Gujarat,Rajkot,Power Project,41.8,97,Partially Paid,No,Approval,Pending,31.1,Low,69.75019489684975,13.0,211,On-Time,On-Time,On-Time,Delayed,Delayed
LA-3657,Tamil Nadu,Salem,Highway,42.84,112,Pending,Yes,Possession,Pending,49.0,High,68.97377505838791,14.6,217,On-Time,Delayed,On-Time,On-Time,Delayed
LA-3658,Bihar,Muzaffarpur,Railway,163.09,372,Pending,No,Compensation,In Progress,44.5,Low,45.68459279201884,31.9,285,On-Time,On-Time,Delayed,Delayed,On-Time
LA-3659,Uttar Pradesh,Prayagraj,Railway,145.59,135,Pending,No,Approval,Pending,80.6,High,62.08202878707177,2.1,131,On-Time,On-Time,On-Time,On-Time,On-Time
LA-3660,Karnataka,Hubballi,Highway,39.33,27,Partially Paid,No,Approval,Not Started,61.0,High,85.60382164006135,20.6,138,On-Time,On-Time,On-Time,On-Time,On-Time
LA-3661,Rajasthan,Jaipur,Irrigation,90.82,62,Partially Paid,No,Possession,In Progress,50.9,Medium,61.96974922037451,60.0,246,On-Time,Delayed,On-Time,On-Time,On-Time
LA-3662,Bihar,Gaya,Metro,22.15,79,Partially Paid,No,Approval,Not Started,64.8,High,47.73679485085805,20.7,180,On-Time,On-Time,On-Time,On-Time,On-Time
LA-3663,Uttar Pradesh,Agra,Railway,120.51,300,Paid,No,Compensation,Pending,37.4,Medium,58.3239335129681,1.2,194,On-Time,On-Time,On-Time,On-Time,On-Time
LA-3664,Karnataka,Hubballi,Irrigation,38.53,114,Paid,No,Compensation,Pending,73.3,Low,46.12555207484195,8.2,211,Delayed,Delayed,On-Time,On-Time,On-Time
LA-3665,Madhya Pradesh,Bhopal,Irrigation,91.0,85,Partially Paid,No,Approval,Pending,85.1,Low,32.27401654548287,11.8,261,On-Time,Delayed,Delayed,Delayed,On-Time
LA-3666,Maharashtra,Mumbai,Industrial Corridor,242.39,499,Paid,Yes,Approval,Pending,92.0,Medium,62.353386239705365,9.8,267,On-Time,On-Time,On-Time,On-Time,On-Time
LA-3667,Uttar Pradesh,Agra,Power Project,34.46,157,Pending,No,Compensation,Pending,74.5,Low,66.50015749012707,42.8,249,Delayed,Delayed,On-Time,On-Time,Delayed
LA-3668,Karnataka,Mangaluru,Airport,107.19,182,Paid,No,Approval,Pending,69.3,High,75.48327402176926,13.7,127,On-Time,On-Time,On-Time,On-Time,On-Time
LA-3669,Karnataka,Mangaluru,Railway,81.77,234,Paid,No,Approval,Pending,75.5,High,72.01047907227709,16.1,119,Delayed,On-Time,On-Time,On-Time,Delayed
LA-3670,Maharashtra,Mumbai,Highway,31.92,123,Paid,No,Notification,Not Started,64.2,Medium,74.21971123564548,14.5,144,Delayed,On-Time,On-Time,On-Time,On-Time
LA-3671,Madhya Pradesh,Bhopal,Metro,47.86,92,Pending,No,Approval,Not Started,44.8,Medium,64.38394205024487,18.2,185,Delayed,On-Time,Delayed,Delayed,On-Time
LA-3672,Gujarat,Surat,Airport,113.5,174,Pending,No,Approval,Not Started,56.8,Medium,95.0,23.4,105,On-Time,On-Time,On-Time,Delayed,On-Time
LA-3673,Karnataka,Bengaluru,Power Project,72.04,56,Paid,No,Possession,In Progress,62.2,Medium,52.377486926910336,12.5,204,On-Time,Delayed,On-Time,On-Time,Delayed
LA-3674,Uttar Pradesh,Prayagraj,Irrigation,204.27,321,Pending,No,Compensation,In Progress,81.1,High,60.24333078873424,30.2,208,On-Time,Delayed,On-Time,Delayed,Delayed
LA-3675,Bihar,Gaya,Power Project,117.19,177,Partially Paid,No,Possession,Completed,36.9,Medium,89.87954116424872,26.6,171,On-Time,On-Time,On-Time,On-Time,On-Time
LA-3676,Maharashtra,Nashik,Railway,36.72,65,Partially Paid,No,Notification,Not Started,60.6,Low,59.15133210380019,51.8,290,On-Time,On-Time,On-Time,Delayed,On-Time
LA-3677,Gujarat,Surat,Power Project,149.41,157,Pending,No,Notification,Not Started,49.9,Medium,63.34674084116593,34.8,219,On-Time,Delayed,Delayed,On-Time,Delayed
LA-3678,Delhi,South Delhi,Power Project,161.5,127,Paid,Yes,Possession,Pending,58.4,High,71.06276962877169,29.6,236,On-Time,On-Time,On-Time,On-Time,On-Time
LA-3679,Uttar Pradesh,Kanpur,Metro,102.11,163,Partially Paid,No,Compensation,In Progress,53.3,Medium,82.51191784567055,8.4,139,On-Time,On-Time,On-Time,On-Time,Delayed
LA-3680,Rajasthan,Jodhpur,Irrigation,123.84,240,Paid,No,Notification,Not Started,57.0,High,67.1300465785474,26.7,149,On-Time,On-Time,On-Time,On-Time,On-Time
LA-3681,Maharashtra,Nagpur,Metro,101.15,196,Paid,No,Approval,Pending,47.2,Low,51.74383987309502,20.4,236,On-Time,On-Time,On-Time,On-Time,On-Time
LA-3682,Bihar,Gaya,Metro,185.02,272,Paid,Yes,Compensation,In Progress,85.6,High,58.848847420761345,14.3,209,Delayed,On-Time,On-Time,Delayed,Delayed
LA-3683,Delhi,South Delhi,Highway,170.94,259,Paid,Yes,Possession,Pending,28.9,High,73.10009157353201,60.0,296,Delayed,On-Time,Delayed,Delayed,Delayed
LA-3684,Gujarat,Surat,Power Project,22.08,59,Partially Paid,Yes,Notification,Not Started,39.1,High,60.573349833898185,12.5,231,On-Time,Delayed,Delayed,Delayed,On-Time
LA-3685,Maharashtra,Nashik,Power Project,19.86,82,Paid,No,Compensation,In Progress,70.4,High,57.99048534677098,17.6,207,On-Time,On-Time,Delayed,On-Time,On-Time
LA-3686,Delhi,New Delhi,Power Project,73.01,184,Partially Paid,No,Compensation,In Progress,69.8,Medium,51.02000333704878,43.1,242,On-Time,On-Time,On-Time,On-Time,Delayed
LA-3687,Uttar Pradesh,Kanpur,Industrial Corridor,143.38,308,Partially Paid,No,Possession,In Progress,34.9,High,82.90223472894445,32.1,142,On-Time,On-Time,Delayed,Delayed,On-Time
LA-3688,Gujarat,Surat,Metro,180.66,276,Pending,No,Possession,In Progress,78.3,Low,63.176337233715174,59.6,296,On-Time,On-Time,Delayed,On-Time,Delayed
LA-3689,Rajasthan,Kota,Airport,64.5,101,Partially Paid,No,Approval,Pending,40.8,Medium,63.27144367099053,17.5,197,On-Time,On-Time,On-Time,Delayed,On-Time
LA-3690,Gujarat,Rajkot,Railway,71.6,123,Pending,Yes,Compensation,Pending,33.0,High,75.19834512059121,21.2,215,On-Time,On-Time,Delayed,Delayed,On-Time
LA-3691,Rajasthan,Kota,Irrigation,67.38,161,Paid,No,Possession,Completed,48.1,Medium,44.56459949171775,13.0,252,On-Time,On-Time,On-Time,On-Time,On-Time
LA-3692,Madhya Pradesh,Indore,Airport,79.24,181,Partially Paid,No,Compensation,Pending,59.7,Medium,65.62980687801627,30.5,188,On-Time,Delayed,Delayed,On-Time,On-Time
LA-3693,Delhi,South Delhi,Irrigation,94.11,174,Paid,Yes,Possession,Pending,14.4,Medium,87.57982589029227,13.7,222,On-Time,On-Time,On-Time,Delayed,On-Time
LA-3694,Rajasthan,Jodhpur,Highway,59.25,124,Partially Paid,No,Possession,In Progress,79.9,Medium,64.04249766910557,8.7,167,On-Time,On-Time,On-Time,On-Time,On-Time
LA-3695,West Bengal,Siliguri,Highway,67.22,42,Paid,No,Notification,Not Started,35.9,High,68.29273424244028,5.6,129,On-Time,On-Time,On-Time,On-Time,On-Time
LA-3696,Rajasthan,Udaipur,Irrigation,109.86,169,Partially Paid,No,Notification,Not Started,69.1,Medium,67.95756265976699,52.7,238,On-Time,On-Time,On-Time,On-Time,On-Time
LA-3697,Karnataka,Mangaluru,Power Project,28.72,93,Paid,No,Possession,Pending,87.3,High,80.92016557629248,27.6,137,Delayed,On-Time,On-Time,On-Time,On-Time
LA-3698,Maharashtra,Mumbai,Airport,257.38,423,Paid,Yes,Approval,Not Started,17.7,Medium,68.01837396531442,6.0,235,Delayed,Delayed,On-Time,On-Time,Delayed
LA-3699,Tamil Nadu,Salem,Power Project,140.82,174,Partially Paid,No,Notification,Not Started,82.8,Low,95.0,18.9,131,On-Time,On-Time,Delayed,On-Time,On-Time
LA-3700,Tamil Nadu,Madurai,Industrial Corridor,198.51,444,Pending,No,Approval,Not Started,58.1,High,68.46914503642314,32.2,187,Delayed,Delayed,On-Time,Delayed,Delayed
LA-3701,Rajasthan,Jaipur,Highway,40.67,117,Paid,No,Possession,In Progress,39.6,Medium,58.46370831158756,37.6,202,On-Time,On-Time,On-Time,Delayed,On-Time
LA-3702,West Bengal,Siliguri,Highway,52.84,80,Pending,No,Notification,Not Started,86.2,High,87.67920246304232,9.6,125,On-Time,On-Time,On-Time,On-Time,On-Time
LA-3703,Uttar Pradesh,Kanpur,Airport,7.59,14,Paid,No,Compensation,In Progress,77.7,High,61.839707934444256,16.6,159,On-Time,Delayed,On-Time,On-Time,On-Time
LA-3704,Delhi,South Delhi,Highway,87.0,106,Partially Paid,Yes,Notification,Not Started,91.7,Medium,56.005978266699834,29.8,314,On-Time,On-Time,On-Time,On-Time,On-Time
LA-3705,Tamil Nadu,Coimbatore,Industrial Corridor,88.89,158,Pending,Yes,Notification,Not Started,52.7,Medium,47.173591865617816,28.3,269,Delayed,Delayed,Delayed,Delayed,On-Time
LA-3706,Tamil Nadu,Chennai,Industrial Corridor,102.29,183,Paid,Yes,Approval,Not Started,76.4,High,72.18138658887216,17.6,216,Delayed,On-Time,On-Time,On-Time,On-Time
LA-3707,Uttar Pradesh,Kanpur,Industrial Corridor,18.45,79,Paid,Yes,Notification,Not Started,50.2,High,58.138095211516855,30.8,265,Delayed,Delayed,On-Time,On-Time,On-Time
LA-3708,Maharashtra,Nashik,Railway,82.1,150,Paid,No,Possession,In Progress,62.0,Low,53.33968438038553,43.0,262,Delayed,Delayed,On-Time,On-Time,On-Time
LA-3709,Delhi,South Delhi,Industrial Corridor,106.27,187,Paid,No,Possession,In Progress,73.0,High,56.512803175738085,34.1,214,On-Time,On-Time,On-Time,Delayed,On-Time
LA-3710,Maharashtra,Nagpur,Industrial Corridor,117.81,227,Pending,No,Possession,In Progress,87.7,High,59.55019311041576,25.6,168,On-Time,On-Time,Delayed,On-Time,On-Time
LA-3711,Tamil Nadu,Chennai,Railway,54.69,112,Partially Paid,No,Approval,Not Started,54.5,Low,77.49072082895489,9.8,164,Delayed,Delayed,Delayed,On-Time,On-Time
LA-3712,Rajasthan,Jaipur,Power Project,281.77,506,Pending,No,Compensation,Pending,77.6,Low,72.25303810903502,14.5,191,On-Time,On-Time,Delayed,On-Time,Delayed
LA-3713,Maharashtra,Nagpur,Metro,71.09,134,Paid,No,Notification,Not Started,24.1,High,62.83189669327411,21.4,184,On-Time,On-Time,On-Time,Delayed,On-Time
LA-3714,Gujarat,Rajkot,Highway,93.46,219,Partially Paid,Yes,Approval,Pending,53.9,Low,73.41258797132299,13.3,273,On-Time,Delayed,On-Time,On-Time,Delayed
LA-3715,Delhi,North Delhi,Industrial Corridor,65.09,143,Paid,No,Compensation,In Progress,12.7,High,63.40489072914738,21.1,172,On-Time,On-Time,On-Time,Delayed,Delayed
LA-3716,Maharashtra,Nashik,Highway,55.33,125,Pending,Yes,Compensation,Pending,62.1,High,68.0984991875742,29.6,257,Delayed,On-Time,Delayed,Delayed,Delayed
LA-3717,Madhya Pradesh,Jabalpur,Airport,131.3,158,Paid,Yes,Notification,Not Started,30.2,Low,54.99589648694763,34.3,333,Delayed,Delayed,On-Time,On-Time,On-Time
LA-3718,West Bengal,Siliguri,Highway,19.3,51,Pending,No,Approval,Not Started,50.5,Low,55.13444021048103,10.6,244,On-Time,Delayed,On-Time,On-Time,Delayed
LA-3719,Bihar,Muzaffarpur,Irrigation,136.67,236,Paid,No,Possession,In Progress,24.6,High,67.27021351269607,48.2,205,On-Time,Delayed,On-Time,Delayed,On-Time
LA-3720,Delhi,North Delhi,Power Project,91.91,216,Partially Paid,No,Approval,Not Started,84.9,High,67.30385384517133,16.7,165,On-Time,On-Time,Delayed,On-Time,On-Time
LA-3721,Bihar,Patna,Railway,73.96,186,Paid,No,Possession,Completed,89.4,High,80.16771240181862,5.8,94,On-Time,On-Time,On-Time,On-Time,On-Time
LA-3722,Tamil Nadu,Madurai,Highway,30.41,85,Pending,Yes,Possession,In Progress,60.4,High,72.48986921341215,9.4,206,On-Time,On-Time,Delayed,Delayed,On-Time
LA-3723,Tamil Nadu,Chennai,Highway,86.63,229,Partially Paid,No,Compensation,In Progress,88.0,Medium,57.62079982370298,14.1,213,On-Time,Delayed,Delayed,On-Time,On-Time
LA-3724,Rajasthan,Jaipur,Highway,130.35,255,Partially Paid,Yes,Approval,Not Started,36.4,Medium,45.798906389797125,46.4,365,Delayed,On-Time,On-Time,On-Time,Delayed
LA-3725,Gujarat,Vadodara,Metro,94.62,96,Partially Paid,Yes,Possession,Completed,76.3,Medium,78.23886239118838,24.6,264,Delayed,On-Time,On-Time,On-Time,On-Time
LA-3726,Maharashtra,Nagpur,Metro,80.23,223,Paid,No,Notification,Not Started,35.7,Medium,69.97506651287894,52.9,249,On-Time,On-Time,On-Time,On-Time,On-Time
LA-3727,Delhi,North Delhi,Airport,70.2,123,Paid,No,Approval,Not Started,64.1,Low,79.53834198789238,20.8,164,On-Time,Delayed,On-Time,On-Time,On-Time
LA-3728,Uttar Pradesh,Agra,Railway,60.15,129,Pending,No,Possession,In Progress,48.6,High,71.88144193961261,16.0,135,On-Time,On-Time,On-Time,Delayed,On-Time
LA-3729,Maharashtra,Nashik,Highway,32.48,60,Paid,No,Approval,Not Started,7.5,Medium,92.07443784622032,49.1,191,On-Time,On-Time,On-Time,On-Time,On-Time
LA-3730,Rajasthan,Jaipur,Highway,128.66,326,Pending,No,Approval,Pending,78.1,Low,61.754302427326486,20.3,202,On-Time,On-Time,Delayed,On-Time,Delayed
LA-3731,Karnataka,Mysuru,Highway,99.23,59,Partially Paid,No,Compensation,Pending,68.2,High,65.62112401209964,32.7,186,Delayed,On-Time,On-Time,On-Time,Delayed
LA-3732,Rajasthan,Udaipur,Highway,134.17,227,Paid,No,Compensation,Pending,29.6,Low,76.85706097752386,17.1,185,On-Time,Delayed,On-Time,On-Time,On-Time
LA-3733,Delhi,North Delhi,Metro,59.33,105,Partially Paid,No,Notification,Not Started,62.5,Medium,77.94523704856805,22.7,163,On-Time,On-Time,On-Time,On-Time,On-Time
LA-3734,West Bengal,Durgapur,Power Project,74.15,74,Partially Paid,No,Approval,Pending,52.2,High,69.90643933088899,24.5,158,On-Time,On-Time,Delayed,On-Time,On-Time
LA-3735,West Bengal,Howrah,Power Project,30.85,135,Partially Paid,No,Approval,Not Started,66.7,High,41.133585498217705,16.8,210,On-Time,On-Time,On-Time,On-Time,On-Time
LA-3736,Tamil Nadu,Chennai,Airport,20.4,5,Pending,No,Approval,Not Started,81.5,Medium,38.48051591281973,32.5,276,On-Time,Delayed,On-Time,On-Time,On-Time
LA-3737,West Bengal,Howrah,Irrigation,89.87,183,Paid,No,Possession,In Progress,36.2,Medium,59.210759601550826,39.5,209,Delayed,On-Time,Delayed,On-Time,On-Time
LA-3738,Rajasthan,Jaipur,Industrial Corridor,10.33,68,Pending,No,Compensation,In Progress,77.4,Medium,65.32722575834005,41.2,240,On-Time,Delayed,Delayed,Delayed,Delayed
LA-3739,West Bengal,Durgapur,Railway,106.82,184,Paid,No,Compensation,Pending,86.6,High,36.98022467419263,16.5,223,Delayed,Delayed,On-Time,On-Time,On-Time
LA-3740,Delhi,New Delhi,Power Project,53.19,137,Pending,No,Notification,Not Started,39.2,Medium,64.55286181600357,16.3,180,On-Time,On-Time,On-Time,On-Time,Delayed
LA-3741,Gujarat,Surat,Irrigation,313.33,408,Paid,No,Notification,Not Started,50.4,High,74.76780678354086,54.9,212,On-Time,On-Time,On-Time,Delayed,Delayed
LA-3742,Uttar Pradesh,Kanpur,Highway,85.55,166,Paid,No,Approval,Not Started,70.3,High,64.11200417518145,19.4,128,Delayed,On-Time,On-Time,On-Time,On-Time
LA-3743,Uttar Pradesh,Agra,Power Project,124.53,329,Partially Paid,Yes,Approval,Pending,70.5,High,69.42689829297936,11.3,216,Delayed,On-Time,On-Time,Delayed,On-Time
LA-3744,Uttar Pradesh,Kanpur,Airport,49.57,84,Paid,No,Notification,Not Started,43.6,Medium,73.81726346686563,3.9,137,On-Time,On-Time,On-Time,On-Time,Delayed
LA-3745,Madhya Pradesh,Indore,Industrial Corridor,176.69,392,Pending,No,Approval,Not Started,89.8,High,40.98097810271652,14.9,179,On-Time,Delayed,On-Time,On-Time,On-Time
LA-3746,Tamil Nadu,Coimbatore,Power Project,185.88,176,Paid,Yes,Notification,Not Started,98.5,High,74.78872731333897,23.5,191,Delayed,Delayed,On-Time,On-Time,On-Time
LA-3747,Madhya Pradesh,Jabalpur,Airport,158.38,335,Paid,No,Possession,In Progress,56.1,High,53.99699383029696,6.3,174,On-Time,Delayed,On-Time,On-Time,On-Time
LA-3748,Uttar Pradesh,Kanpur,Metro,276.69,266,Paid,No,Possession,Completed,24.1,High,61.428406362640025,37.1,203,On-Time,On-Time,On-Time,On-Time,On-Time
LA-3749,Tamil Nadu,Madurai,Industrial Corridor,34.42,118,Paid,Yes,Compensation,In Progress,50.6,High,55.08362225756221,45.2,317,Delayed,Delayed,Delayed,On-Time,On-Time
LA-3750,Madhya Pradesh,Indore,Airport,130.89,108,Partially Paid,Yes,Notification,Not Started,66.6,Medium,81.10829624222104,19.8,246,On-Time,Delayed,On-Time,On-Time,On-Time
LA-3751,Gujarat,Ahmedabad,Irrigation,45.63,31,Partially Paid,No,Possession,In Progress,64.2,Medium,47.413706559921366,24.8,226,Delayed,On-Time,On-Time,On-Time,On-Time
LA-3752,Karnataka,Mysuru,Power Project,35.75,130,Paid,No,Possession,In Progress,88.0,Medium,85.72017902316811,9.3,187,On-Time,On-Time,On-Time,On-Time,On-Time
LA-3753,Maharashtra,Nagpur,Metro,82.16,130,Paid,Yes,Approval,Not Started,38.3,Medium,95.0,5.5,204,On-Time,On-Time,On-Time,On-Time,On-Time
LA-3754,Maharashtra,Pune,Irrigation,99.74,241,Paid,No,Compensation,In Progress,46.5,High,41.73319889186605,37.0,209,On-Time,On-Time,On-Time,On-Time,Delayed
LA-3755,Bihar,Bhagalpur,Airport,77.96,157,Paid,No,Possession,Pending,69.3,Low,56.20919953256005,7.3,216,Delayed,Delayed,On-Time,On-Time,On-Time
LA-3756,Maharashtra,Aurangabad,Airport,27.53,73,Partially Paid,No,Compensation,Pending,94.0,High,74.186715878249,13.5,136,On-Time,On-Time,On-Time,On-Time,On-Time
LA-3757,Rajasthan,Jodhpur,Irrigation,88.22,188,Pending,No,Approval,Pending,60.5,Medium,50.09825236950938,10.8,201,On-Time,On-Time,Delayed,Delayed,Delayed
LA-3758,Bihar,Bhagalpur,Power Project,83.05,134,Pending,Yes,Compensation,Pending,88.7,Low,60.92187752135819,20.7,345,On-Time,Delayed,Delayed,Delayed,Delayed
LA-3759,Karnataka,Hubballi,Industrial Corridor,36.98,125,Pending,No,Compensation,In Progress,87.2,Medium,67.63815892878702,28.3,191,On-Time,On-Time,On-Time,Delayed,On-Time
LA-3760,Delhi,North Delhi,Metro,208.94,317,Pending,No,Approval,Not Started,89.7,High,54.30768477733648,20.4,174,On-Time,Delayed,On-Time,On-Time,On-Time
LA-3761,Uttar Pradesh,Kanpur,Highway,260.81,469,Paid,No,Possession,In Progress,63.5,High,66.22974708105784,36.3,197,Delayed,On-Time,On-Time,On-Time,On-Time
LA-3762,Delhi,South Delhi,Railway,92.32,133,Paid,No,Compensation,Pending,56.8,High,79.23104411641597,9.1,118,On-Time,On-Time,On-Time,On-Time,On-Time
LA-3763,Madhya Pradesh,Jabalpur,Industrial Corridor,158.79,153,Pending,Yes,Approval,Not Started,29.4,Medium,63.825273345557484,30.1,278,Delayed,Delayed,On-Time,Delayed,Delayed
LA-3764,Gujarat,Rajkot,Metro,5.54,5,Partially Paid,Yes,Compensation,In Progress,56.9,Medium,49.42018379707882,7.3,320,Delayed,Delayed,On-Time,On-Time,Delayed
LA-3765,Uttar Pradesh,Kanpur,Irrigation,83.76,135,Paid,Yes,Compensation,In Progress,42.2,Medium,82.47329942808565,9.3,245,Delayed,On-Time,On-Time,On-Time,On-Time
LA-3766,West Bengal,Durgapur,Airport,170.68,278,Partially Paid,Yes,Notification,Not Started,31.2,High,85.83552013322297,25.7,174,On-Time,On-Time,Delayed,Delayed,On-Time
LA-3767,Rajasthan,Jaipur,Irrigation,85.18,143,Pending,No,Approval,Not Started,73.6,Low,70.52869548180348,40.4,277,On-Time,Delayed,Delayed,Delayed,On-Time
LA-3768,Maharashtra,Aurangabad,Metro,77.46,181,Pending,No,Possession,In Progress,40.5,Medium,50.27311474590695,60.0,276,On-Time,Delayed,Delayed,Delayed,Delayed
LA-3769,Rajasthan,Jaipur,Irrigation,132.48,146,Paid,Yes,Compensation,In Progress,37.2,High,51.83409104469801,60.0,344,On-Time,On-Time,Delayed,On-Time,On-Time
LA-3770,Karnataka,Bengaluru,Irrigation,315.76,432,Pending,Yes,Approval,Not Started,40.2,High,29.47348346431953,43.0,365,Delayed,Delayed,On-Time,Delayed,Delayed
LA-3771,Delhi,South Delhi,Railway,106.34,157,Pending,Yes,Notification,Not Started,54.1,Medium,56.11808787137971,36.0,323,Delayed,On-Time,Delayed,On-Time,Delayed
LA-3772,Maharashtra,Nashik,Power Project,93.0,121,Paid,No,Compensation,In Progress,31.4,Medium,80.98369166728351,22.4,207,On-Time,On-Time,On-Time,On-Time,On-Time
LA-3773,Tamil Nadu,Madurai,Railway,195.39,274,Pending,No,Compensation,In Progress,85.7,High,54.74047523830919,28.4,210,On-Time,Delayed,On-Time,On-Time,Delayed
LA-3774,Rajasthan,Kota,Highway,115.57,129,Pending,No,Approval,Not Started,65.4,High,50.661010686423346,22.8,205,On-Time,On-Time,On-Time,Delayed,On-Time
LA-3775,Rajasthan,Kota,Highway,240.99,492,Paid,No,Compensation,In Progress,71.9,Medium,80.3432662485348,49.2,223,Delayed,Delayed,Delayed,Delayed,On-Time
LA-3776,Gujarat,Surat,Railway,36.35,27,Partially Paid,No,Notification,Not Started,59.4,High,82.26919532941254,31.3,118,On-Time,On-Time,On-Time,On-Time,On-Time
LA-3777,Delhi,New Delhi,Industrial Corridor,36.78,82,Paid,Yes,Notification,Not Started,60.5,High,56.95803253990517,16.0,241,On-Time,On-Time,Delayed,On-Time,On-Time
LA-3778,Uttar Pradesh,Kanpur,Industrial Corridor,43.11,38,Partially Paid,No,Compensation,Pending,16.5,Low,72.64173451116051,9.3,167,On-Time,On-Time,On-Time,Delayed,Delayed
LA-3779,Gujarat,Ahmedabad,Irrigation,151.5,263,Pending,No,Notification,Not Started,54.7,Medium,51.983719029688565,9.1,196,Delayed,Delayed,On-Time,Delayed,On-Time
LA-3780,Uttar Pradesh,Kanpur,Irrigation,106.75,134,Paid,No,Possession,In Progress,40.5,Medium,59.86051785484715,9.3,193,On-Time,On-Time,Delayed,On-Time,On-Time
LA-3781,Delhi,North Delhi,Airport,69.44,143,Paid,No,Notification,Not Started,96.5,Medium,37.69834538281013,10.1,227,On-Time,On-Time,On-Time,On-Time,On-Time
LA-3782,Bihar,Muzaffarpur,Highway,107.28,308,Pending,No,Compensation,Pending,29.0,Medium,70.40153219109159,5.6,155,Delayed,On-Time,On-Time,Delayed,On-Time
LA-3783,West Bengal,Siliguri,Airport,166.55,295,Pending,No,Approval,Pending,59.7,Medium,63.45629705355122,15.5,159,On-Time,On-Time,On-Time,Delayed,On-Time
LA-3784,Tamil Nadu,Madurai,Highway,66.71,75,Paid,Yes,Approval,Pending,44.5,Low,54.921090131126704,23.6,310,Delayed,Delayed,On-Time,Delayed,Delayed
LA-3785,Bihar,Patna,Railway,139.61,256,Pending,No,Possession,In Progress,81.8,High,63.619549496159856,14.1,187,On-Time,On-Time,On-Time,On-Time,On-Time
LA-3786,Maharashtra,Nagpur,Industrial Corridor,60.68,97,Paid,Yes,Compensation,Pending,97.9,High,61.77423563881034,30.9,247,Delayed,Delayed,On-Time,On-Time,On-Time
LA-3787,West Bengal,Durgapur,Irrigation,21.47,22,Paid,Yes,Compensation,Pending,64.4,High,52.59130911811904,40.7,284,On-Time,Delayed,On-Time,On-Time,On-Time
LA-3788,Uttar Pradesh,Agra,Industrial Corridor,85.24,122,Pending,No,Compensation,In Progress,84.1,Medium,70.97826155700427,34.1,204,Delayed,On-Time,On-Time,On-Time,On-Time
LA-3789,West Bengal,Kolkata,Railway,18.9,62,Pending,No,Compensation,In Progress,34.1,Medium,60.53076225700306,42.8,241,On-Time,On-Time,Delayed,On-Time,On-Time
LA-3790,West Bengal,Kolkata,Airport,65.94,128,Partially Paid,No,Possession,Pending,74.3,High,62.98579599633611,15.3,154,On-Time,Delayed,On-Time,On-Time,On-Time
LA-3791,Karnataka,Mysuru,Airport,93.67,190,Paid,Yes,Compensation,In Progress,59.5,High,43.09007951660068,7.9,233,Delayed,Delayed,On-Time,On-Time,Delayed
LA-3792,West Bengal,Durgapur,Metro,43.4,125,Paid,Yes,Compensation,In Progress,82.4,High,63.11573630860862,40.5,280,On-Time,Delayed,On-Time,Delayed,On-Time
LA-3793,Madhya Pradesh,Jabalpur,Irrigation,125.21,197,Pending,No,Possession,In Progress,73.4,High,62.310050496759956,14.7,196,Delayed,On-Time,On-Time,Delayed,On-Time
LA-3794,Maharashtra,Aurangabad,Irrigation,70.73,113,Paid,No,Possession,Completed,34.0,Low,52.61578879547892,41.5,314,On-Time,Delayed,On-Time,On-Time,On-Time
LA-3795,Gujarat,Ahmedabad,Irrigation,127.84,118,Paid,No,Approval,Not Started,27.6,Medium,72.9731561675644,23.8,165,Delayed,Delayed,On-Time,On-Time,Delayed
LA-3796,Madhya Pradesh,Gwalior,Highway,83.13,75,Pending,No,Compensation,In Progress,91.7,High,33.3828721755131,60.0,291,Delayed,Delayed,Delayed,On-Time,Delayed
LA-3797,Delhi,South Delhi,Airport,72.49,146,Partially Paid,No,Notification,Not Started,78.7,High,57.76702434291229,7.0,206,Delayed,On-Time,On-Time,On-Time,On-Time
LA-3798,Madhya Pradesh,Bhopal,Railway,43.68,144,Paid,Yes,Approval,Not Started,61.5,High,69.64931641020165,27.3,237,On-Time,On-Time,Delayed,On-Time,On-Time
LA-3799,West Bengal,Durgapur,Airport,86.16,127,Paid,Yes,Approval,Not Started,82.2,Medium,95.0,30.7,226,On-Time,On-Time,On-Time,On-Time,Delayed
LA-3800,Uttar Pradesh,Prayagraj,Industrial Corridor,94.19,126,Pending,Yes,Possession,In Progress,52.4,Medium,44.51490597502182,26.1,285,Delayed,Delayed,Delayed,On-Time,Delayed
LA-3801,Tamil Nadu,Salem,Highway,108.42,226,Pending,No,Compensation,Pending,45.0,Low,66.32941194152602,35.8,262,On-Time,On-Time,On-Time,On-Time,Delayed
LA-3802,Bihar,Bhagalpur,Irrigation,101.3,199,Paid,Yes,Compensation,In Progress,38.1,Medium,73.2185418950022,12.9,243,Delayed,Delayed,On-Time,Delayed,On-Time
LA-3803,West Bengal,Durgapur,Power Project,27.21,78,Partially Paid,No,Notification,Not Started,32.5,Medium,65.95021891467668,26.1,179,On-Time,On-Time,On-Time,On-Time,On-Time
LA-3804,West Bengal,Siliguri,Metro,161.88,174,Paid,No,Compensation,Pending,81.3,Low,46.51484611503843,60.0,331,Delayed,Delayed,On-Time,On-Time,Delayed
LA-3805,Rajasthan,Kota,Highway,111.11,181,Pending,Yes,Possession,In Progress,30.0,Medium,57.74491100219577,22.2,302,On-Time,On-Time,Delayed,Delayed,Delayed
LA-3806,West Bengal,Howrah,Industrial Corridor,87.79,198,Paid,No,Approval,Not Started,78.0,High,28.3752711876416,7.4,200,Delayed,Delayed,On-Time,On-Time,Delayed
LA-3807,Tamil Nadu,Madurai,Irrigation,107.64,207,Partially Paid,No,Notification,Not Started,87.4,Medium,65.0579890224815,19.4,156,On-Time,On-Time,On-Time,Delayed,On-Time
LA-3808,Uttar Pradesh,Varanasi,Industrial Corridor,121.8,177,Partially Paid,No,Approval,Pending,77.2,Medium,43.7616089440034,8.7,218,On-Time,On-Time,Delayed,On-Time,Delayed
LA-3809,Rajasthan,Jodhpur,Industrial Corridor,268.14,263,Partially Paid,No,Compensation,In Progress,61.6,Medium,71.8349141144117,22.9,195,On-Time,On-Time,On-Time,On-Time,On-Time
LA-3810,Karnataka,Hubballi,Irrigation,54.69,85,Pending,Yes,Compensation,In Progress,40.8,High,55.19866431877648,38.6,288,Delayed,On-Time,On-Time,Delayed,Delayed
LA-3811,Maharashtra,Aurangabad,Industrial Corridor,55.9,116,Paid,No,Compensation,Pending,52.1,High,53.78727764749863,30.6,221,On-Time,On-Time,On-Time,On-Time,On-Time
LA-3812,Madhya Pradesh,Bhopal,Railway,34.52,126,Pending,Yes,Compensation,Pending,54.7,High,67.49825386405112,27.2,207,On-Time,On-Time,Delayed,Delayed,Delayed
LA-3813,Karnataka,Hubballi,Metro,13.84,44,Paid,No,Approval,Not Started,11.2,High,68.90384845435477,56.8,187,On-Time,On-Time,On-Time,On-Time,On-Time
LA-3814,Uttar Pradesh,Lucknow,Power Project,113.06,150,Paid,No,Possession,Pending,62.3,Low,78.06926452828338,10.9,185,Delayed,On-Time,Delayed,Delayed,On-Time
LA-3815,Madhya Pradesh,Jabalpur,Industrial Corridor,275.07,342,Paid,No,Notification,Not Started,18.2,Medium,61.079571248103285,30.2,182,On-Time,On-Time,On-Time,On-Time,On-Time
LA-3816,Tamil Nadu,Salem,Industrial Corridor,68.35,132,Paid,Yes,Approval,Not Started,66.2,Medium,63.41327802682781,20.0,253,On-Time,On-Time,On-Time,On-Time,On-Time
LA-3817,Rajasthan,Udaipur,Airport,184.93,382,Paid,No,Compensation,Pending,64.7,Medium,44.20513878832388,60.0,281,Delayed,On-Time,On-Time,On-Time,On-Time
LA-3818,Delhi,South Delhi,Metro,69.18,77,Pending,No,Possession,In Progress,64.0,Medium,86.72599134877794,28.6,180,On-Time,On-Time,On-Time,On-Time,On-Time
LA-3819,Delhi,North Delhi,Highway,179.27,328,Partially Paid,No,Possession,Completed,49.8,Low,50.98339314469588,51.4,321,On-Time,On-Time,On-Time,On-Time,Delayed
LA-3820,Gujarat,Surat,Metro,107.04,221,Pending,Yes,Compensation,Pending,45.5,High,75.87252048004319,7.6,209,On-Time,Delayed,Delayed,On-Time,Delayed
LA-3821,West Bengal,Howrah,Metro,86.69,219,Partially Paid,No,Approval,Pending,59.8,Medium,75.98280938695734,33.5,226,On-Time,Delayed,On-Time,Delayed,Delayed
LA-3822,Uttar Pradesh,Agra,Irrigation,55.24,83,Paid,Yes,Notification,Not Started,51.7,High,70.99853982091965,18.2,248,On-Time,On-Time,On-Time,On-Time,Delayed
LA-3823,Madhya Pradesh,Gwalior,Irrigation,89.82,114,Paid,Yes,Approval,Not Started,54.9,Low,61.4391443911027,23.0,322,On-Time,Delayed,Delayed,On-Time,On-Time
LA-3824,Uttar Pradesh,Kanpur,Irrigation,149.49,329,Pending,No,Possession,In Progress,59.0,Low,59.558963477166074,16.0,240,Delayed,On-Time,Delayed,On-Time,Delayed
LA-3825,Maharashtra,Pune,Power Project,49.75,159,Paid,No,Possession,In Progress,89.3,Low,64.03885523989976,13.2,200,On-Time,On-Time,On-Time,Delayed,On-Time
LA-3826,Bihar,Bhagalpur,Metro,80.18,138,Paid,No,Possession,Completed,52.5,High,36.441672022220224,19.5,188,On-Time,On-Time,On-Time,On-Time,On-Time
LA-3827,Karnataka,Hubballi,Power Project,97.98,66,Paid,No,Notification,Not Started,77.4,High,64.60851445548012,13.2,136,Delayed,On-Time,On-Time,On-Time,On-Time
LA-3828,Uttar Pradesh,Kanpur,Industrial Corridor,146.2,190,Paid,No,Compensation,Pending,88.7,High,87.28626409494561,27.1,143,On-Time,On-Time,On-Time,On-Time,Delayed
LA-3829,Gujarat,Surat,Irrigation,91.68,110,Partially Paid,Yes,Compensation,Pending,59.4,Medium,61.61222766691646,30.8,282,Delayed,Delayed,On-Time,Delayed,Delayed
LA-3830,Delhi,South Delhi,Industrial Corridor,69.68,201,Paid,Yes,Compensation,Pending,75.7,Medium,64.50889749845676,21.3,280,Delayed,On-Time,On-Time,On-Time,On-Time
LA-3831,Rajasthan,Jaipur,Irrigation,102.51,171,Partially Paid,Yes,Compensation,In Progress,37.7,High,49.63823690344064,4.9,207,On-Time,On-Time,Delayed,On-Time,Delayed
LA-3832,Karnataka,Bengaluru,Railway,176.51,242,Paid,Yes,Possession,Completed,28.5,Medium,67.78530963263411,38.0,297,Delayed,On-Time,Delayed,On-Time,Delayed
LA-3833,Uttar Pradesh,Agra,Power Project,115.22,152,Pending,No,Approval,Pending,51.3,High,53.330462545705046,43.8,202,Delayed,On-Time,On-Time,On-Time,On-Time
LA-3834,Maharashtra,Aurangabad,Power Project,81.69,72,Pending,No,Notification,Not Started,46.9,Low,77.74784752606736,19.6,179,On-Time,On-Time,On-Time,On-Time,On-Time
LA-3835,Gujarat,Rajkot,Highway,88.64,188,Partially Paid,No,Approval,Pending,63.0,High,82.11992394345336,59.2,218,On-Time,On-Time,On-Time,On-Time,Delayed
LA-3836,Bihar,Bhagalpur,Airport,36.27,99,Paid,No,Notification,Not Started,73.1,High,85.39394938225482,11.4,149,Delayed,On-Time,On-Time,On-Time,On-Time
LA-3837,West Bengal,Howrah,Metro,138.25,217,Paid,Yes,Approval,Not Started,62.0,Medium,43.346857437536684,29.2,301,Delayed,On-Time,Delayed,On-Time,On-Time
LA-3838,Delhi,New Delhi,Highway,27.93,59,Pending,Yes,Notification,Not Started,88.3,Medium,75.84065748478086,21.4,241,Delayed,Delayed,On-Time,Delayed,Delayed
LA-3839,Tamil Nadu,Chennai,Power Project,61.52,171,Paid,No,Approval,Pending,41.0,High,74.7048491733095,52.2,186,On-Time,On-Time,On-Time,On-Time,On-Time
LA-3840,Gujarat,Ahmedabad,Highway,74.81,154,Paid,No,Compensation,In Progress,57.7,Low,58.77394087568385,22.4,251,On-Time,On-Time,Delayed,On-Time,On-Time
LA-3841,Gujarat,Surat,Railway,61.42,205,Pending,No,Possession,Pending,53.5,Medium,82.89016291612239,6.4,124,On-Time,On-Time,On-Time,On-Time,Delayed
LA-3842,Tamil Nadu,Coimbatore,Airport,37.76,77,Pending,Yes,Possession,Completed,67.0,Low,71.21668175498279,7.1,247,On-Time,On-Time,Delayed,Delayed,Delayed
LA-3843,Bihar,Muzaffarpur,Power Project,50.63,60,Pending,Yes,Approval,Not Started,27.9,Low,85.5967376279973,6.4,239,On-Time,On-Time,Delayed,Delayed,On-Time
LA-3844,West Bengal,Siliguri,Power Project,26.43,81,Pending,Yes,Notification,Not Started,89.6,Medium,45.98569715446186,33.8,325,On-Time,On-Time,Delayed,Delayed,Delayed
LA-3845,Madhya Pradesh,Indore,Metro,222.06,219,Pending,No,Notification,Not Started,20.9,Low,54.2891701503908,35.9,283,Delayed,On-Time,Delayed,Delayed,On-Time
LA-3846,Gujarat,Ahmedabad,Irrigation,56.38,92,Partially Paid,Yes,Possession,Pending,77.3,Low,66.40585319490107,11.3,265,On-Time,On-Time,On-Time,Delayed,Delayed
LA-3847,Tamil Nadu,Chennai,Airport,52.2,72,Paid,No,Compensation,Pending,54.3,Low,82.58885799645972,14.2,172,On-Time,On-Time,Delayed,On-Time,Delayed
LA-3848,Maharashtra,Pune,Railway,274.22,455,Pending,No,Notification,Not Started,73.4,Low,71.82199183510706,45.3,260,On-Time,On-Time,Delayed,Delayed,Delayed
LA-3849,Madhya Pradesh,Indore,Industrial Corridor,20.45,135,Pending,No,Possession,In Progress,37.7,Low,50.77493027738748,36.2,272,On-Time,On-Time,On-Time,Delayed,Delayed
LA-3850,Gujarat,Surat,Highway,124.09,156,Paid,Yes,Approval,Not Started,77.3,Medium,91.64513467813623,12.6,167,On-Time,On-Time,Delayed,Delayed,Delayed
LA-3851,Karnataka,Hubballi,Metro,87.28,196,Paid,No,Possession,In Progress,50.2,High,60.57939232829523,47.2,242,On-Time,On-Time,On-Time,On-Time,On-Time
LA-3852,Maharashtra,Aurangabad,Power Project,38.27,127,Paid,Yes,Approval,Pending,46.6,Low,51.254982406114486,25.0,328,Delayed,On-Time,Delayed,Delayed,Delayed
LA-3853,Uttar Pradesh,Prayagraj,Industrial Corridor,91.85,267,Pending,No,Approval,Pending,93.1,Medium,53.37353909306926,33.9,233,On-Time,On-Time,Delayed,On-Time,On-Time
LA-3854,Bihar,Patna,Railway,245.08,373,Partially Paid,Yes,Compensation,In Progress,96.2,High,45.01639181832767,16.4,320,Delayed,On-Time,Delayed,On-Time,Delayed
LA-3855,Uttar Pradesh,Kanpur,Airport,123.4,210,Paid,Yes,Possession,In Progress,82.7,High,31.29045335563638,25.0,352,On-Time,Delayed,On-Time,On-Time,On-Time
LA-3856,Rajasthan,Jodhpur,Highway,112.74,227,Paid,No,Possession,Completed,31.1,Medium,63.25109866841409,7.5,194,On-Time,Delayed,On-Time,Delayed,On-Time
LA-3857,Uttar Pradesh,Agra,Metro,30.27,87,Pending,No,Compensation,In Progress,57.9,Medium,41.680947684567194,14.6,207,On-Time,On-Time,Delayed,On-Time,Delayed
LA-3858,Delhi,New Delhi,Power Project,43.93,98,Partially Paid,No,Approval,Not Started,75.6,High,69.70501546397124,8.7,161,Delayed,On-Time,On-Time,On-Time,Delayed
LA-3859,Delhi,New Delhi,Power Project,22.08,53,Paid,No,Approval,Not Started,77.7,High,79.76423975364813,20.9,96,Delayed,On-Time,On-Time,On-Time,Delayed
LA-3860,Uttar Pradesh,Lucknow,Industrial Corridor,89.39,90,Paid,Yes,Possession,In Progress,59.9,Medium,70.64930070269544,17.2,252,On-Time,On-Time,Delayed,On-Time,On-Time
LA-3861,Bihar,Bhagalpur,Industrial Corridor,86.72,205,Paid,Yes,Compensation,Pending,25.2,High,65.65981537450921,9.8,209,Delayed,On-Time,On-Time,On-Time,On-Time
LA-3862,Maharashtra,Aurangabad,Highway,44.16,54,Paid,No,Possession,In Progress,10.3,Medium,41.887163165762445,16.4,217,On-Time,On-Time,On-Time,On-Time,On-Time
LA-3863,West Bengal,Siliguri,Airport,149.95,301,Partially Paid,Yes,Approval,Not Started,55.8,Medium,77.69074022700774,14.1,235,Delayed,On-Time,On-Time,On-Time,Delayed
LA-3864,Madhya Pradesh,Bhopal,Railway,28.4,100,Partially Paid,No,Compensation,Pending,59.3,Medium,94.19845880764493,39.3,173,Delayed,On-Time,On-Time,Delayed,On-Time
LA-3865,Gujarat,Ahmedabad,Irrigation,47.12,123,Paid,No,Approval,Not Started,68.9,High,86.1240361216201,7.5,115,On-Time,On-Time,On-Time,On-Time,On-Time
LA-3866,Madhya Pradesh,Bhopal,Airport,91.5,140,Partially Paid,No,Compensation,In Progress,45.9,High,45.0419706102325,24.6,205,On-Time,Delayed,On-Time,Delayed,On-Time
LA-3867,Rajasthan,Jodhpur,Airport,31.86,56,Paid,Yes,Possession,Completed,85.0,Medium,63.83048912049803,17.8,260,On-Time,On-Time,On-Time,On-Time,Delayed
LA-3868,Tamil Nadu,Madurai,Airport,67.16,174,Pending,No,Compensation,In Progress,55.4,Medium,60.759049778091466,29.3,230,On-Time,Delayed,Delayed,On-Time,On-Time
LA-3869,Maharashtra,Aurangabad,Irrigation,49.97,97,Paid,No,Compensation,In Progress,79.8,High,59.02945091396688,21.3,191,On-Time,On-Time,On-Time,On-Time,On-Time
LA-3870,Gujarat,Rajkot,Highway,101.14,182,Paid,No,Approval,Not Started,30.2,High,65.40617057373856,11.1,149,On-Time,On-Time,On-Time,On-Time,On-Time
LA-3871,Bihar,Gaya,Irrigation,26.11,13,Paid,Yes,Notification,Not Started,88.3,Low,95.0,46.3,257,Delayed,On-Time,On-Time,On-Time,On-Time
LA-3872,West Bengal,Howrah,Highway,11.24,70,Paid,No,Possession,In Progress,40.2,Low,66.61035976380855,37.8,210,On-Time,On-Time,On-Time,On-Time,On-Time
LA-3873,Bihar,Bhagalpur,Irrigation,30.69,61,Paid,No,Approval,Not Started,71.1,Medium,58.33485288019566,29.8,231,On-Time,On-Time,On-Time,On-Time,On-Time
LA-3874,Gujarat,Ahmedabad,Railway,151.49,242,Paid,No,Possession,Pending,70.1,High,69.46855049485903,35.5,194,Delayed,On-Time,On-Time,On-Time,On-Time
LA-3875,Tamil Nadu,Madurai,Airport,144.28,363,Partially Paid,No,Compensation,In Progress,45.9,High,45.30039382071992,15.3,188,On-Time,Delayed,On-Time,On-Time,Delayed
LA-3876,Rajasthan,Jaipur,Highway,39.92,29,Paid,No,Possession,In Progress,83.0,High,54.25886147011674,4.8,166,On-Time,On-Time,On-Time,On-Time,On-Time
LA-3877,Rajasthan,Udaipur,Irrigation,80.05,224,Paid,Yes,Possession,Completed,61.1,High,79.79348110289499,52.7,281,On-Time,Delayed,Delayed,On-Time,On-Time
LA-3878,Uttar Pradesh,Agra,Railway,85.13,172,Pending,Yes,Compensation,In Progress,82.7,Medium,67.82516489548811,10.3,285,Delayed,On-Time,Delayed,On-Time,On-Time
LA-3879,Madhya Pradesh,Gwalior,Irrigation,24.81,95,Paid,Yes,Possession,Pending,68.0,Medium,95.0,22.2,200,Delayed,Delayed,On-Time,Delayed,Delayed
LA-3880,Uttar Pradesh,Agra,Power Project,50.99,60,Pending,Yes,Notification,Not Started,62.3,High,69.0152066875897,26.1,234,On-Time,On-Time,On-Time,Delayed,Delayed
LA-3881,Maharashtra,Nashik,Railway,72.28,104,Paid,No,Compensation,In Progress,53.7,Low,46.31263155314137,23.7,272,On-Time,Delayed,On-Time,On-Time,Delayed
LA-3882,Bihar,Patna,Airport,8.87,33,Paid,No,Possession,In Progress,47.8,Medium,41.22410847598941,9.0,197,On-Time,On-Time,On-Time,On-Time,Delayed
LA-3883,Uttar Pradesh,Agra,Metro,91.2,100,Paid,No,Approval,Not Started,63.3,Medium,80.02468129490536,29.4,131,On-Time,On-Time,On-Time,On-Time,On-Time
LA-3884,Delhi,North Delhi,Airport,117.01,164,Paid,No,Compensation,In Progress,71.0,Low,49.37709998780085,26.0,234,Delayed,Delayed,On-Time,On-Time,On-Time
LA-3885,Delhi,North Delhi,Metro,98.13,140,Pending,No,Possession,Completed,80.4,Medium,48.03314769859253,9.4,203,On-Time,On-Time,On-Time,Delayed,On-Time
LA-3886,West Bengal,Kolkata,Railway,135.58,238,Paid,Yes,Possession,Completed,58.0,Low,57.275232134524416,4.3,272,On-Time,Delayed,On-Time,Delayed,On-Time
LA-3887,Rajasthan,Kota,Power Project,113.05,150,Partially Paid,No,Approval,Pending,64.5,High,79.94387107671102,24.5,121,On-Time,On-Time,On-Time,On-Time,On-Time
LA-3888,Gujarat,Ahmedabad,Power Project,149.24,219,Partially Paid,No,Compensation,Pending,57.7,High,59.484140891431025,40.8,203,On-Time,On-Time,On-Time,On-Time,Delayed
LA-3889,Tamil Nadu,Chennai,Highway,12.49,59,Paid,No,Approval,Not Started,75.3,Medium,52.37582633168053,13.7,206,On-Time,On-Time,On-Time,On-Time,On-Time
LA-3890,Bihar,Patna,Power Project,62.37,102,Partially Paid,No,Compensation,Pending,88.9,Medium,83.18910579937233,45.7,177,On-Time,On-Time,On-Time,On-Time,On-Time
LA-3891,Maharashtra,Nashik,Industrial Corridor,36.41,127,Paid,No,Compensation,Pending,19.9,High,80.62924840761794,8.9,80,On-Time,On-Time,On-Time,On-Time,Delayed
LA-3892,Karnataka,Mangaluru,Railway,12.9,25,Partially Paid,No,Compensation,In Progress,61.1,Medium,90.00599222536208,43.9,184,On-Time,On-Time,On-Time,On-Time,On-Time
LA-3893,Tamil Nadu,Salem,Highway,75.54,127,Pending,No,Approval,Not Started,84.4,High,85.2699582066148,20.8,142,On-Time,Delayed,Delayed,On-Time,On-Time
LA-3894,Karnataka,Hubballi,Power Project,154.56,124,Paid,Yes,Notification,Not Started,66.1,Medium,80.88374053842925,11.4,208,On-Time,On-Time,On-Time,Delayed,Delayed
LA-3895,Uttar Pradesh,Lucknow,Railway,52.72,122,Paid,Yes,Notification,Not Started,12.1,Medium,53.73137418848442,28.6,293,On-Time,On-Time,On-Time,On-Time,On-Time
LA-3896,Bihar,Patna,Airport,105.69,180,Paid,No,Notification,Not Started,82.4,Medium,74.8854293973887,36.6,211,On-Time,On-Time,On-Time,On-Time,Delayed
LA-3897,Rajasthan,Udaipur,Power Project,185.88,311,Paid,No,Compensation,In Progress,51.0,Medium,83.2195291109548,44.1,211,Delayed,On-Time,On-Time,On-Time,On-Time
LA-3898,Maharashtra,Mumbai,Irrigation,69.19,135,Paid,Yes,Possession,Completed,89.0,Low,92.8369736386198,28.6,243,Delayed,Delayed,On-Time,On-Time,On-Time
LA-3899,Gujarat,Ahmedabad,Metro,166.98,352,Pending,No,Notification,Not Started,45.7,High,67.56686937594691,11.1,139,On-Time,On-Time,On-Time,Delayed,Delayed
LA-3900,Delhi,North Delhi,Railway,156.44,114,Paid,No,Notification,Not Started,40.5,Low,57.62060606787736,10.3,250,On-Time,On-Time,On-Time,On-Time,Delayed
LA-3901,Uttar Pradesh,Lucknow,Highway,103.48,139,Paid,No,Compensation,In Progress,63.0,High,51.73802506893733,15.6,197,On-Time,On-Time,Delayed,On-Time,On-Time
LA-3902,Tamil Nadu,Coimbatore,Airport,29.51,98,Paid,No,Compensation,Pending,25.6,Medium,79.69145528524733,9.6,122,On-Time,Delayed,On-Time,On-Time,On-Time
LA-3903,Delhi,New Delhi,Industrial Corridor,12.21,41,Paid,No,Notification,Not Started,51.2,Medium,54.999038817097095,41.6,208,Delayed,On-Time,On-Time,On-Time,On-Time
LA-3904,Gujarat,Vadodara,Airport,47.63,70,Paid,No,Approval,Pending,43.1,Low,66.60865022594068,11.8,199,On-Time,On-Time,On-Time,Delayed,On-Time
LA-3905,Rajasthan,Udaipur,Power Project,59.49,43,Paid,Yes,Approval,Not Started,40.7,Medium,51.796015407844514,24.6,279,On-Time,Delayed,Delayed,On-Time,Delayed
LA-3906,Delhi,North Delhi,Metro,69.15,110,Paid,No,Approval,Not Started,54.2,Low,62.61617512065971,11.8,222,On-Time,On-Time,On-Time,On-Time,Delayed
LA-3907,West Bengal,Siliguri,Airport,125.54,262,Paid,Yes,Approval,Pending,51.4,High,71.58478654945425,24.7,243,On-Time,Delayed,On-Time,On-Time,On-Time
LA-3908,Uttar Pradesh,Agra,Industrial Corridor,45.96,32,Partially Paid,Yes,Approval,Not Started,71.7,Low,69.0387585996095,60.0,352,On-Time,Delayed,Delayed,Delayed,Delayed
LA-3909,Maharashtra,Aurangabad,Irrigation,127.78,140,Pending,No,Compensation,In Progress,52.1,High,76.0692336162767,8.5,104,On-Time,Delayed,On-Time,On-Time,Delayed
LA-3910,Maharashtra,Nagpur,Highway,230.95,298,Paid,No,Compensation,In Progress,36.5,High,44.388612543626195,42.2,209,On-Time,Delayed,On-Time,Delayed,On-Time
LA-3911,Maharashtra,Mumbai,Railway,73.56,95,Pending,No,Notification,Not Started,38.9,High,63.25184891060479,19.4,176,On-Time,On-Time,Delayed,Delayed,On-Time
LA-3912,Delhi,North Delhi,Metro,96.46,221,Paid,Yes,Compensation,In Progress,79.0,Medium,57.946993288876136,28.5,308,On-Time,Delayed,Delayed,On-Time,On-Time
LA-3913,Karnataka,Hubballi,Industrial Corridor,221.95,241,Pending,No,Compensation,In Progress,32.0,Medium,50.264720317258664,22.7,246,On-Time,Delayed,Delayed,Delayed,Delayed
LA-3914,West Bengal,Kolkata,Power Project,138.93,149,Paid,Yes,Possession,In Progress,83.2,High,53.75729342359852,10.7,238,On-Time,Delayed,On-Time,Delayed,Delayed
LA-3915,Uttar Pradesh,Lucknow,Power Project,47.2,88,Pending,Yes,Approval,Not Started,53.8,High,51.588772251262824,10.3,245,On-Time,Delayed,Delayed,Delayed,Delayed
LA-3916,Karnataka,Bengaluru,Power Project,242.69,405,Pending,No,Compensation,Pending,42.1,Medium,70.24896259976539,8.1,178,Delayed,Delayed,Delayed,Delayed,Delayed
LA-3917,Karnataka,Mangaluru,Metro,94.93,204,Pending,No,Compensation,Pending,51.2,Low,71.00208349569814,56.7,263,Delayed,On-Time,Delayed,On-Time,Delayed
LA-3918,Bihar,Bhagalpur,Airport,51.67,37,Pending,No,Approval,Not Started,53.9,Medium,78.13436329680744,10.0,137,On-Time,Delayed,Delayed,Delayed,Delayed
LA-3919,Gujarat,Rajkot,Metro,18.91,88,Partially Paid,No,Possession,Completed,90.5,Medium,69.9209430610397,26.4,173,On-Time,On-Time,On-Time,On-Time,Delayed
LA-3920,Maharashtra,Aurangabad,Power Project,46.42,108,Paid,No,Compensation,Pending,66.3,Medium,67.38205896955326,23.7,205,On-Time,Delayed,On-Time,On-Time,On-Time
LA-3921,Maharashtra,Pune,Irrigation,92.06,191,Partially Paid,No,Compensation,In Progress,62.6,Medium,66.18336706644713,60.0,242,On-Time,On-Time,Delayed,Delayed,Delayed
LA-3922,Karnataka,Hubballi,Industrial Corridor,36.49,94,Paid,Yes,Notification,Not Started,12.1,Low,75.13486806629935,60.0,324,Delayed,Delayed,On-Time,Delayed,On-Time
LA-3923,Tamil Nadu,Madurai,Railway,41.45,61,Paid,No,Approval,Pending,46.3,Medium,33.397164084516795,27.4,273,Delayed,On-Time,On-Time,On-Time,Delayed
LA-3924,Uttar Pradesh,Kanpur,Railway,191.91,365,Paid,No,Compensation,Pending,27.9,High,64.11303424460633,55.2,200,Delayed,On-Time,On-Time,Delayed,On-Time
LA-3925,Gujarat,Rajkot,Metro,96.02,235,Partially Paid,No,Approval,Not Started,51.9,Low,69.7580335573377,11.3,186,On-Time,Delayed,On-Time,On-Time,On-Time
LA-3926,Bihar,Patna,Power Project,22.17,20,Paid,No,Compensation,In Progress,44.1,Low,91.84446044959579,20.2,167,On-Time,On-Time,On-Time,Delayed,On-Time
LA-3927,Tamil Nadu,Salem,Highway,131.61,223,Partially Paid,No,Approval,Not Started,36.3,High,48.32636876582439,30.4,200,On-Time,On-Time,On-Time,On-Time,On-Time
LA-3928,West Bengal,Howrah,Irrigation,12.3,90,Partially Paid,Yes,Compensation,In Progress,85.2,Medium,47.797104920594236,60.0,365,Delayed,On-Time,Delayed,Delayed,Delayed
LA-3929,Tamil Nadu,Chennai,Metro,92.05,163,Paid,No,Compensation,Pending,78.7,Medium,30.935520813085468,16.1,263,On-Time,On-Time,On-Time,On-Time,On-Time
LA-3930,Gujarat,Vadodara,Power Project,84.09,181,Paid,No,Notification,Not Started,28.9,Medium,44.138290948500995,14.4,226,On-Time,On-Time,On-Time,On-Time,Delayed
LA-3931,Madhya Pradesh,Jabalpur,Airport,316.59,536,Pending,Yes,Compensation,In Progress,56.6,High,62.73043146164459,3.7,243,Delayed,Delayed,On-Time,On-Time,Delayed
LA-3932,Karnataka,Mangaluru,Railway,162.19,346,Pending,No,Approval,Not Started,67.0,Medium,54.1395034852132,29.0,227,On-Time,Delayed,Delayed,On-Time,Delayed
LA-3933,Delhi,North Delhi,Railway,80.79,174,Paid,No,Approval,Pending,25.3,High,53.8192762375871,42.8,238,On-Time,On-Time,Delayed,On-Time,On-Time
LA-3934,Rajasthan,Jodhpur,Irrigation,145.93,239,Paid,No,Notification,Not Started,93.9,High,65.34393458153848,10.3,125,On-Time,Delayed,On-Time,On-Time,Delayed
LA-3935,Karnataka,Mangaluru,Railway,13.55,37,Paid,No,Approval,Pending,12.0,Low,73.73459072754297,60.0,250,On-Time,On-Time,On-Time,Delayed,Delayed
LA-3936,Uttar Pradesh,Agra,Highway,83.4,107,Paid,No,Approval,Not Started,62.1,Medium,65.18757523015444,7.7,152,On-Time,On-Time,On-Time,On-Time,On-Time
LA-3937,Tamil Nadu,Madurai,Power Project,49.92,139,Paid,No,Possession,Pending,65.8,Low,65.40047613553786,19.7,229,On-Time,On-Time,On-Time,On-Time,On-Time
LA-3938,Madhya Pradesh,Indore,Power Project,90.51,156,Pending,No,Approval,Pending,33.2,Low,71.05413818943616,17.7,174,On-Time,Delayed,On-Time,Delayed,Delayed
LA-3939,West Bengal,Howrah,Irrigation,11.77,77,Pending,Yes,Notification,Not Started,66.5,Medium,37.50936372375334,6.9,307,Delayed,Delayed,Delayed,Delayed,Delayed
LA-3940,Delhi,New Delhi,Power Project,129.15,295,Pending,Yes,Notification,Not Started,33.5,Low,66.93491880852041,27.8,293,On-Time,Delayed,On-Time,On-Time,Delayed
LA-3941,Maharashtra,Aurangabad,Irrigation,113.49,135,Paid,Yes,Notification,Not Started,37.3,High,63.87601070565186,27.2,251,On-Time,On-Time,On-Time,Delayed,On-Time
LA-3942,Madhya Pradesh,Jabalpur,Power Project,165.71,189,Paid,No,Compensation,In Progress,51.0,Medium,64.89349816676398,6.2,169,On-Time,On-Time,Delayed,On-Time,On-Time
LA-3943,Maharashtra,Pune,Highway,59.31,163,Partially Paid,No,Notification,Not Started,57.6,Medium,56.23910404348264,30.6,235,On-Time,Delayed,On-Time,On-Time,On-Time
LA-3944,Karnataka,Mysuru,Industrial Corridor,132.49,202,Partially Paid,No,Compensation,In Progress,79.2,Medium,61.91790848550627,26.4,250,Delayed,Delayed,On-Time,Delayed,On-Time
LA-3945,Tamil Nadu,Chennai,Metro,255.94,490,Paid,Yes,Approval,Not Started,57.2,High,71.03969627714947,48.9,307,Delayed,Delayed,Delayed,On-Time,Delayed
LA-3946,Uttar Pradesh,Lucknow,Metro,66.42,80,Partially Paid,No,Possession,Pending,63.4,High,89.13571678253795,30.8,144,On-Time,On-Time,On-Time,On-Time,On-Time
LA-3947,Rajasthan,Jaipur,Power Project,25.43,118,Partially Paid,No,Approval,Not Started,45.9,High,39.6294376576958,60.0,264,On-Time,Delayed,On-Time,On-Time,Delayed
LA-3948,Rajasthan,Kota,Airport,127.05,188,Pending,Yes,Compensation,Pending,74.3,Medium,73.57675835373384,13.5,242,Delayed,On-Time,Delayed,Delayed,On-Time
LA-3949,Gujarat,Vadodara,Railway,62.02,135,Partially Paid,No,Compensation,In Progress,78.0,Low,83.26795272503334,12.1,164,On-Time,Delayed,On-Time,On-Time,On-Time
LA-3950,West Bengal,Kolkata,Highway,34.93,104,Pending,No,Approval,Not Started,78.4,Low,45.94160739592486,3.6,219,On-Time,On-Time,Delayed,On-Time,On-Time
LA-3951,Tamil Nadu,Coimbatore,Airport,41.13,116,Paid,No,Possession,In Progress,48.7,High,62.30881175010609,12.0,114,On-Time,Delayed,On-Time,On-Time,On-Time
LA-3952,Karnataka,Bengaluru,Airport,22.05,106,Partially Paid,No,Compensation,Pending,46.2,High,69.13663280898183,20.5,148,Delayed,Delayed,On-Time,On-Time,On-Time
LA-3953,Karnataka,Hubballi,Power Project,35.06,18,Paid,No,Approval,Not Started,34.0,High,95.0,25.1,113,On-Time,On-Time,Delayed,On-Time,On-Time
LA-3954,Rajasthan,Jodhpur,Highway,107.76,140,Paid,No,Compensation,In Progress,55.3,High,95.0,11.9,100,On-Time,On-Time,On-Time,On-Time,On-Time
LA-3955,West Bengal,Durgapur,Metro,110.55,208,Paid,Yes,Possession,In Progress,57.1,Low,45.93945080531632,26.7,345,Delayed,Delayed,On-Time,On-Time,Delayed
LA-3956,Karnataka,Mysuru,Railway,44.56,76,Paid,No,Compensation,In Progress,36.1,Low,60.46651442274975,14.3,207,On-Time,On-Time,On-Time,Delayed,On-Time
LA-3957,Karnataka,Hubballi,Metro,306.51,568,Pending,No,Possession,In Progress,34.6,High,67.99236497936137,9.0,128,On-Time,On-Time,On-Time,Delayed,Delayed
LA-3958,Bihar,Gaya,Airport,89.2,156,Paid,No,Notification,Not Started,54.5,High,73.34681754135714,18.7,160,On-Time,Delayed,On-Time,On-Time,On-Time
LA-3959,Maharashtra,Pune,Railway,103.1,134,Pending,No,Compensation,Pending,63.2,High,68.01196870967838,25.2,128,On-Time,Delayed,Delayed,On-Time,On-Time
LA-3960,Tamil Nadu,Coimbatore,Industrial Corridor,118.6,213,Paid,No,Possession,Pending,72.1,High,50.7782904732471,20.6,179,Delayed,On-Time,On-Time,On-Time,On-Time
LA-3961,Uttar Pradesh,Agra,Airport,46.78,45,Paid,No,Approval,Not Started,60.4,Low,50.11534757546019,60.0,310,On-Time,On-Time,Delayed,On-Time,On-Time
LA-3962,Maharashtra,Nashik,Metro,151.27,144,Partially Paid,Yes,Possession,In Progress,84.4,Medium,41.881228639439826,7.8,285,On-Time,Delayed,Delayed,Delayed,On-Time
LA-3963,Maharashtra,Nagpur,Metro,19.43,79,Paid,No,Notification,Not Started,86.7,Medium,34.691082011902125,33.0,240,On-Time,On-Time,On-Time,On-Time,On-Time
LA-3964,West Bengal,Durgapur,Power Project,31.65,105,Partially Paid,No,Possession,In Progress,58.2,Medium,41.539220099291384,29.4,270,On-Time,Delayed,On-Time,On-Time,Delayed
LA-3965,Bihar,Bhagalpur,Metro,47.13,126,Paid,No,Approval,Pending,72.2,High,82.42282936278806,12.9,138,On-Time,On-Time,On-Time,On-Time,On-Time
LA-3966,Karnataka,Mysuru,Highway,96.51,146,Pending,No,Notification,Not Started,28.6,High,75.65417808764116,25.3,127,On-Time,On-Time,Delayed,Delayed,On-Time
LA-3967,Karnataka,Mysuru,Airport,27.07,103,Paid,Yes,Possession,Completed,58.9,High,73.29917240188155,24.1,160,Delayed,Delayed,On-Time,On-Time,On-Time
LA-3968,Madhya Pradesh,Gwalior,Irrigation,29.4,64,Partially Paid,No,Approval,Not Started,29.5,Medium,61.65927379465434,21.7,239,On-Time,Delayed,On-Time,Delayed,Delayed
LA-3969,West Bengal,Siliguri,Irrigation,205.96,334,Paid,No,Notification,Not Started,21.2,Low,64.3774010889486,44.4,250,On-Time,On-Time,On-Time,Delayed,On-Time
LA-3970,Rajasthan,Jodhpur,Railway,189.04,360,Partially Paid,No,Notification,Not Started,70.7,Medium,60.96953865450761,5.2,156,On-Time,On-Time,Delayed,On-Time,Delayed
LA-3971,Gujarat,Surat,Metro,26.05,95,Partially Paid,No,Compensation,In Progress,43.1,High,41.195971037822915,12.6,194,On-Time,On-Time,On-Time,On-Time,On-Time
LA-3972,Uttar Pradesh,Agra,Power Project,43.52,51,Paid,No,Possession,In Progress,88.5,Medium,74.71530077766205,28.1,189,On-Time,Delayed,On-Time,On-Time,On-Time
LA-3973,Tamil Nadu,Chennai,Power Project,79.33,144,Paid,No,Notification,Not Started,73.6,High,77.7901843449816,59.1,180,On-Time,Delayed,On-Time,On-Time,On-Time
LA-3974,Karnataka,Mangaluru,Metro,123.46,72,Partially Paid,No,Compensation,Pending,75.1,High,47.745043497924776,25.0,205,On-Time,Delayed,On-Time,On-Time,On-Time
LA-3975,Gujarat,Surat,Highway,58.43,122,Pending,No,Notification,Not Started,28.7,High,47.73128618603633,36.7,217,On-Time,On-Time,On-Time,On-Time,On-Time
LA-3976,Delhi,New Delhi,Power Project,53.02,121,Paid,No,Compensation,In Progress,79.7,Medium,70.27650802537778,47.2,206,On-Time,On-Time,On-Time,On-Time,On-Time
LA-3977,Bihar,Bhagalpur,Irrigation,174.13,330,Pending,No,Notification,Not Started,15.7,Low,70.14423146163334,25.4,185,Delayed,On-Time,Delayed,Delayed,On-Time
LA-3978,Delhi,North Delhi,Railway,46.93,102,Partially Paid,No,Approval,Not Started,97.2,Medium,75.99013858057228,11.2,181,On-Time,On-Time,On-Time,On-Time,On-Time
LA-3979,Karnataka,Hubballi,Airport,66.03,179,Partially Paid,Yes,Notification,Not Started,52.2,High,86.20359551637387,13.0,193,Delayed,On-Time,On-Time,On-Time,On-Time
LA-3980,West Bengal,Kolkata,Industrial Corridor,115.42,129,Pending,No,Compensation,Pending,59.5,High,49.13134079570818,22.5,180,On-Time,On-Time,On-Time,On-Time,Delayed
LA-3981,Gujarat,Ahmedabad,Highway,118.84,246,Partially Paid,No,Possession,In Progress,82.6,High,63.770080690425154,6.5,150,On-Time,On-Time,On-Time,Delayed,Delayed
LA-3982,Maharashtra,Pune,Power Project,110.61,179,Pending,No,Compensation,Pending,96.0,High,49.99220899477464,23.5,178,On-Time,On-Time,On-Time,On-Time,Delayed
LA-3983,Karnataka,Mysuru,Airport,106.17,211,Partially Paid,No,Notification,Not Started,60.0,High,51.07263108976199,15.5,180,On-Time,On-Time,On-Time,Delayed,On-Time
LA-3984,Tamil Nadu,Chennai,Industrial Corridor,96.89,101,Paid,Yes,Compensation,Pending,41.6,Medium,58.553053430020945,60.0,350,On-Time,Delayed,On-Time,Delayed,Delayed
LA-3985,Rajasthan,Kota,Metro,69.2,72,Partially Paid,Yes,Possession,Pending,31.5,High,86.60533917736053,28.2,213,On-Time,On-Time,On-Time,Delayed,Delayed
LA-3986,West Bengal,Durgapur,Metro,151.07,163,Pending,No,Notification,Not Started,74.5,Low,81.5722734943993,26.0,188,Delayed,On-Time,Delayed,On-Time,On-Time
LA-3987,Delhi,North Delhi,Railway,123.0,120,Pending,No,Notification,Not Started,85.2,Medium,63.87764830381755,24.0,215,On-Time,On-Time,On-Time,On-Time,On-Time
LA-3988,Rajasthan,Kota,Industrial Corridor,51.87,57,Paid,No,Notification,Not Started,44.1,High,32.65847362777481,11.6,212,On-Time,On-Time,On-Time,On-Time,On-Time
LA-3989,Karnataka,Mangaluru,Metro,67.15,115,Paid,No,Compensation,Pending,61.6,High,70.89167289098047,4.8,115,On-Time,On-Time,On-Time,On-Time,On-Time
LA-3990,Bihar,Muzaffarpur,Metro,29.14,107,Partially Paid,No,Compensation,Pending,42.2,Medium,70.54508231988113,11.7,200,Delayed,On-Time,Delayed,Delayed,On-Time
LA-3991,Uttar Pradesh,Varanasi,Irrigation,57.55,82,Partially Paid,Yes,Compensation,Pending,45.5,Medium,50.99609591079653,42.7,305,Delayed,On-Time,On-Time,Delayed,Delayed
LA-3992,Tamil Nadu,Salem,Power Project,32.59,35,Paid,Yes,Approval,Pending,79.4,High,77.46044591762214,16.8,213,Delayed,On-Time,Delayed,On-Time,On-Time
LA-3993,Madhya Pradesh,Gwalior,Railway,153.87,255,Paid,No,Approval,Not Started,44.6,Low,50.70764050824303,26.5,287,On-Time,Delayed,Delayed,On-Time,Delayed
LA-3994,Gujarat,Surat,Airport,348.29,633,Pending,No,Possession,In Progress,71.1,High,77.41608483172702,38.5,129,On-Time,Delayed,On-Time,On-Time,Delayed
LA-3995,Uttar Pradesh,Lucknow,Metro,30.29,69,Partially Paid,No,Approval,Not Started,61.1,Low,68.61598101852624,29.9,260,Delayed,On-Time,On-Time,On-Time,Delayed
LA-3996,Bihar,Gaya,Irrigation,72.45,121,Pending,No,Possession,Completed,79.6,High,43.10277618898907,43.5,273,Delayed,On-Time,On-Time,On-Time,On-Time
LA-3997,Uttar Pradesh,Lucknow,Highway,63.98,81,Pending,No,Compensation,Pending,92.1,Medium,59.57785202691934,10.8,178,On-Time,On-Time,Delayed,On-Time,On-Time
LA-3998,Maharashtra,Mumbai,Highway,10.42,19,Paid,Yes,Notification,Not Started,58.6,Medium,67.16977087310674,30.8,283,Delayed,On-Time,On-Time,On-Time,Delayed
LA-3999,Maharashtra,Nagpur,Airport,48.53,82,Pending,Yes,Compensation,Pending,88.4,Medium,69.50236964670572,7.3,222,Delayed,On-Time,Delayed,On-Time,Delayed
LA-4000,Bihar,Gaya,Industrial Corridor,249.51,286,Partially Paid,No,Possession,In Progress,74.8,High,80.4976571205347,15.4,106,On-Time,On-Time,Delayed,On-Time,Delayed
