project_id,state,district,project_type,land_area_hectares,affected_families,compensation_status,legal_dispute,approval_stage,rehabilitation_progress_pct,stakeholder_responsiveness,historical_dept_performance_score,months_since_initiation,notification_delay,approval_delay,compensation_delay,possession_delay,delay_label
LA-1001,Gujarat,Vadodara,Irrigation,46.44,5,Paid,No,Possession,88.9,Medium,80.89013815041125,21.3,Delayed,On-Time,On-Time,On-Time,On-Time
LA-1002,West Bengal,Kolkata,Highway,65.55,90,Paid,Yes,Possession,15.1,Low,61.43904309851535,11.0,Delayed,Delayed,On-Time,Delayed,Delayed
LA-1003,Karnataka,Bengaluru,Irrigation,38.55,75,Paid,Yes,Possession,94.1,High,71.90848817902315,25.0,On-Time,On-Time,On-Time,On-Time,On-Time
LA-1004,Madhya Pradesh,Jabalpur,Airport,50.03,120,Paid,No,Compensation,29.5,Medium,41.27385180748185,60.0,On-Time,Delayed,On-Time,On-Time,Delayed
LA-1005,Uttar Pradesh,Kanpur,Metro,127.39,294,Paid,No,Possession,30.7,Medium,95.0,12.9,On-Time,On-Time,Delayed,On-Time,On-Time
LA-1006,Uttar Pradesh,Agra,Power Project,125.63,210,Paid,No,Approval,60.8,High,61.58631020972235,11.7,On-Time,On-Time,On-Time,On-Time,On-Time
LA-1007,Delhi,South Delhi,Power Project,132.03,231,Paid,No,Notification,58.4,High,57.6772043289563,43.3,On-Time,On-Time,On-Time,On-Time,Delayed
LA-1008,Bihar,Muzaffarpur,Industrial Corridor,64.93,60,Paid,No,Compensation,21.0,Medium,61.01373138668234,9.3,Delayed,On-Time,On-Time,On-Time,On-Time
LA-1009,Madhya Pradesh,Gwalior,Power Project,92.77,130,Paid,No,Compensation,38.3,High,50.76823871634571,7.1,On-Time,On-Time,On-Time,On-Time,Delayed
LA-1010,Karnataka,Mysuru,Metro,86.52,177,Paid,No,Possession,48.6,High,47.4722517082207,10.6,On-Time,On-Time,Delayed,On-Time,On-Time
LA-1011,Delhi,New Delhi,Airport,206.45,170,Partially Paid,No,Notification,55.7,Medium,65.61566492155741,29.2,On-Time,On-Time,Delayed,On-Time,Delayed
LA-1012,West Bengal,Kolkata,Power Project,59.52,69,Partially Paid,No,Possession,77.0,Low,66.71173625200025,11.1,Delayed,Delayed,Delayed,Delayed,On-Time
LA-1013,Bihar,Bhagalpur,Industrial Corridor,54.15,89,Pending,No,Approval,75.5,Low,68.35813517703353,26.0,On-Time,On-Time,Delayed,On-Time,Delayed
LA-1014,Uttar Pradesh,Prayagraj,Metro,60.49,105,Paid,No,Compensation,74.8,High,64.49086635663637,31.8,On-Time,On-Time,On-Time,On-Time,Delayed
LA-1015,Uttar Pradesh,Kanpur,Highway,167.28,227,Paid,No,Notification,62.0,Medium,63.753679952757444,16.8,On-Time,On-Time,Delayed,On-Time,On-Time
LA-1016,Uttar Pradesh,Prayagraj,Railway,143.24,327,Paid,No,Compensation,60.9,High,46.95385983865308,16.1,On-Time,On-Time,On-Time,On-Time,On-Time
LA-1017,Maharashtra,Nagpur,Railway,30.44,85,Partially Paid,Yes,Compensation,72.3,High,57.689465829799396,20.3,On-Time,On-Time,On-Time,Delayed,On-Time
LA-1018,Rajasthan,Udaipur,Highway,29.04,119,Partially Paid,No,Approval,54.0,Medium,67.41911890704652,60.0,On-Time,On-Time,On-Time,On-Time,Delayed
LA-1019,Gujarat,Ahmedabad,Irrigation,112.54,162,Paid,No,Approval,40.2,High,56.918882632179766,14.6,Delayed,On-Time,On-Time,On-Time,On-Time
LA-1020,Maharashtra,Mumbai,Power Project,81.61,102,Pending,No,Compensation,46.2,High,69.38252977770836,21.1,On-Time,On-Time,On-Time,Delayed,On-Time
LA-1021,Madhya Pradesh,Bhopal,Railway,15.71,97,Partially Paid,Yes,Possession,25.9,Low,62.9718573030477,54.0,On-Time,Delayed,On-Time,On-Time,On-Time
LA-1022,Uttar Pradesh,Lucknow,Irrigation,30.72,5,Pending,No,Approval,68.1,Low,62.85619651613933,56.8,On-Time,On-Time,On-Time,On-Time,On-Time
LA-1023,Maharashtra,Nashik,Railway,84.56,62,Paid,No,Approval,50.5,Medium,68.10903129695322,13.7,On-Time,Delayed,On-Time,On-Time,On-Time
LA-1024,Gujarat,Surat,Highway,358.73,347,Paid,No,Approval,86.3,Low,72.27714643472358,9.2,On-Time,On-Time,On-Time,Delayed,On-Time
LA-1025,Rajasthan,Jaipur,Power Project,130.65,351,Paid,No,Possession,43.6,Medium,75.62031793801604,37.0,On-Time,Delayed,On-Time,Delayed,On-Time
LA-1026,Tamil Nadu,Coimbatore,Power Project,40.63,55,Paid,No,Approval,51.5,High,94.74563837525784,19.8,Delayed,On-Time,On-Time,Delayed,On-Time
LA-1027,Uttar Pradesh,Kanpur,Irrigation,203.28,424,Pending,No,Notification,60.4,Medium,77.95672854750288,53.0,On-Time,Delayed,On-Time,On-Time,On-Time
LA-1028,Rajasthan,Jaipur,Highway,36.58,72,Paid,No,Possession,42.3,High,42.79334112465926,6.0,On-Time,On-Time,On-Time,On-Time,On-Time
LA-1029,Madhya Pradesh,Indore,Irrigation,54.35,72,Partially Paid,Yes,Compensation,39.6,High,48.742067929154175,9.2,Delayed,Delayed,On-Time,On-Time,Delayed
LA-1030,Delhi,North Delhi,Power Project,199.37,405,Paid,No,Notification,48.4,Low,60.88029812700576,21.4,Delayed,On-Time,On-Time,Delayed,On-Time
LA-1031,Madhya Pradesh,Jabalpur,Power Project,36.33,107,Paid,No,Possession,73.0,Medium,53.5562446404364,23.0,On-Time,On-Time,On-Time,On-Time,On-Time
LA-1032,Uttar Pradesh,Lucknow,Metro,220.32,417,Paid,No,Compensation,57.2,High,70.85745290722467,12.1,On-Time,On-Time,On-Time,On-Time,On-Time
LA-1033,Delhi,South Delhi,Irrigation,11.36,67,Paid,Yes,Compensation,73.3,High,72.44888526785452,24.1,On-Time,On-Time,On-Time,On-Time,Delayed
LA-1034,West Bengal,Howrah,Metro,115.58,144,Partially Paid,Yes,Approval,32.0,High,57.747311171951225,38.7,Delayed,On-Time,On-Time,Delayed,Delayed
LA-1035,West Bengal,Kolkata,Highway,98.71,249,Pending,Yes,Possession,66.9,Low,82.84512797277534,22.2,Delayed,Delayed,Delayed,Delayed,Delayed
LA-1036,Tamil Nadu,Madurai,Airport,160.92,311,Partially Paid,No,Approval,68.0,Medium,86.81300018413735,38.2,On-Time,On-Time,Delayed,On-Time,On-Time
LA-1037,Maharashtra,Pune,Railway,95.5,180,Partially Paid,Yes,Approval,44.1,Medium,37.82258086316604,16.6,On-Time,On-Time,On-Time,Delayed,On-Time
LA-1038,Uttar Pradesh,Varanasi,Metro,100.63,212,Paid,Yes,Notification,29.0,Medium,43.56683068206735,41.6,On-Time,On-Time,On-Time,Delayed,Delayed
LA-1039,Karnataka,Bengaluru,Railway,51.28,63,Pending,No,Possession,54.9,Medium,81.45860227339244,28.5,Delayed,Delayed,Delayed,On-Time,On-Time
LA-1040,Gujarat,Ahmedabad,Industrial Corridor,70.75,132,Paid,No,Compensation,74.9,Medium,78.0474347810005,10.4,On-Time,On-Time,On-Time,On-Time,On-Time
LA-1041,Uttar Pradesh,Varanasi,Highway,207.15,205,Pending,Yes,Compensation,44.5,Medium,72.53977726404982,28.2,Delayed,On-Time,Delayed,Delayed,Delayed
LA-1042,Rajasthan,Jodhpur,Airport,113.73,174,Partially Paid,Yes,Approval,87.5,Low,65.16409613863885,21.2,On-Time,Delayed,Delayed,On-Time,Delayed
LA-1043,Delhi,South Delhi,Industrial Corridor,128.18,253,Paid,Yes,Compensation,86.3,Low,63.45324781017191,23.9,Delayed,Delayed,Delayed,On-Time,On-Time
LA-1044,Bihar,Muzaffarpur,Industrial Corridor,101.29,138,Paid,No,Possession,28.9,Low,73.04899150141017,21.1,Delayed,On-Time,On-Time,Delayed,On-Time
LA-1045,Maharashtra,Nagpur,Power Project,74.79,208,Pending,Yes,Approval,46.0,Medium,67.64714963719237,13.9,Delayed,On-Time,Delayed,Delayed,Delayed
LA-1046,Karnataka,Mangaluru,Industrial Corridor,16.65,110,Paid,No,Possession,68.8,Low,84.61584060464281,60.0,On-Time,On-Time,On-Time,On-Time,Delayed
LA-1047,Maharashtra,Aurangabad,Highway,184.56,291,Paid,Yes,Approval,60.4,High,54.78134077258815,25.9,On-Time,Delayed,On-Time,On-Time,On-Time
LA-1048,Rajasthan,Udaipur,Metro,136.87,176,Paid,Yes,Possession,36.3,Low,65.26993192782291,22.1,Delayed,On-Time,Delayed,On-Time,Delayed
LA-1049,Rajasthan,Udaipur,Highway,87.82,164,Partially Paid,No,Notification,85.9,Low,78.35502972473104,8.2,On-Time,On-Time,On-Time,On-Time,On-Time
LA-1050,Uttar Pradesh,Prayagraj,Metro,44.82,104,Paid,Yes,Compensation,69.0,Low,67.46627280687615,30.5,Delayed,Delayed,Delayed,On-Time,On-Time
LA-1051,West Bengal,Siliguri,Industrial Corridor,144.37,287,Pending,Yes,Possession,24.7,Low,75.0973900294147,4.6,Delayed,Delayed,On-Time,Delayed,Delayed
LA-1052,Tamil Nadu,Coimbatore,Industrial Corridor,42.05,105,Pending,No,Possession,83.1,High,74.87932713123125,32.9,On-Time,On-Time,On-Time,Delayed,On-Time
LA-1053,West Bengal,Durgapur,Airport,130.01,190,Pending,No,Approval,39.7,High,58.62738525854866,9.2,On-Time,On-Time,Delayed,Delayed,On-Time
LA-1054,Bihar,Gaya,Metro,53.4,102,Paid,No,Approval,71.9,High,49.689984051473026,9.5,On-Time,On-Time,On-Time,On-Time,On-Time
LA-1055,Madhya Pradesh,Bhopal,Industrial Corridor,106.31,146,Partially Paid,Yes,Notification,21.3,Medium,53.78325440421948,7.0,Delayed,Delayed,On-Time,Delayed,Delayed
LA-1056,West Bengal,Kolkata,Power Project,194.18,248,Paid,No,Possession,53.3,High,48.743503447437675,60.0,Delayed,On-Time,On-Time,On-Time,On-Time
LA-1057,Uttar Pradesh,Agra,Railway,94.85,159,Partially Paid,No,Compensation,67.4,Medium,37.16022878505267,47.1,On-Time,Delayed,On-Time,On-Time,On-Time
LA-1058,Uttar Pradesh,Prayagraj,Airport,121.1,235,Pending,No,Approval,66.5,Medium,81.3764204615218,14.1,On-Time,On-Time,Delayed,On-Time,Delayed
LA-1059,Delhi,North Delhi,Highway,254.84,368,Partially Paid,No,Notification,82.1,Medium,36.70965489697505,23.3,Delayed,On-Time,Delayed,On-Time,On-Time
LA-1060,Maharashtra,Mumbai,Airport,110.96,132,Pending,No,Possession,89.0,Low,92.92190337018897,29.6,On-Time,On-Time,On-Time,Delayed,Delayed
LA-1061,Gujarat,Surat,Railway,41.08,152,Pending,Yes,Compensation,80.1,Medium,57.083190025841915,9.9,Delayed,Delayed,On-Time,On-Time,Delayed
LA-1062,Maharashtra,Pune,Metro,132.83,149,Paid,Yes,Approval,40.4,Medium,60.82467025671208,1.8,On-Time,Delayed,Delayed,On-Time,On-Time
LA-1063,Tamil Nadu,Chennai,Highway,68.5,185,Partially Paid,Yes,Approval,60.8,Medium,42.27659751385555,14.1,Delayed,Delayed,Delayed,On-Time,Delayed
LA-1064,Gujarat,Rajkot,Highway,223.57,296,Paid,No,Approval,82.4,Low,70.76850280913102,8.1,On-Time,On-Time,On-Time,On-Time,On-Time
LA-1065,Maharashtra,Mumbai,Metro,66.36,169,Paid,No,Compensation,72.7,High,61.08661595769802,13.6,On-Time,On-Time,On-Time,On-Time,On-Time
LA-1066,Rajasthan,Jaipur,Irrigation,66.86,131,Paid,No,Possession,42.6,High,65.91646452933648,23.1,On-Time,On-Time,On-Time,On-Time,On-Time
LA-1067,Uttar Pradesh,Agra,Irrigation,119.44,206,Pending,No,Possession,64.9,Low,53.19314674519601,4.6,On-Time,Delayed,Delayed,Delayed,On-Time
LA-1068,Tamil Nadu,Coimbatore,Airport,104.53,252,Paid,No,Compensation,47.9,Medium,72.21223659783688,18.3,On-Time,On-Time,On-Time,On-Time,On-Time
LA-1069,Delhi,New Delhi,Industrial Corridor,131.55,114,Partially Paid,No,Possession,33.4,Medium,52.641238890738485,19.3,On-Time,On-Time,Delayed,Delayed,Delayed
LA-1070,West Bengal,Kolkata,Irrigation,61.68,63,Partially Paid,No,Approval,89.1,Medium,66.18149344456012,27.6,On-Time,On-Time,On-Time,On-Time,On-Time
LA-1071,Tamil Nadu,Madurai,Airport,144.8,223,Pending,No,Approval,35.9,High,71.92972566343228,22.6,On-Time,Delayed,Delayed,Delayed,Delayed
LA-1072,Uttar Pradesh,Lucknow,Irrigation,20.75,76,Partially Paid,No,Possession,59.6,Medium,86.76963569450449,24.4,Delayed,Delayed,On-Time,On-Time,Delayed
LA-1073,Delhi,South Delhi,Railway,56.69,157,Paid,No,Approval,51.6,High,77.08851414666175,20.5,On-Time,On-Time,On-Time,On-Time,On-Time
LA-1074,Tamil Nadu,Madurai,Power Project,127.52,256,Partially Paid,No,Approval,30.6,Medium,66.34818680603222,30.0,On-Time,On-Time,Delayed,Delayed,Delayed
LA-1075,Karnataka,Hubballi,Industrial Corridor,16.3,120,Partially Paid,No,Possession,60.8,Medium,64.88047962708178,27.1,On-Time,Delayed,On-Time,On-Time,On-Time
LA-1076,Karnataka,Mysuru,Airport,115.67,166,Partially Paid,No,Notification,67.1,Medium,69.70118078995773,7.0,Delayed,On-Time,On-Time,On-Time,Delayed
LA-1077,Tamil Nadu,Coimbatore,Power Project,103.04,190,Paid,No,Possession,49.4,Medium,76.50068174198331,37.4,On-Time,On-Time,On-Time,On-Time,On-Time
LA-1078,Delhi,New Delhi,Power Project,49.67,115,Paid,No,Possession,81.0,Low,53.835323183643396,18.0,On-Time,Delayed,On-Time,On-Time,On-Time
LA-1079,Gujarat,Vadodara,Irrigation,115.76,185,Pending,Yes,Compensation,73.6,Medium,78.54814001196847,39.7,Delayed,On-Time,Delayed,Delayed,On-Time
LA-1080,Uttar Pradesh,Agra,Metro,52.02,84,Paid,No,Notification,78.7,Low,50.945086566199365,23.9,On-Time,Delayed,On-Time,Delayed,On-Time
LA-1081,Bihar,Bhagalpur,Railway,137.69,152,Paid,Yes,Approval,49.2,Medium,71.84469586938036,40.2,On-Time,On-Time,On-Time,On-Time,Delayed
LA-1082,Madhya Pradesh,Jabalpur,Railway,108.21,141,Paid,No,Notification,48.6,Medium,73.12140695862806,34.9,On-Time,Delayed,On-Time,On-Time,On-Time
LA-1083,Maharashtra,Pune,Railway,158.69,282,Paid,No,Approval,38.3,High,54.926523679991305,10.7,On-Time,On-Time,On-Time,On-Time,Delayed
LA-1084,Delhi,North Delhi,Industrial Corridor,292.59,444,Paid,No,Possession,68.9,High,41.86429087330605,12.1,On-Time,On-Time,On-Time,On-Time,Delayed
LA-1085,Maharashtra,Pune,Highway,109.24,241,Partially Paid,Yes,Approval,89.6,Medium,61.031464510935216,44.0,Delayed,Delayed,On-Time,On-Time,Delayed
LA-1086,Maharashtra,Nagpur,Industrial Corridor,172.71,186,Pending,No,Approval,43.9,High,25.55193747111351,31.9,On-Time,Delayed,Delayed,On-Time,Delayed
LA-1087,Karnataka,Hubballi,Airport,33.12,125,Paid,No,Compensation,33.5,Medium,62.32453534188389,45.5,Delayed,On-Time,On-Time,On-Time,On-Time
LA-1088,Madhya Pradesh,Gwalior,Power Project,127.35,323,Paid,No,Compensation,73.0,Medium,46.27639124820683,9.5,On-Time,On-Time,On-Time,On-Time,On-Time
LA-1089,Bihar,Muzaffarpur,Power Project,10.04,31,Partially Paid,Yes,Possession,70.5,Low,95.0,15.1,On-Time,On-Time,Delayed,On-Time,Delayed
LA-1090,Rajasthan,Jaipur,Highway,132.89,208,Paid,Yes,Approval,80.7,Low,80.88042839637109,18.1,Delayed,On-Time,On-Time,Delayed,Delayed
LA-1091,Uttar Pradesh,Varanasi,Airport,33.57,91,Pending,No,Possession,33.8,High,66.08299292374568,27.9,On-Time,On-Time,Delayed,On-Time,On-Time
LA-1092,Karnataka,Hubballi,Highway,145.41,349,Paid,Yes,Compensation,65.3,High,84.98615087631073,12.9,On-Time,On-Time,On-Time,On-Time,On-Time
LA-1093,Tamil Nadu,Chennai,Power Project,184.0,369,Paid,No,Approval,82.5,Medium,75.57552661001942,37.0,On-Time,On-Time,On-Time,On-Time,On-Time
LA-1094,Madhya Pradesh,Indore,Irrigation,126.42,251,Partially Paid,No,Approval,87.0,High,47.54690239165672,25.0,On-Time,On-Time,Delayed,On-Time,On-Time
LA-1095,Tamil Nadu,Salem,Industrial Corridor,16.32,5,Pending,Yes,Approval,73.9,High,55.618462970005645,25.0,On-Time,On-Time,On-Time,On-Time,Delayed
LA-1096,Rajasthan,Udaipur,Railway,62.48,114,Partially Paid,No,Compensation,27.1,Low,80.44200512338995,25.5,Delayed,On-Time,On-Time,On-Time,Delayed
LA-1097,Rajasthan,Kota,Power Project,278.59,359,Paid,No,Approval,86.6,Low,50.59193849612936,17.9,Delayed,On-Time,On-Time,Delayed,On-Time
LA-1098,Gujarat,Rajkot,Metro,123.53,277,Paid,No,Possession,42.4,Medium,70.92977079981279,26.4,On-Time,On-Time,Delayed,On-Time,On-Time
LA-1099,Delhi,South Delhi,Railway,140.31,258,Pending,No,Compensation,12.4,Medium,75.12136996355082,30.8,On-Time,Delayed,Delayed,Delayed,On-Time
LA-1100,Uttar Pradesh,Agra,Power Project,36.99,45,Pending,No,Possession,24.0,High,61.090349959173125,15.7,Delayed,On-Time,Delayed,On-Time,Delayed
LA-1101,Delhi,North Delhi,Industrial Corridor,42.94,35,Paid,No,Notification,52.5,Medium,67.28494834173189,12.9,On-Time,On-Time,On-Time,On-Time,On-Time
LA-1102,Madhya Pradesh,Bhopal,Highway,73.99,88,Pending,No,Approval,58.0,Medium,77.47690887943598,19.5,On-Time,On-Time,On-Time,Delayed,On-Time
LA-1103,Maharashtra,Pune,Irrigation,159.23,292,Partially Paid,No,Notification,43.8,Medium,76.76134448618711,19.7,On-Time,On-Time,Delayed,On-Time,On-Time
LA-1104,Rajasthan,Jodhpur,Irrigation,45.94,78,Partially Paid,No,Approval,84.8,High,71.72265990771406,34.4,On-Time,On-Time,On-Time,On-Time,Delayed
LA-1105,Bihar,Muzaffarpur,Railway,264.29,251,Paid,No,Possession,73.0,Low,64.80568477575643,16.2,Delayed,On-Time,On-Time,On-Time,On-Time
LA-1106,Maharashtra,Nagpur,Industrial Corridor,23.03,95,Pending,No,Notification,66.7,Medium,73.81033657629848,36.3,On-Time,Delayed,Delayed,On-Time,On-Time
LA-1107,Gujarat,Surat,Irrigation,73.4,92,Paid,No,Approval,48.0,Medium,34.676955729451656,41.0,On-Time,Delayed,On-Time,On-Time,On-Time
LA-1108,Tamil Nadu,Chennai,Irrigation,199.68,236,Partially Paid,Yes,Notification,66.7,Low,87.13369444532056,20.4,On-Time,Delayed,Delayed,Delayed,Delayed
LA-1109,Uttar Pradesh,Lucknow,Airport,36.85,68,Paid,No,Approval,97.0,High,63.01164020539871,24.6,On-Time,On-Time,On-Time,On-Time,On-Time
LA-1110,Delhi,North Delhi,Metro,59.2,126,Pending,No,Possession,44.6,High,53.975489769849204,35.8,Delayed,Delayed,On-Time,Delayed,Delayed
LA-1111,Maharashtra,Mumbai,Railway,95.24,143,Paid,No,Compensation,65.4,Low,73.99195877937761,44.8,On-Time,Delayed,On-Time,On-Time,Delayed
LA-1112,Uttar Pradesh,Kanpur,Highway,37.53,197,Paid,Yes,Compensation,24.1,Low,73.57144427369724,22.9,Delayed,Delayed,On-Time,Delayed,Delayed
LA-1113,West Bengal,Siliguri,Irrigation,18.82,81,Paid,No,Approval,31.9,Medium,50.353601124626906,13.4,On-Time,On-Time,On-Time,On-Time,On-Time
LA-1114,Tamil Nadu,Madurai,Airport,48.01,151,Paid,Yes,Possession,41.1,High,66.0130966860492,35.4,Delayed,Delayed,Delayed,Delayed,On-Time
LA-1115,Madhya Pradesh,Jabalpur,Industrial Corridor,184.12,243,Paid,Yes,Compensation,45.3,Medium,65.56002615666068,20.6,On-Time,On-Time,Delayed,On-Time,Delayed
LA-1116,Bihar,Gaya,Irrigation,73.22,121,Paid,No,Approval,44.4,High,64.58124614048779,12.1,On-Time,On-Time,On-Time,On-Time,On-Time
LA-1117,Tamil Nadu,Chennai,Metro,36.1,60,Pending,No,Approval,47.8,Medium,89.36029699208966,44.9,On-Time,On-Time,On-Time,Delayed,On-Time
LA-1118,Uttar Pradesh,Varanasi,Highway,37.14,148,Partially Paid,Yes,Possession,78.1,High,64.69766995479006,25.4,Delayed,On-Time,Delayed,Delayed,On-Time
LA-1119,Bihar,Patna,Industrial Corridor,153.46,318,Partially Paid,No,Compensation,51.7,Low,63.05142902752293,47.7,On-Time,On-Time,On-Time,Delayed,On-Time
LA-1120,Rajasthan,Kota,Industrial Corridor,49.22,51,Paid,No,Compensation,71.3,Medium,54.79448350265217,33.7,On-Time,On-Time,Delayed,On-Time,On-Time
LA-1121,Tamil Nadu,Coimbatore,Railway,113.69,193,Paid,No,Approval,37.0,Low,52.62740718911401,21.1,On-Time,Delayed,On-Time,On-Time,Delayed
LA-1122,Bihar,Patna,Irrigation,66.58,123,Paid,No,Approval,53.8,High,70.880638728778,38.5,On-Time,On-Time,On-Time,On-Time,On-Time
LA-1123,Maharashtra,Pune,Railway,106.44,170,Pending,Yes,Compensation,45.5,High,57.95269865745625,35.6,On-Time,Delayed,Delayed,Delayed,Delayed
LA-1124,Uttar Pradesh,Prayagraj,Highway,153.74,135,Paid,No,Compensation,68.6,Low,62.181059347988906,11.0,On-Time,Delayed,On-Time,Delayed,On-Time
LA-1125,Uttar Pradesh,Kanpur,Irrigation,161.67,205,Pending,No,Compensation,44.8,High,67.97252724773381,33.2,On-Time,On-Time,Delayed,On-Time,Delayed
LA-1126,Gujarat,Surat,Power Project,40.0,117,Paid,No,Compensation,94.5,Medium,65.95534178911042,59.6,On-Time,On-Time,Delayed,On-Time,On-Time
LA-1127,Tamil Nadu,Madurai,Irrigation,74.62,178,Pending,No,Approval,49.7,High,67.02441585373141,21.4,On-Time,On-Time,On-Time,Delayed,Delayed
LA-1128,Bihar,Bhagalpur,Power Project,57.48,74,Paid,No,Possession,83.6,Medium,66.9697524974008,35.4,On-Time,On-Time,On-Time,On-Time,On-Time
LA-1129,Delhi,New Delhi,Industrial Corridor,175.04,224,Paid,No,Possession,85.4,High,74.36900777336083,60.0,On-Time,On-Time,On-Time,On-Time,On-Time
LA-1130,Rajasthan,Kota,Railway,39.46,5,Partially Paid,No,Possession,73.2,High,95.0,18.4,On-Time,On-Time,On-Time,On-Time,On-Time
LA-1131,Gujarat,Rajkot,Metro,111.66,205,Pending,No,Approval,70.8,Medium,83.4396603786196,26.8,On-Time,On-Time,Delayed,On-Time,Delayed
LA-1132,Uttar Pradesh,Varanasi,Irrigation,107.77,145,Partially Paid,No,Approval,42.9,High,59.565648440330705,25.7,On-Time,On-Time,On-Time,Delayed,On-Time
LA-1133,Uttar Pradesh,Agra,Metro,42.64,68,Paid,No,Possession,60.1,High,83.2326020753462,23.6,On-Time,Delayed,On-Time,Delayed,Delayed
LA-1134,Maharashtra,Mumbai,Irrigation,18.92,46,Partially Paid,No,Compensation,87.8,Medium,49.19313803986182,60.0,On-Time,Delayed,On-Time,On-Time,Delayed
LA-1135,West Bengal,Kolkata,Industrial Corridor,50.98,214,Pending,No,Compensation,76.9,Medium,56.506136466108956,7.7,On-Time,On-Time,Delayed,On-Time,Delayed
LA-1136,Maharashtra,Nashik,Railway,67.26,109,Paid,No,Possession,49.5,High,75.60324381899979,21.7,On-Time,On-Time,On-Time,On-Time,On-Time
LA-1137,Rajasthan,Jaipur,Highway,70.3,78,Paid,Yes,Compensation,42.4,Medium,75.13799611906194,20.3,On-Time,On-Time,On-Time,On-Time,Delayed
LA-1138,Karnataka,Bengaluru,Highway,65.42,106,Pending,No,Compensation,63.4,Low,74.02304027770407,20.6,Delayed,On-Time,Delayed,On-Time,Delayed
LA-1139,Gujarat,Ahmedabad,Highway,130.03,152,Pending,No,Notification,63.1,High,56.14553172242604,11.2,On-Time,On-Time,Delayed,On-Time,On-Time
LA-1140,West Bengal,Siliguri,Irrigation,143.78,191,Partially Paid,Yes,Notification,39.9,Medium,56.24834335308376,41.9,On-Time,On-Time,Delayed,On-Time,On-Time
LA-1141,West Bengal,Durgapur,Irrigation,168.65,235,Pending,No,Notification,61.5,Medium,66.96727164125662,33.2,On-Time,On-Time,On-Time,On-Time,On-Time
LA-1142,Maharashtra,Mumbai,Metro,47.14,134,Paid,No,Possession,27.1,High,61.21565407444081,14.0,On-Time,On-Time,Delayed,On-Time,On-Time
LA-1143,Rajasthan,Jaipur,Railway,77.33,183,Partially Paid,No,Approval,68.7,High,78.3226362052024,16.3,On-Time,Delayed,On-Time,Delayed,On-Time
LA-1144,Maharashtra,Nashik,Irrigation,207.48,246,Partially Paid,No,Compensation,52.0,Medium,60.83998969699004,10.2,On-Time,Delayed,On-Time,On-Time,On-Time
LA-1145,Maharashtra,Nagpur,Railway,74.71,149,Partially Paid,No,Possession,63.7,Medium,60.39780805864486,17.6,On-Time,On-Time,On-Time,Delayed,On-Time
LA-1146,Delhi,New Delhi,Metro,55.71,157,Pending,No,Compensation,54.5,High,40.61238097124604,26.6,On-Time,On-Time,On-Time,On-Time,On-Time
LA-1147,Madhya Pradesh,Indore,Irrigation,121.67,199,Pending,Yes,Compensation,40.2,Low,78.12995351171878,8.4,On-Time,Delayed,Delayed,Delayed,Delayed
LA-1148,Rajasthan,Udaipur,Highway,133.68,237,Paid,Yes,Approval,91.2,Medium,69.8356605844178,18.9,On-Time,On-Time,Delayed,On-Time,Delayed
LA-1149,Delhi,New Delhi,Highway,75.05,174,Paid,Yes,Possession,64.2,High,30.709962020095624,60.0,Delayed,Delayed,On-Time,On-Time,On-Time
LA-1150,Maharashtra,Aurangabad,Industrial Corridor,61.73,91,Paid,No,Notification,57.7,Medium,71.67527989862762,6.1,On-Time,On-Time,On-Time,Delayed,On-Time
LA-1151,Bihar,Gaya,Power Project,35.25,86,Partially Paid,Yes,Notification,54.9,Low,58.98234641848179,15.0,On-Time,Delayed,On-Time,On-Time,Delayed
LA-1152,Maharashtra,Pune,Airport,64.0,86,Paid,No,Notification,56.7,High,76.63914618105258,27.5,On-Time,On-Time,On-Time,Delayed,On-Time
LA-1153,Uttar Pradesh,Lucknow,Power Project,26.75,47,Pending,No,Approval,82.7,Medium,63.42335190330364,18.3,On-Time,On-Time,On-Time,On-Time,On-Time
LA-1154,Rajasthan,Jodhpur,Irrigation,170.62,309,Paid,No,Approval,72.8,Medium,52.93438406297246,8.1,On-Time,On-Time,On-Time,On-Time,On-Time
LA-1155,West Bengal,Howrah,Railway,22.0,58,Paid,Yes,Compensation,53.5,High,90.93570884288945,26.6,On-Time,On-Time,On-Time,On-Time,On-Time
LA-1156,Maharashtra,Nagpur,Irrigation,50.96,136,Partially Paid,No,Approval,60.5,High,88.57951978081425,20.6,On-Time,On-Time,Delayed,Delayed,Delayed
LA-1157,Karnataka,Mysuru,Railway,96.69,131,Partially Paid,No,Compensation,30.0,High,62.21480611723574,14.9,On-Time,On-Time,On-Time,On-Time,On-Time
LA-1158,Tamil Nadu,Coimbatore,Railway,87.89,129,Paid,No,Notification,64.1,High,70.589579581448,17.8,On-Time,Delayed,On-Time,Delayed,On-Time
LA-1159,Maharashtra,Nagpur,Power Project,43.3,146,Partially Paid,No,Notification,90.2,High,58.11160834197152,18.0,On-Time,On-Time,On-Time,On-Time,On-Time
LA-1160,Karnataka,Mangaluru,Airport,104.22,257,Paid,No,Compensation,46.1,Low,39.40266308480005,12.2,On-Time,Delayed,On-Time,On-Time,On-Time
LA-1161,Gujarat,Vadodara,Industrial Corridor,28.09,132,Paid,Yes,Possession,44.5,Low,84.76546522958574,43.3,Delayed,On-Time,On-Time,Delayed,Delayed
LA-1162,Madhya Pradesh,Bhopal,Power Project,97.45,180,Paid,No,Possession,77.7,High,53.03387752315271,46.6,On-Time,On-Time,On-Time,On-Time,On-Time
LA-1163,Madhya Pradesh,Gwalior,Airport,46.92,135,Partially Paid,No,Possession,73.2,High,84.10311095820461,3.0,Delayed,On-Time,On-Time,On-Time,On-Time
LA-1164,Rajasthan,Jaipur,Highway,25.78,46,Paid,No,Compensation,67.1,High,75.45842269093745,21.8,On-Time,Delayed,On-Time,On-Time,On-Time
LA-1165,Uttar Pradesh,Varanasi,Highway,67.74,151,Pending,No,Compensation,61.5,High,69.30739264244266,51.7,On-Time,On-Time,Delayed,Delayed,Delayed
LA-1166,Bihar,Muzaffarpur,Railway,150.39,259,Partially Paid,No,Compensation,42.0,High,64.38625084468025,16.8,On-Time,On-Time,On-Time,Delayed,Delayed
LA-1167,Maharashtra,Nashik,Metro,44.98,144,Paid,Yes,Compensation,57.2,High,75.52162075725775,38.8,On-Time,On-Time,Delayed,Delayed,On-Time
LA-1168,Uttar Pradesh,Prayagraj,Irrigation,133.44,259,Paid,No,Notification,91.6,Low,51.04386524089674,34.2,On-Time,On-Time,On-Time,On-Time,On-Time
LA-1169,Delhi,South Delhi,Irrigation,80.77,233,Paid,No,Compensation,59.2,High,85.01625349318384,12.0,On-Time,On-Time,On-Time,On-Time,Delayed
LA-1170,Madhya Pradesh,Bhopal,Railway,37.01,71,Partially Paid,Yes,Approval,61.3,Medium,67.14811561659495,20.9,On-Time,On-Time,On-Time,Delayed,Delayed
LA-1171,Karnataka,Hubballi,Metro,61.92,152,Partially Paid,Yes,Approval,26.8,High,87.42536779454235,22.4,On-Time,Delayed,Delayed,Delayed,Delayed
LA-1172,Delhi,North Delhi,Airport,73.93,106,Pending,No,Compensation,69.0,High,63.16534435896086,15.3,On-Time,On-Time,On-Time,On-Time,On-Time
LA-1173,Rajasthan,Kota,Highway,22.5,65,Paid,No,Notification,57.0,Low,67.13755848008019,29.8,Delayed,Delayed,Delayed,Delayed,On-Time
LA-1174,Uttar Pradesh,Varanasi,Irrigation,60.65,133,Paid,No,Approval,51.9,High,68.9583877774487,34.6,On-Time,Delayed,On-Time,On-Time,On-Time
LA-1175,Madhya Pradesh,Bhopal,Power Project,26.34,141,Paid,No,Notification,81.4,Low,73.64005175019261,24.3,Delayed,Delayed,On-Time,On-Time,On-Time
LA-1176,Uttar Pradesh,Kanpur,Metro,142.83,201,Paid,No,Possession,85.1,High,92.16309850391738,36.6,On-Time,On-Time,Delayed,On-Time,On-Time
LA-1177,Karnataka,Bengaluru,Airport,112.45,170,Paid,No,Notification,51.7,Medium,58.42896621828509,24.8,On-Time,On-Time,On-Time,On-Time,On-Time
LA-1178,Gujarat,Ahmedabad,Highway,108.1,70,Pending,No,Approval,63.3,Low,63.08147137252247,22.2,On-Time,On-Time,On-Time,On-Time,On-Time
LA-1179,West Bengal,Howrah,Power Project,48.0,67,Partially Paid,No,Possession,63.1,High,64.71147366321613,5.3,On-Time,Delayed,On-Time,On-Time,On-Time
LA-1180,Uttar Pradesh,Agra,Metro,37.94,104,Pending,Yes,Compensation,72.9,High,30.268319939515735,8.7,Delayed,On-Time,On-Time,On-Time,On-Time
LA-1181,Maharashtra,Nashik,Railway,97.94,111,Paid,No,Notification,24.5,Medium,56.67639695017001,57.2,Delayed,On-Time,On-Time,On-Time,On-Time
LA-1182,Uttar Pradesh,Prayagraj,Railway,140.49,209,Paid,No,Approval,38.6,High,57.65228865302245,31.7,On-Time,On-Time,On-Time,On-Time,Delayed
LA-1183,West Bengal,Siliguri,Railway,276.62,414,Paid,Yes,Notification,83.9,Medium,95.0,50.8,On-Time,On-Time,On-Time,Delayed,Delayed
LA-1184,Bihar,Muzaffarpur,Irrigation,175.39,249,Paid,No,Approval,61.2,High,68.87706028058332,20.0,On-Time,On-Time,On-Time,Delayed,On-Time
LA-1185,Maharashtra,Mumbai,Airport,196.04,442,Partially Paid,No,Notification,35.2,High,72.40223478457828,60.0,On-Time,On-Time,Delayed,On-Time,On-Time
LA-1186,Karnataka,Bengaluru,Railway,162.42,194,Paid,No,Approval,68.5,High,42.97001710011229,21.4,On-Time,On-Time,On-Time,On-Time,On-Time
LA-1187,Tamil Nadu,Madurai,Irrigation,74.86,143,Pending,No,Possession,58.0,Low,64.05908181530454,20.1,Delayed,On-Time,Delayed,On-Time,Delayed
LA-1188,Madhya Pradesh,Gwalior,Industrial Corridor,41.41,138,Pending,No,Compensation,90.8,High,79.04147966866374,6.0,On-Time,Delayed,Delayed,On-Time,On-Time
LA-1189,Rajasthan,Udaipur,Irrigation,11.62,137,Paid,No,Compensation,79.2,High,95.0,37.0,On-Time,On-Time,On-Time,On-Time,On-Time
LA-1190,Maharashtra,Nashik,Highway,68.53,134,Partially Paid,No,Approval,81.6,Medium,54.73553030894199,50.3,On-Time,On-Time,Delayed,Delayed,On-Time
LA-1191,Uttar Pradesh,Lucknow,Irrigation,157.67,194,Partially Paid,No,Approval,71.3,High,37.76631065315728,60.0,Delayed,On-Time,Delayed,On-Time,On-Time
LA-1192,Bihar,Patna,Airport,53.02,91,Paid,Yes,Possession,50.9,High,53.36948623120138,23.0,On-Time,On-Time,On-Time,On-Time,On-Time
LA-1193,Bihar,Gaya,Power Project,89.4,132,Pending,No,Notification,42.4,High,53.43010787663957,13.7,On-Time,On-Time,On-Time,On-Time,On-Time
LA-1194,Madhya Pradesh,Bhopal,Irrigation,52.83,163,Paid,No,Possession,67.5,Medium,53.570341524400284,20.9,On-Time,Delayed,Delayed,On-Time,On-Time
LA-1195,Maharashtra,Nagpur,Railway,112.03,238,Partially Paid,No,Compensation,70.1,Medium,78.61260594455939,31.3,Delayed,On-Time,On-Time,On-Time,On-Time
LA-1196,Maharashtra,Pune,Highway,67.25,119,Paid,No,Possession,45.5,High,70.14176065735938,18.4,On-Time,On-Time,On-Time,On-Time,On-Time
LA-1197,Karnataka,Mangaluru,Metro,5.0,84,Paid,No,Approval,57.8,High,48.073718635204195,20.3,On-Time,On-Time,Delayed,On-Time,On-Time
LA-1198,Bihar,Muzaffarpur,Railway,27.02,167,Paid,Yes,Approval,53.8,Medium,86.24304983125951,22.3,On-Time,On-Time,On-Time,On-Time,On-Time
LA-1199,Bihar,Patna,Highway,128.15,183,Pending,No,Possession,89.0,Medium,93.3955421810528,23.3,On-Time,Delayed,On-Time,On-Time,On-Time
LA-1200,Tamil Nadu,Coimbatore,Industrial Corridor,9.3,51,Paid,No,Possession,58.0,High,39.42486840892311,9.1,On-Time,On-Time,On-Time,On-Time,On-Time
LA-1201,Madhya Pradesh,Gwalior,Metro,86.55,184,Paid,No,Approval,57.7,High,82.6647197673949,26.5,On-Time,On-Time,On-Time,On-Time,On-Time
LA-1202,Uttar Pradesh,Agra,Industrial Corridor,126.39,263,Paid,Yes,Possession,44.9,High,62.44822887153162,12.7,Delayed,On-Time,Delayed,On-Time,On-Time
LA-1203,Uttar Pradesh,Lucknow,Power Project,24.68,107,Paid,No,Notification,67.0,Medium,50.86980004822149,24.7,On-Time,On-Time,On-Time,On-Time,On-Time
LA-1204,Bihar,Muzaffarpur,Highway,158.61,310,Partially Paid,Yes,Notification,93.8,Low,43.17207506309715,6.8,Delayed,On-Time,Delayed,On-Time,Delayed
LA-1205,Madhya Pradesh,Jabalpur,Industrial Corridor,203.62,243,Pending,No,Compensation,41.5,High,58.208225725445196,44.7,On-Time,On-Time,On-Time,Delayed,Delayed
LA-1206,Delhi,North Delhi,Power Project,29.45,65,Pending,No,Compensation,19.9,High,57.17216813154268,22.7,On-Time,On-Time,Delayed,On-Time,On-Time
LA-1207,Uttar Pradesh,Agra,Highway,51.08,148,Partially Paid,No,Possession,33.8,High,67.21240441267001,19.7,On-Time,Delayed,On-Time,On-Time,On-Time
LA-1208,Karnataka,Mysuru,Highway,93.23,119,Pending,No,Approval,52.5,High,95.0,41.6,On-Time,On-Time,Delayed,Delayed,On-Time
LA-1209,Delhi,North Delhi,Industrial Corridor,223.55,379,Partially Paid,No,Notification,42.0,High,57.38118010320403,31.3,On-Time,Delayed,On-Time,Delayed,Delayed
LA-1210,Uttar Pradesh,Kanpur,Highway,61.4,130,Pending,No,Compensation,80.6,Low,43.901536350803994,18.3,On-Time,On-Time,Delayed,Delayed,Delayed
LA-1211,Rajasthan,Udaipur,Railway,137.81,216,Paid,Yes,Approval,60.3,High,60.04732137844718,47.8,On-Time,On-Time,On-Time,On-Time,On-Time
LA-1212,Karnataka,Hubballi,Highway,87.86,170,Paid,Yes,Approval,48.5,Medium,80.63010491540402,22.7,On-Time,Delayed,On-Time,On-Time,On-Time
LA-1213,Karnataka,Hubballi,Airport,50.9,44,Pending,No,Compensation,48.2,High,61.28477812855249,21.7,On-Time,On-Time,Delayed,Delayed,Delayed
LA-1214,Uttar Pradesh,Prayagraj,Power Project,15.64,121,Partially Paid,No,Notification,47.2,Low,74.77215870061266,25.1,On-Time,On-Time,On-Time,Delayed,Delayed
LA-1215,Karnataka,Mangaluru,Highway,44.32,71,Pending,No,Compensation,83.2,Medium,67.54994062208262,60.0,On-Time,On-Time,Delayed,Delayed,On-Time
LA-1216,Maharashtra,Nagpur,Airport,44.41,149,Paid,No,Approval,71.9,High,65.91747324734986,6.2,On-Time,On-Time,Delayed,On-Time,On-Time
LA-1217,Maharashtra,Pune,Highway,250.29,292,Pending,Yes,Compensation,53.3,Low,88.80838630738334,60.0,Delayed,Delayed,Delayed,Delayed,Delayed
LA-1218,Karnataka,Mysuru,Highway,148.64,189,Partially Paid,No,Compensation,69.4,High,50.47803486121448,40.7,On-Time,On-Time,On-Time,On-Time,On-Time
LA-1219,Madhya Pradesh,Bhopal,Industrial Corridor,60.72,137,Paid,No,Notification,61.4,Medium,49.390106308742276,18.8,On-Time,On-Time,On-Time,On-Time,On-Time
LA-1220,Bihar,Muzaffarpur,Railway,90.99,210,Paid,No,Approval,66.1,Low,51.3680979920664,16.7,On-Time,Delayed,On-Time,On-Time,On-Time
LA-1221,Karnataka,Mangaluru,Power Project,48.52,115,Paid,No,Approval,91.3,High,70.17983386205488,27.3,On-Time,On-Time,On-Time,On-Time,On-Time
LA-1222,Madhya Pradesh,Gwalior,Railway,183.96,288,Pending,No,Notification,52.2,Medium,65.80147628983153,30.6,On-Time,On-Time,Delayed,Delayed,On-Time
LA-1223,Uttar Pradesh,Kanpur,Metro,49.25,126,Partially Paid,No,Compensation,80.0,Low,75.65195044157713,45.8,Delayed,Delayed,On-Time,On-Time,Delayed
LA-1224,Gujarat,Surat,Industrial Corridor,44.54,63,Pending,Yes,Possession,60.1,Low,63.85929216524125,21.7,Delayed,Delayed,On-Time,Delayed,Delayed
LA-1225,Maharashtra,Pune,Industrial Corridor,85.19,148,Paid,No,Compensation,59.9,Medium,62.06595856358359,21.8,On-Time,On-Time,On-Time,On-Time,Delayed
LA-1226,Maharashtra,Mumbai,Railway,24.26,72,Pending,No,Compensation,40.0,High,69.93734826264831,3.7,On-Time,On-Time,On-Time,On-Time,On-Time
LA-1227,West Bengal,Kolkata,Irrigation,71.21,118,Paid,No,Approval,88.9,Medium,90.44687330366645,16.0,On-Time,On-Time,On-Time,On-Time,On-Time
LA-1228,Gujarat,Ahmedabad,Industrial Corridor,50.27,156,Paid,No,Approval,64.7,Medium,47.56562527698789,57.7,On-Time,On-Time,On-Time,Delayed,On-Time
LA-1229,Bihar,Gaya,Railway,115.68,246,Paid,No,Possession,32.4,Medium,51.19765528852674,32.1,On-Time,On-Time,On-Time,On-Time,On-Time
LA-1230,Madhya Pradesh,Gwalior,Industrial Corridor,192.06,338,Pending,No,Possession,66.4,Low,65.61646027865675,31.7,Delayed,On-Time,Delayed,Delayed,On-Time
LA-1231,Tamil Nadu,Chennai,Highway,82.26,165,Paid,No,Compensation,82.9,High,95.0,17.2,On-Time,Delayed,On-Time,On-Time,On-Time
LA-1232,Rajasthan,Kota,Railway,91.51,146,Paid,No,Approval,66.5,High,48.9252626949741,15.7,On-Time,On-Time,On-Time,Delayed,On-Time
LA-1233,Madhya Pradesh,Bhopal,Railway,130.42,147,Paid,Yes,Possession,94.7,Medium,64.8500703143324,32.3,Delayed,Delayed,On-Time,On-Time,Delayed
LA-1234,Rajasthan,Udaipur,Airport,18.4,78,Paid,Yes,Notification,95.0,Low,51.83896976020977,27.9,Delayed,Delayed,On-Time,On-Time,On-Time
LA-1235,Uttar Pradesh,Varanasi,Industrial Corridor,56.38,56,Pending,No,Possession,80.4,Medium,70.97268182022964,32.3,On-Time,On-Time,On-Time,On-Time,Delayed
LA-1236,Karnataka,Bengaluru,Industrial Corridor,137.31,176,Partially Paid,No,Possession,54.3,Low,34.03606591331868,24.6,Delayed,Delayed,Delayed,Delayed,Delayed
LA-1237,Maharashtra,Aurangabad,Railway,174.01,306,Partially Paid,No,Notification,61.3,Low,49.457424176183245,27.9,On-Time,On-Time,Delayed,Delayed,Delayed
LA-1238,Delhi,New Delhi,Highway,130.55,179,Pending,No,Possession,69.6,Low,84.17516302483895,8.8,On-Time,Delayed,On-Time,On-Time,On-Time
LA-1239,Madhya Pradesh,Indore,Highway,208.55,75,Partially Paid,No,Possession,55.3,Low,65.139820066941,60.0,On-Time,On-Time,On-Time,On-Time,Delayed
LA-1240,Uttar Pradesh,Kanpur,Power Project,46.25,53,Pending,No,Possession,41.8,Low,53.81983557425319,17.7,On-Time,On-Time,Delayed,On-Time,Delayed
LA-1241,West Bengal,Kolkata,Highway,166.97,251,Paid,Yes,Compensation,57.6,Low,64.3128343352288,25.3,Delayed,Delayed,On-Time,On-Time,Delayed
LA-1242,West Bengal,Howrah,Industrial Corridor,81.8,157,Pending,No,Approval,86.3,Medium,64.05057111701302,4.0,On-Time,On-Time,On-Time,On-Time,On-Time
LA-1243,Bihar,Patna,Irrigation,14.07,77,Paid,No,Compensation,46.9,High,73.41212097741486,15.5,Delayed,On-Time,On-Time,On-Time,On-Time
LA-1244,Gujarat,Surat,Airport,110.94,254,Partially Paid,Yes,Approval,90.8,High,33.86322852430108,24.1,On-Time,On-Time,Delayed,On-Time,On-Time
LA-1245,Delhi,South Delhi,Railway,69.43,168,Partially Paid,No,Approval,26.1,High,49.44999025771185,31.2,Delayed,Delayed,On-Time,On-Time,On-Time
LA-1246,West Bengal,Durgapur,Metro,279.19,604,Paid,Yes,Approval,77.3,High,50.676886534241575,5.1,On-Time,On-Time,Delayed,On-Time,On-Time
LA-1247,Gujarat,Rajkot,Airport,98.99,170,Paid,No,Compensation,80.8,High,74.44131870625147,24.0,On-Time,On-Time,On-Time,On-Time,On-Time
LA-1248,West Bengal,Howrah,Irrigation,60.3,135,Paid,No,Notification,91.4,Low,64.90534454502904,45.9,On-Time,On-Time,On-Time,On-Time,On-Time
LA-1249,West Bengal,Howrah,Metro,89.84,127,Paid,No,Approval,69.0,Medium,86.60899838119083,29.2,On-Time,Delayed,On-Time,On-Time,Delayed
LA-1250,Bihar,Bhagalpur,Airport,57.91,132,Partially Paid,No,Notification,66.1,High,77.43712220837578,48.6,On-Time,On-Time,On-Time,On-Time,On-Time
LA-1251,Maharashtra,Nashik,Highway,32.15,98,Pending,No,Compensation,87.8,Medium,59.811429166939945,31.2,On-Time,Delayed,On-Time,On-Time,On-Time
LA-1252,Gujarat,Surat,Industrial Corridor,84.43,213,Partially Paid,No,Compensation,47.5,Medium,64.25680973306719,16.8,On-Time,On-Time,Delayed,On-Time,On-Time
LA-1253,Bihar,Bhagalpur,Irrigation,43.68,117,Partially Paid,No,Notification,73.2,High,84.40826962150518,20.7,On-Time,On-Time,Delayed,On-Time,On-Time
LA-1254,Maharashtra,Nagpur,Metro,146.98,283,Paid,No,Possession,64.9,Low,86.49822275670911,25.7,On-Time,On-Time,On-Time,On-Time,On-Time
LA-1255,Uttar Pradesh,Prayagraj,Irrigation,281.67,315,Paid,Yes,Notification,61.2,High,63.564807563654114,33.2,On-Time,On-Time,On-Time,Delayed,On-Time
LA-1256,Madhya Pradesh,Gwalior,Airport,62.64,165,Partially Paid,No,Compensation,84.5,Medium,50.22444296507339,34.5,On-Time,On-Time,Delayed,On-Time,Delayed
LA-1257,West Bengal,Siliguri,Industrial Corridor,214.75,422,Pending,No,Possession,89.0,High,33.48704689915668,18.2,On-Time,On-Time,On-Time,On-Time,Delayed
LA-1258,Karnataka,Mysuru,Irrigation,20.91,33,Pending,No,Possession,60.5,Medium,33.4834573962061,18.0,On-Time,On-Time,Delayed,Delayed,On-Time
LA-1259,Madhya Pradesh,Indore,Metro,156.81,340,Paid,No,Notification,52.9,Low,72.08123892911313,16.1,On-Time,On-Time,On-Time,On-Time,Delayed
LA-1260,Uttar Pradesh,Kanpur,Railway,98.57,150,Partially Paid,Yes,Possession,69.9,High,71.77985151416777,7.6,On-Time,On-Time,On-Time,Delayed,On-Time
LA-1261,Madhya Pradesh,Indore,Airport,118.78,178,Partially Paid,No,Possession,72.3,Low,54.86905269539206,39.5,Delayed,On-Time,On-Time,On-Time,Delayed
LA-1262,West Bengal,Kolkata,Railway,177.44,248,Partially Paid,No,Compensation,58.2,High,84.52230416383992,18.4,On-Time,Delayed,Delayed,Delayed,On-Time
LA-1263,Uttar Pradesh,Prayagraj,Highway,105.24,198,Partially Paid,No,Compensation,52.7,Medium,61.89586010712333,10.6,On-Time,On-Time,Delayed,On-Time,On-Time
LA-1264,Rajasthan,Udaipur,Railway,22.84,25,Pending,No,Notification,52.8,Low,56.17403979146386,31.0,On-Time,On-Time,Delayed,Delayed,On-Time
LA-1265,Bihar,Gaya,Railway,133.7,169,Paid,No,Compensation,60.3,Low,82.56742772182714,32.9,On-Time,On-Time,On-Time,Delayed,On-Time
LA-1266,Karnataka,Mangaluru,Power Project,117.58,283,Pending,No,Approval,35.6,High,80.578408371703,9.1,On-Time,On-Time,On-Time,On-Time,On-Time
LA-1267,Karnataka,Hubballi,Airport,65.55,85,Paid,No,Possession,34.9,High,64.22606169956354,45.3,On-Time,On-Time,On-Time,Delayed,On-Time
LA-1268,Karnataka,Bengaluru,Highway,74.03,158,Paid,Yes,Approval,34.4,Medium,72.76296444086988,41.6,On-Time,Delayed,On-Time,Delayed,On-Time
LA-1269,Gujarat,Vadodara,Railway,140.67,179,Pending,No,Compensation,65.5,High,74.65570594523933,25.1,On-Time,On-Time,Delayed,On-Time,On-Time
LA-1270,Maharashtra,Nashik,Industrial Corridor,95.81,78,Paid,No,Notification,80.8,Medium,95.0,24.5,On-Time,On-Time,On-Time,On-Time,On-Time
LA-1271,Tamil Nadu,Salem,Metro,61.01,104,Paid,No,Notification,71.1,Medium,63.03469363936251,39.3,On-Time,On-Time,On-Time,On-Time,On-Time
LA-1272,Tamil Nadu,Madurai,Railway,89.95,102,Paid,No,Notification,65.1,Medium,47.30192479178841,17.4,On-Time,On-Time,On-Time,On-Time,On-Time
LA-1273,Bihar,Patna,Highway,34.63,144,Partially Paid,No,Notification,56.1,High,74.38217582265898,45.6,On-Time,Delayed,On-Time,On-Time,On-Time
LA-1274,Bihar,Muzaffarpur,Railway,44.73,118,Paid,No,Compensation,44.9,Medium,65.93322611642797,5.3,On-Time,On-Time,On-Time,Delayed,On-Time
LA-1275,Rajasthan,Kota,Metro,82.01,154,Paid,No,Possession,71.2,Low,66.6847753994248,26.8,On-Time,On-Time,Delayed,On-Time,On-Time
LA-1276,Rajasthan,Jodhpur,Highway,78.89,109,Paid,No,Compensation,39.5,Medium,64.53165561764195,22.1,On-Time,On-Time,On-Time,On-Time,Delayed
LA-1277,Tamil Nadu,Coimbatore,Airport,95.15,217,Pending,No,Compensation,94.4,Medium,41.13013089917192,8.7,On-Time,On-Time,Delayed,On-Time,On-Time
LA-1278,Madhya Pradesh,Indore,Highway,80.95,139,Paid,No,Compensation,69.9,High,68.920685990522,40.0,On-Time,On-Time,On-Time,On-Time,On-Time
LA-1279,Karnataka,Bengaluru,Airport,28.2,77,Partially Paid,No,Approval,77.5,High,59.61265718508031,15.8,On-Time,On-Time,On-Time,On-Time,On-Time
LA-1280,Tamil Nadu,Chennai,Highway,212.76,168,Paid,No,Approval,86.1,High,60.36397966645456,36.8,On-Time,On-Time,On-Time,On-Time,Delayed
LA-1281,Bihar,Gaya,Irrigation,172.56,260,Partially Paid,No,Approval,71.0,Medium,59.027343165639216,32.1,On-Time,On-Time,On-Time,On-Time,On-Time
LA-1282,Maharashtra,Aurangabad,Metro,107.51,125,Paid,Yes,Compensation,37.5,High,64.4119821095337,12.9,On-Time,Delayed,On-Time,Delayed,On-Time
LA-1283,Gujarat,Rajkot,Metro,58.29,155,Partially Paid,No,Notification,59.9,Medium,68.90674887754277,5.5,On-Time,On-Time,On-Time,On-Time,On-Time
LA-1284,Uttar Pradesh,Prayagraj,Highway,157.31,316,Partially Paid,No,Notification,58.1,Medium,64.56041724992933,29.1,On-Time,Delayed,On-Time,On-Time,On-Time
LA-1285,Madhya Pradesh,Bhopal,Irrigation,145.73,257,Paid,No,Compensation,49.5,Medium,82.32222679270397,32.9,On-Time,On-Time,On-Time,On-Time,Delayed
LA-1286,Delhi,New Delhi,Railway,195.54,253,Pending,No,Possession,80.0,High,76.34251699384731,27.1,On-Time,On-Time,On-Time,On-Time,On-Time
LA-1287,Rajasthan,Jodhpur,Metro,125.09,254,Pending,No,Compensation,18.8,Medium,63.90349946503747,13.0,Delayed,Delayed,On-Time,Delayed,Delayed
LA-1288,Rajasthan,Udaipur,Airport,65.85,163,Paid,No,Possession,55.6,Medium,49.46936162132598,60.0,On-Time,On-Time,On-Time,On-Time,On-Time
LA-1289,Maharashtra,Aurangabad,Airport,121.99,111,Partially Paid,Yes,Compensation,33.5,High,73.70792223376759,22.3,Delayed,Delayed,On-Time,Delayed,On-Time
LA-1290,Madhya Pradesh,Indore,Industrial Corridor,12.45,89,Partially Paid,No,Compensation,67.8,High,60.27641642122684,6.2,On-Time,On-Time,On-Time,On-Time,On-Time
LA-1291,Delhi,South Delhi,Power Project,61.87,168,Paid,Yes,Compensation,38.8,Medium,62.43882367498005,40.5,On-Time,On-Time,On-Time,On-Time,On-Time
LA-1292,Delhi,South Delhi,Irrigation,246.91,446,Paid,No,Possession,47.2,High,45.21972408610709,14.1,On-Time,Delayed,On-Time,On-Time,On-Time
LA-1293,Tamil Nadu,Chennai,Power Project,29.05,82,Pending,Yes,Approval,27.8,High,71.20356224462905,33.8,Delayed,On-Time,Delayed,Delayed,Delayed
LA-1294,Gujarat,Vadodara,Power Project,17.23,64,Partially Paid,Yes,Approval,77.7,High,95.0,12.4,On-Time,On-Time,Delayed,Delayed,On-Time
LA-1295,Uttar Pradesh,Varanasi,Airport,67.11,143,Pending,Yes,Approval,93.1,High,57.405700523208885,22.8,On-Time,On-Time,Delayed,On-Time,Delayed
LA-1296,Rajasthan,Kota,Industrial Corridor,68.22,56,Partially Paid,No,Compensation,62.0,Low,74.33903507259231,10.0,On-Time,On-Time,On-Time,On-Time,On-Time
LA-1297,Tamil Nadu,Madurai,Power Project,149.93,213,Paid,Yes,Possession,81.2,Medium,83.68788621782518,21.5,On-Time,Delayed,On-Time,On-Time,On-Time
LA-1298,Uttar Pradesh,Varanasi,Power Project,100.28,173,Paid,Yes,Approval,67.7,Medium,57.15534349305281,13.4,Delayed,On-Time,On-Time,On-Time,On-Time
LA-1299,Madhya Pradesh,Bhopal,Highway,83.26,97,Partially Paid,No,Approval,57.8,Low,28.62216269484078,19.3,On-Time,Delayed,On-Time,On-Time,Delayed
LA-1300,Uttar Pradesh,Lucknow,Highway,19.33,29,Partially Paid,No,Possession,70.4,Medium,75.43267239895,15.9,On-Time,On-Time,On-Time,Delayed,On-Time
LA-1301,Delhi,South Delhi,Highway,84.53,138,Paid,No,Compensation,78.1,Medium,66.18967214604211,41.3,On-Time,Delayed,On-Time,On-Time,On-Time
LA-1302,Rajasthan,Udaipur,Railway,46.75,104,Partially Paid,No,Compensation,52.9,High,69.67001273376071,50.3,On-Time,On-Time,Delayed,On-Time,Delayed
LA-1303,Rajasthan,Jodhpur,Power Project,136.97,151,Pending,No,Possession,69.9,Medium,65.82343397772068,15.5,Delayed,On-Time,On-Time,On-Time,On-Time
LA-1304,Madhya Pradesh,Gwalior,Railway,86.39,102,Pending,No,Compensation,56.4,High,82.39705043991374,43.9,On-Time,On-Time,On-Time,On-Time,On-Time
LA-1305,Karnataka,Bengaluru,Industrial Corridor,6.1,79,Paid,No,Compensation,16.6,High,63.53715161477076,60.0,On-Time,On-Time,On-Time,Delayed,On-Time
LA-1306,West Bengal,Kolkata,Irrigation,190.26,386,Paid,No,Notification,53.0,High,95.0,9.3,On-Time,On-Time,On-Time,On-Time,On-Time
LA-1307,Rajasthan,Jaipur,Airport,33.42,62,Pending,No,Notification,43.5,High,75.47073887472234,20.5,On-Time,On-Time,On-Time,On-Time,On-Time
LA-1308,Maharashtra,Pune,Power Project,91.77,226,Pending,Yes,Approval,62.7,High,80.17227941849895,17.2,On-Time,On-Time,On-Time,On-Time,Delayed
LA-1309,Tamil Nadu,Salem,Airport,75.17,125,Paid,No,Compensation,24.2,High,65.09854302631011,60.0,Delayed,On-Time,On-Time,On-Time,On-Time
LA-1310,Maharashtra,Mumbai,Irrigation,119.31,169,Pending,No,Possession,37.1,Low,69.66268258272913,26.4,On-Time,On-Time,Delayed,On-Time,On-Time
LA-1311,Gujarat,Ahmedabad,Highway,53.3,37,Paid,Yes,Possession,28.3,High,39.655468183294516,60.0,Delayed,Delayed,On-Time,On-Time,Delayed
LA-1312,Delhi,South Delhi,Power Project,46.31,89,Paid,Yes,Possession,57.8,Low,56.345220986793535,36.0,Delayed,Delayed,Delayed,On-Time,Delayed
LA-1313,Delhi,North Delhi,Metro,71.68,153,Paid,Yes,Approval,30.1,Medium,81.1648094435808,38.7,Delayed,On-Time,On-Time,On-Time,On-Time
LA-1314,West Bengal,Siliguri,Railway,205.46,351,Paid,No,Possession,30.3,Medium,63.99688543932727,22.4,Delayed,On-Time,On-Time,Delayed,On-Time
LA-1315,Bihar,Muzaffarpur,Railway,30.29,105,Pending,No,Compensation,63.2,High,48.1268254191313,31.2,On-Time,On-Time,On-Time,Delayed,Delayed
LA-1316,Karnataka,Mangaluru,Power Project,85.89,224,Partially Paid,No,Approval,50.3,Low,54.73687137763863,29.5,Delayed,On-Time,On-Time,Delayed,Delayed
LA-1317,Gujarat,Ahmedabad,Irrigation,102.8,219,Paid,No,Compensation,67.7,High,54.61576295921422,31.7,Delayed,Delayed,On-Time,On-Time,On-Time
LA-1318,Uttar Pradesh,Varanasi,Highway,92.9,287,Pending,Yes,Notification,77.8,Medium,64.4161556872986,4.9,On-Time,On-Time,Delayed,On-Time,Delayed
LA-1319,Uttar Pradesh,Agra,Railway,54.82,141,Pending,No,Notification,69.8,Medium,52.486925498533004,57.1,Delayed,On-Time,Delayed,On-Time,Delayed
LA-1320,Maharashtra,Mumbai,Highway,62.91,145,Paid,Yes,Possession,44.6,High,86.34592413513127,32.3,On-Time,On-Time,Delayed,On-Time,On-Time
LA-1321,Rajasthan,Jodhpur,Industrial Corridor,74.41,34,Partially Paid,No,Compensation,45.9,High,68.12307663003256,20.5,On-Time,On-Time,On-Time,On-Time,On-Time
LA-1322,Karnataka,Mysuru,Airport,82.45,205,Partially Paid,No,Approval,34.3,High,44.0672797044068,39.5,On-Time,On-Time,Delayed,On-Time,On-Time
LA-1323,Karnataka,Hubballi,Irrigation,10.97,64,Partially Paid,No,Compensation,70.6,Low,88.04211052840664,21.2,On-Time,On-Time,On-Time,Delayed,On-Time
LA-1324,Maharashtra,Mumbai,Metro,122.46,197,Partially Paid,No,Possession,68.3,Low,64.31325326059574,44.4,On-Time,On-Time,On-Time,On-Time,Delayed
LA-1325,West Bengal,Kolkata,Airport,109.14,125,Paid,No,Compensation,33.5,Low,72.58989599851981,15.5,Delayed,Delayed,On-Time,On-Time,On-Time
LA-1326,Karnataka,Bengaluru,Airport,147.99,219,Paid,No,Approval,61.3,High,69.60111964064141,58.4,On-Time,On-Time,On-Time,On-Time,On-Time
LA-1327,Madhya Pradesh,Bhopal,Industrial Corridor,14.75,65,Pending,No,Notification,79.1,High,71.2613304687441,26.3,On-Time,On-Time,On-Time,On-Time,On-Time
LA-1328,Madhya Pradesh,Bhopal,Railway,101.52,176,Pending,No,Approval,49.1,High,59.847364563499156,58.0,Delayed,Delayed,On-Time,Delayed,Delayed
LA-1329,Gujarat,Surat,Metro,76.06,83,Paid,No,Possession,62.3,Low,69.96144339887618,60.0,Delayed,On-Time,On-Time,On-Time,On-Time
LA-1330,Maharashtra,Nagpur,Railway,93.15,201,Paid,No,Approval,74.1,High,62.76145077752421,17.2,On-Time,On-Time,On-Time,Delayed,On-Time
LA-1331,Gujarat,Ahmedabad,Power Project,71.31,107,Pending,No,Compensation,37.4,High,70.43157164985931,2.3,On-Time,On-Time,On-Time,Delayed,On-Time
LA-1332,Tamil Nadu,Madurai,Airport,109.91,152,Paid,No,Compensation,57.0,Low,62.214093033242754,1.7,On-Time,On-Time,On-Time,On-Time,On-Time
LA-1333,Delhi,South Delhi,Power Project,51.03,66,Paid,No,Possession,67.7,Medium,60.64937468495805,9.5,On-Time,On-Time,On-Time,On-Time,On-Time
LA-1334,Uttar Pradesh,Lucknow,Highway,88.57,188,Paid,Yes,Compensation,74.7,Medium,43.069507863648994,8.3,Delayed,Delayed,On-Time,On-Time,On-Time
LA-1335,Delhi,North Delhi,Airport,18.5,44,Paid,Yes,Compensation,38.6,High,64.92193348697492,17.0,On-Time,On-Time,On-Time,On-Time,On-Time
LA-1336,Delhi,New Delhi,Railway,63.25,58,Paid,No,Approval,56.8,Medium,68.3692049983498,43.6,On-Time,On-Time,On-Time,On-Time,On-Time
LA-1337,Bihar,Gaya,Airport,65.82,169,Partially Paid,Yes,Notification,88.2,Low,92.73311083223375,19.0,Delayed,Delayed,Delayed,On-Time,Delayed
LA-1338,Karnataka,Hubballi,Highway,5.93,5,Paid,Yes,Possession,44.8,Medium,72.19049009957486,29.4,On-Time,On-Time,Delayed,Delayed,Delayed
LA-1339,Rajasthan,Jaipur,Industrial Corridor,90.41,112,Pending,Yes,Possession,71.9,High,54.12976636385112,36.9,On-Time,On-Time,Delayed,Delayed,Delayed
LA-1340,Uttar Pradesh,Varanasi,Power Project,106.21,148,Pending,No,Possession,91.7,High,49.77983562065405,34.7,On-Time,Delayed,On-Time,Delayed,On-Time
LA-1341,Rajasthan,Kota,Power Project,62.78,114,Pending,No,Possession,68.5,High,69.01156820007692,9.1,Delayed,On-Time,On-Time,On-Time,Delayed
LA-1342,Rajasthan,Udaipur,Railway,136.16,303,Pending,No,Possession,73.3,Medium,53.82578510965334,11.3,On-Time,Delayed,Delayed,Delayed,Delayed
LA-1343,Uttar Pradesh,Kanpur,Airport,191.24,171,Partially Paid,Yes,Compensation,65.7,High,56.47284754789277,13.0,Delayed,On-Time,On-Time,Delayed,Delayed
LA-1344,Gujarat,Surat,Railway,269.97,415,Paid,No,Possession,34.2,Medium,53.77810826076137,12.3,On-Time,On-Time,On-Time,On-Time,On-Time
LA-1345,Gujarat,Ahmedabad,Industrial Corridor,28.33,71,Paid,No,Compensation,82.3,Medium,60.071198295522194,25.1,Delayed,On-Time,Delayed,On-Time,On-Time
LA-1346,Madhya Pradesh,Gwalior,Airport,120.39,193,Paid,Yes,Notification,44.2,Medium,76.04183498564939,13.0,Delayed,On-Time,On-Time,On-Time,Delayed
LA-1347,Madhya Pradesh,Indore,Airport,91.3,129,Paid,Yes,Approval,41.3,High,35.15243310310718,19.2,On-Time,On-Time,On-Time,On-Time,On-Time
LA-1348,Delhi,New Delhi,Railway,80.62,133,Partially Paid,No,Possession,42.2,Medium,84.41974886481037,27.0,Delayed,On-Time,On-Time,On-Time,On-Time
LA-1349,Gujarat,Ahmedabad,Railway,28.36,86,Pending,No,Approval,86.3,Medium,61.93795733765358,3.0,Delayed,On-Time,On-Time,On-Time,Delayed
LA-1350,Madhya Pradesh,Gwalior,Highway,82.38,109,Paid,No,Possession,27.3,High,55.488764781709946,14.6,On-Time,On-Time,On-Time,Delayed,On-Time
LA-1351,Rajasthan,Jaipur,Irrigation,7.47,18,Partially Paid,No,Notification,42.8,Low,78.3164038351196,12.7,Delayed,On-Time,On-Time,Delayed,On-Time
LA-1352,Bihar,Muzaffarpur,Irrigation,71.78,203,Partially Paid,No,Approval,28.1,High,61.90624835829871,22.3,On-Time,On-Time,On-Time,On-Time,On-Time
LA-1353,Karnataka,Bengaluru,Industrial Corridor,17.77,59,Paid,Yes,Approval,31.6,Medium,49.29715730065393,25.3,Delayed,Delayed,On-Time,On-Time,Delayed
LA-1354,Uttar Pradesh,Varanasi,Irrigation,56.27,98,Pending,Yes,Notification,49.0,High,42.17249641323971,45.4,On-Time,Delayed,Delayed,Delayed,Delayed
LA-1355,Delhi,South Delhi,Highway,158.54,293,Partially Paid,No,Notification,67.3,Medium,75.43167104588831,40.3,Delayed,On-Time,On-Time,On-Time,On-Time
LA-1356,Madhya Pradesh,Jabalpur,Power Project,48.9,168,Paid,No,Notification,95.1,Medium,76.3960619158732,15.4,On-Time,On-Time,On-Time,On-Time,On-Time
LA-1357,Delhi,South Delhi,Airport,12.88,21,Pending,No,Possession,46.3,High,58.80427266747762,18.0,Delayed,On-Time,Delayed,On-Time,Delayed
LA-1358,Madhya Pradesh,Bhopal,Railway,100.85,149,Partially Paid,No,Notification,70.3,Medium,84.8198729206996,19.1,On-Time,On-Time,On-Time,On-Time,Delayed
LA-1359,West Bengal,Kolkata,Airport,46.64,52,Paid,No,Approval,66.5,Medium,65.5374641662149,36.4,On-Time,On-Time,On-Time,On-Time,On-Time
LA-1360,Madhya Pradesh,Gwalior,Airport,273.25,280,Partially Paid,No,Notification,41.7,Medium,84.92007328657222,48.6,On-Time,On-Time,Delayed,On-Time,On-Time
LA-1361,Gujarat,Rajkot,Metro,20.01,78,Partially Paid,Yes,Compensation,45.2,High,50.6394855242576,31.3,On-Time,On-Time,On-Time,Delayed,Delayed
LA-1362,Madhya Pradesh,Bhopal,Power Project,406.39,478,Paid,Yes,Compensation,24.4,High,48.80305781175639,25.7,Delayed,On-Time,On-Time,Delayed,On-Time
LA-1363,Rajasthan,Jodhpur,Metro,53.38,144,Pending,No,Compensation,38.2,Medium,57.295260444784894,6.9,Delayed,Delayed,On-Time,Delayed,Delayed
LA-1364,Rajasthan,Jaipur,Irrigation,51.51,101,Pending,Yes,Approval,89.0,High,59.00653446409943,21.2,Delayed,On-Time,On-Time,On-Time,Delayed
LA-1365,West Bengal,Howrah,Airport,23.69,49,Partially Paid,Yes,Approval,71.9,Medium,82.26630290468016,39.2,On-Time,On-Time,On-Time,Delayed,Delayed
LA-1366,Gujarat,Rajkot,Railway,108.43,195,Partially Paid,No,Compensation,68.8,High,69.40014635068361,21.6,On-Time,On-Time,On-Time,On-Time,On-Time
LA-1367,West Bengal,Howrah,Airport,8.56,5,Pending,No,Possession,58.5,High,53.611359771102144,21.2,On-Time,On-Time,Delayed,On-Time,Delayed
LA-1368,Bihar,Gaya,Power Project,101.96,173,Paid,Yes,Notification,75.2,Low,65.16738367435357,7.2,Delayed,On-Time,On-Time,On-Time,On-Time
LA-1369,Uttar Pradesh,Lucknow,Metro,147.77,186,Pending,No,Compensation,83.8,Medium,58.57922323777126,50.5,On-Time,On-Time,On-Time,On-Time,Delayed
LA-1370,Delhi,North Delhi,Railway,27.48,52,Partially Paid,Yes,Approval,30.6,Medium,52.94362828504978,7.8,Delayed,On-Time,On-Time,On-Time,Delayed
LA-1371,Uttar Pradesh,Lucknow,Airport,225.58,376,Paid,No,Notification,67.6,Low,63.80387352653505,51.6,On-Time,On-Time,Delayed,On-Time,On-Time
LA-1372,Delhi,North Delhi,Industrial Corridor,41.63,89,Partially Paid,No,Compensation,71.4,Medium,62.13715834261897,25.6,Delayed,On-Time,Delayed,Delayed,On-Time
LA-1373,Uttar Pradesh,Kanpur,Power Project,65.33,46,Partially Paid,No,Compensation,89.8,Medium,53.51482073023637,60.0,On-Time,Delayed,On-Time,On-Time,On-Time
LA-1374,Karnataka,Mangaluru,Power Project,16.87,45,Paid,Yes,Approval,84.8,Low,53.35453967806167,36.8,On-Time,Delayed,Delayed,On-Time,Delayed
LA-1375,Delhi,North Delhi,Industrial Corridor,73.88,173,Pending,No,Approval,50.6,Medium,77.21894864884682,39.8,On-Time,Delayed,On-Time,Delayed,Delayed
LA-1376,Maharashtra,Nagpur,Airport,114.3,125,Partially Paid,Yes,Possession,86.8,Medium,71.35123783137767,19.8,Delayed,On-Time,Delayed,On-Time,On-Time
LA-1377,Bihar,Gaya,Power Project,28.01,88,Pending,No,Possession,58.8,High,79.15503094410447,22.1,On-Time,On-Time,On-Time,On-Time,On-Time
LA-1378,Delhi,North Delhi,Railway,94.79,192,Paid,No,Possession,43.6,Low,60.74372355767435,19.9,Delayed,Delayed,Delayed,On-Time,Delayed
LA-1379,Tamil Nadu,Coimbatore,Airport,109.51,198,Partially Paid,No,Compensation,60.7,High,48.68396419815082,12.6,On-Time,On-Time,Delayed,On-Time,On-Time
LA-1380,Maharashtra,Nashik,Airport,134.42,217,Pending,Yes,Compensation,72.8,High,56.39146794433735,25.7,Delayed,On-Time,On-Time,On-Time,Delayed
LA-1381,Uttar Pradesh,Kanpur,Metro,79.91,157,Pending,No,Approval,72.6,High,80.40971008955006,10.8,On-Time,On-Time,On-Time,On-Time,Delayed
LA-1382,Karnataka,Mangaluru,Power Project,180.64,258,Pending,No,Notification,52.8,High,40.993934022050595,15.0,On-Time,On-Time,On-Time,On-Time,Delayed
LA-1383,Madhya Pradesh,Indore,Power Project,27.0,92,Pending,No,Approval,49.5,High,86.67066326785067,14.7,On-Time,On-Time,On-Time,Delayed,Delayed
LA-1384,Bihar,Patna,Industrial Corridor,105.86,274,Paid,No,Compensation,91.3,Low,48.34760534531996,15.6,Delayed,On-Time,Delayed,On-Time,On-Time
LA-1385,Karnataka,Mysuru,Metro,44.55,128,Pending,No,Approval,92.2,Medium,76.69514773914332,13.1,On-Time,On-Time,Delayed,Delayed,Delayed
LA-1386,Tamil Nadu,Salem,Irrigation,101.01,178,Paid,No,Possession,57.0,High,49.69312176186697,6.4,Delayed,On-Time,On-Time,On-Time,On-Time
LA-1387,Maharashtra,Nagpur,Metro,87.31,61,Paid,No,Notification,74.4,Medium,56.07247925139437,10.5,On-Time,On-Time,On-Time,On-Time,On-Time
LA-1388,Uttar Pradesh,Kanpur,Power Project,42.96,87,Paid,No,Approval,51.5,Medium,34.13784451243472,29.7,Delayed,On-Time,On-Time,On-Time,On-Time
LA-1389,Tamil Nadu,Coimbatore,Airport,75.59,154,Pending,No,Notification,47.8,Medium,92.80697841537194,17.4,On-Time,On-Time,On-Time,On-Time,On-Time
LA-1390,Tamil Nadu,Madurai,Metro,42.1,136,Paid,No,Approval,91.2,High,73.6224612507296,18.9,On-Time,On-Time,On-Time,On-Time,On-Time
LA-1391,West Bengal,Howrah,Industrial Corridor,254.76,284,Paid,No,Notification,97.1,Low,74.50547773043766,48.8,Delayed,On-Time,On-Time,On-Time,On-Time
LA-1392,Gujarat,Rajkot,Metro,126.42,254,Paid,No,Approval,89.2,High,57.606982659921435,60.0,On-Time,Delayed,On-Time,Delayed,On-Time
LA-1393,Gujarat,Rajkot,Industrial Corridor,258.26,549,Partially Paid,Yes,Approval,70.5,High,51.03868474625179,54.4,Delayed,Delayed,Delayed,Delayed,Delayed
LA-1394,Tamil Nadu,Salem,Irrigation,38.22,100,Pending,Yes,Compensation,38.0,High,76.64795910856681,51.6,Delayed,On-Time,On-Time,Delayed,Delayed
LA-1395,Maharashtra,Nagpur,Metro,15.52,58,Paid,No,Compensation,49.2,Medium,46.953131123768195,35.6,On-Time,On-Time,On-Time,On-Time,On-Time
LA-1396,West Bengal,Kolkata,Industrial Corridor,103.19,171,Partially Paid,No,Approval,47.9,Medium,62.49309709641196,43.7,Delayed,On-Time,On-Time,On-Time,On-Time
LA-1397,Bihar,Patna,Metro,104.8,141,Paid,No,Compensation,11.8,High,46.23904825311922,45.8,Delayed,On-Time,Delayed,On-Time,On-Time
LA-1398,Gujarat,Vadodara,Irrigation,131.96,269,Paid,Yes,Compensation,73.6,High,66.85922669877999,47.1,On-Time,Delayed,On-Time,On-Time,On-Time
LA-1399,Tamil Nadu,Chennai,Metro,132.51,307,Paid,Yes,Approval,81.4,Medium,36.24630853293074,10.2,Delayed,On-Time,On-Time,On-Time,On-Time
LA-1400,Tamil Nadu,Coimbatore,Railway,246.67,359,Paid,No,Possession,84.5,Medium,42.7913183995846,20.1,On-Time,Delayed,On-Time,On-Time,On-Time
LA-1401,Uttar Pradesh,Lucknow,Industrial Corridor,131.65,297,Partially Paid,No,Compensation,42.6,High,52.10270818501426,25.0,On-Time,On-Time,On-Time,Delayed,On-Time
LA-1402,Bihar,Muzaffarpur,Irrigation,32.71,29,Paid,No,Approval,42.4,Low,74.2212961115798,7.9,On-Time,Delayed,On-Time,On-Time,On-Time
LA-1403,Rajasthan,Kota,Industrial Corridor,22.5,42,Pending,No,Possession,79.3,Low,57.03023433107103,6.1,On-Time,On-Time,Delayed,On-Time,Delayed
LA-1404,Tamil Nadu,Coimbatore,Industrial Corridor,258.86,288,Pending,No,Possession,56.3,High,79.75397484672054,27.1,On-Time,On-Time,On-Time,On-Time,On-Time
LA-1405,Maharashtra,Pune,Highway,80.4,196,Paid,Yes,Possession,70.7,Medium,87.51047416489197,11.7,On-Time,On-Time,On-Time,On-Time,On-Time
LA-1406,Bihar,Patna,Irrigation,192.93,271,Paid,No,Compensation,27.0,High,60.3703530546756,29.9,On-Time,On-Time,On-Time,On-Time,On-Time
LA-1407,Gujarat,Ahmedabad,Metro,40.29,107,Pending,No,Approval,29.3,Medium,42.823288695937535,30.9,On-Time,On-Time,On-Time,On-Time,On-Time
LA-1408,Delhi,North Delhi,Industrial Corridor,128.8,199,Paid,No,Approval,72.3,High,79.48519934414072,20.3,On-Time,On-Time,On-Time,Delayed,On-Time
LA-1409,Bihar,Gaya,Power Project,39.89,103,Paid,No,Compensation,77.5,High,41.87650742217698,20.6,On-Time,On-Time,On-Time,On-Time,Delayed
LA-1410,Uttar Pradesh,Kanpur,Highway,5.35,28,Paid,Yes,Possession,47.4,Medium,51.4510444234177,15.1,On-Time,Delayed,On-Time,On-Time,On-Time
LA-1411,Maharashtra,Aurangabad,Railway,169.66,361,Pending,No,Compensation,49.5,Low,39.48403593610419,8.7,On-Time,Delayed,On-Time,On-Time,Delayed
LA-1412,West Bengal,Howrah,Industrial Corridor,27.95,73,Partially Paid,No,Possession,83.9,High,79.44747088031514,27.9,On-Time,Delayed,On-Time,On-Time,On-Time
LA-1413,West Bengal,Kolkata,Industrial Corridor,24.64,110,Paid,Yes,Approval,54.6,High,73.58128523831635,20.4,Delayed,Delayed,Delayed,On-Time,Delayed
LA-1414,Madhya Pradesh,Indore,Highway,73.47,133,Paid,No,Approval,30.7,High,89.27428587436415,10.3,On-Time,On-Time,On-Time,On-Time,On-Time
LA-1415,Madhya Pradesh,Bhopal,Metro,74.62,145,Paid,No,Possession,77.3,Medium,58.38116585734896,18.7,On-Time,On-Time,On-Time,On-Time,On-Time
LA-1416,Gujarat,Rajkot,Power Project,98.1,216,Paid,No,Possession,57.8,Medium,52.64037262383825,40.7,On-Time,On-Time,Delayed,On-Time,On-Time
LA-1417,Maharashtra,Aurangabad,Railway,106.32,152,Paid,No,Possession,67.5,Medium,57.127840484945594,6.0,On-Time,On-Time,On-Time,Delayed,On-Time
LA-1418,Maharashtra,Mumbai,Industrial Corridor,40.08,102,Pending,No,Possession,21.3,Medium,45.00843837605342,22.7,On-Time,On-Time,Delayed,Delayed,On-Time
LA-1419,Karnataka,Bengaluru,Metro,25.06,66,Paid,No,Approval,34.2,Medium,86.42977670943343,9.7,On-Time,On-Time,On-Time,On-Time,On-Time
LA-1420,Tamil Nadu,Salem,Irrigation,184.36,240,Paid,Yes,Compensation,42.0,Medium,95.0,18.7,On-Time,Delayed,On-Time,Delayed,On-Time
LA-1421,Tamil Nadu,Chennai,Power Project,142.01,298,Paid,Yes,Possession,70.1,Medium,54.14282303184438,4.0,Delayed,Delayed,On-Time,Delayed,Delayed
LA-1422,Tamil Nadu,Chennai,Irrigation,27.67,117,Paid,Yes,Compensation,25.6,Medium,73.89047121362347,6.6,Delayed,On-Time,Delayed,On-Time,Delayed
LA-1423,Uttar Pradesh,Agra,Power Project,17.88,50,Pending,No,Approval,84.9,Low,62.66766311791413,6.1,On-Time,Delayed,On-Time,On-Time,Delayed
LA-1424,Rajasthan,Jaipur,Railway,59.4,91,Paid,No,Approval,62.9,High,71.62610642252736,60.0,On-Time,On-Time,On-Time,On-Time,On-Time
LA-1425,Delhi,South Delhi,Airport,24.22,69,Paid,No,Compensation,48.8,High,80.89548028706209,26.9,On-Time,On-Time,On-Time,On-Time,On-Time
LA-1426,Rajasthan,Jaipur,Power Project,57.7,121,Paid,No,Notification,71.7,High,47.85362946748448,11.7,On-Time,Delayed,On-Time,Delayed,On-Time
LA-1427,Gujarat,Ahmedabad,Airport,135.92,112,Paid,No,Compensation,73.1,Low,57.82114172554111,12.1,Delayed,On-Time,On-Time,On-Time,On-Time
LA-1428,Bihar,Gaya,Irrigation,70.71,193,Pending,No,Notification,20.0,High,83.04733339905026,34.5,On-Time,On-Time,On-Time,Delayed,On-Time
LA-1429,Gujarat,Ahmedabad,Power Project,171.47,204,Paid,No,Approval,86.7,High,72.6325234181121,30.5,On-Time,On-Time,On-Time,On-Time,On-Time
LA-1430,Uttar Pradesh,Kanpur,Railway,62.69,78,Paid,No,Possession,77.3,Low,69.90979614091833,21.2,Delayed,Delayed,On-Time,On-Time,On-Time
LA-1431,Uttar Pradesh,Agra,Highway,163.85,218,Paid,No,Compensation,41.0,Low,72.64525761119324,51.2,On-Time,Delayed,On-Time,Delayed,On-Time
LA-1432,Tamil Nadu,Chennai,Railway,55.29,97,Pending,No,Possession,88.4,Low,74.11837263824803,12.1,Delayed,On-Time,Delayed,On-Time,On-Time
LA-1433,Madhya Pradesh,Gwalior,Railway,5.01,59,Partially Paid,No,Approval,31.6,High,82.36645128105683,6.3,On-Time,On-Time,On-Time,On-Time,On-Time
LA-1434,Uttar Pradesh,Prayagraj,Highway,104.75,211,Partially Paid,Yes,Possession,82.1,Low,76.30660457493829,49.2,Delayed,Delayed,Delayed,On-Time,On-Time
LA-1435,Uttar Pradesh,Lucknow,Highway,11.44,56,Paid,No,Approval,65.1,High,64.23909985254382,15.3,On-Time,On-Time,On-Time,On-Time,On-Time
LA-1436,Karnataka,Bengaluru,Metro,48.96,45,Pending,No,Notification,68.9,High,70.29554575347599,6.5,On-Time,On-Time,On-Time,On-Time,Delayed
LA-1437,Delhi,North Delhi,Power Project,78.13,92,Paid,Yes,Possession,44.7,High,63.988565054858746,21.9,On-Time,Delayed,Delayed,On-Time,Delayed
LA-1438,Tamil Nadu,Chennai,Irrigation,90.37,179,Partially Paid,Yes,Possession,83.5,Medium,53.80784444692445,24.8,On-Time,Delayed,Delayed,On-Time,Delayed
LA-1439,Karnataka,Hubballi,Metro,116.3,183,Partially Paid,No,Approval,50.8,High,64.22558821967499,21.3,Delayed,On-Time,On-Time,On-Time,Delayed
LA-1440,Uttar Pradesh,Lucknow,Highway,17.86,90,Partially Paid,No,Possession,65.2,Medium,63.29284171520913,47.3,On-Time,On-Time,On-Time,On-Time,On-Time
LA-1441,Uttar Pradesh,Kanpur,Airport,34.91,70,Paid,No,Compensation,61.5,Low,39.52862063304464,60.0,On-Time,Delayed,On-Time,On-Time,Delayed
LA-1442,West Bengal,Kolkata,Irrigation,61.8,189,Paid,No,Possession,74.5,High,76.62402439133075,15.5,On-Time,On-Time,On-Time,On-Time,On-Time
LA-1443,Gujarat,Vadodara,Airport,117.58,92,Paid,No,Compensation,19.8,High,79.16695168442932,37.4,On-Time,On-Time,Delayed,On-Time,On-Time
LA-1444,Gujarat,Vadodara,Railway,94.43,173,Paid,Yes,Compensation,31.5,High,73.1571335969487,17.0,On-Time,Delayed,On-Time,Delayed,Delayed
LA-1445,Tamil Nadu,Chennai,Industrial Corridor,34.15,49,Partially Paid,Yes,Approval,75.0,Low,78.27058729584282,48.8,On-Time,On-Time,Delayed,Delayed,On-Time
LA-1446,West Bengal,Kolkata,Railway,161.29,174,Paid,No,Approval,69.7,High,62.36136296672675,7.8,On-Time,On-Time,On-Time,On-Time,On-Time
LA-1447,West Bengal,Durgapur,Railway,18.69,107,Partially Paid,No,Compensation,62.9,High,57.288888330492014,23.8,On-Time,On-Time,Delayed,On-Time,On-Time
LA-1448,Tamil Nadu,Salem,Industrial Corridor,100.58,274,Pending,No,Compensation,52.9,High,79.23358055595081,32.2,On-Time,On-Time,On-Time,Delayed,Delayed
LA-1449,Gujarat,Surat,Power Project,40.03,92,Paid,No,Notification,75.7,Low,49.118248386121884,32.8,On-Time,On-Time,On-Time,Delayed,On-Time
LA-1450,Uttar Pradesh,Varanasi,Highway,138.74,230,Paid,Yes,Approval,41.0,High,48.598393614221635,16.3,Delayed,On-Time,Delayed,On-Time,On-Time
LA-1451,Tamil Nadu,Salem,Airport,48.82,128,Pending,Yes,Approval,45.8,High,71.72208091110062,20.0,On-Time,On-Time,On-Time,On-Time,Delayed
LA-1452,Madhya Pradesh,Bhopal,Railway,416.71,360,Partially Paid,Yes,Possession,71.9,High,71.31144796537569,30.6,Delayed,Delayed,Delayed,Delayed,Delayed
LA-1453,Gujarat,Surat,Industrial Corridor,102.3,232,Paid,No,Compensation,38.2,Low,78.95108688953347,24.2,On-Time,On-Time,On-Time,On-Time,Delayed
LA-1454,Bihar,Bhagalpur,Metro,198.15,317,Paid,No,Possession,82.4,High,39.343364748077605,23.3,On-Time,Delayed,Delayed,On-Time,On-Time
LA-1455,Uttar Pradesh,Lucknow,Railway,249.32,282,Partially Paid,No,Possession,69.2,Medium,63.53386638809751,15.9,On-Time,On-Time,On-Time,On-Time,On-Time
LA-1456,Rajasthan,Udaipur,Airport,64.27,103,Partially Paid,No,Compensation,94.1,High,48.044499187018616,10.8,On-Time,On-Time,On-Time,On-Time,On-Time
LA-1457,Delhi,New Delhi,Highway,72.15,159,Partially Paid,No,Possession,63.5,Low,77.8294131980347,42.5,On-Time,On-Time,On-Time,On-Time,Delayed
LA-1458,Rajasthan,Jaipur,Railway,185.62,284,Partially Paid,No,Approval,78.1,Medium,85.00623572941275,10.1,On-Time,On-Time,On-Time,On-Time,On-Time
LA-1459,Delhi,New Delhi,Railway,84.04,208,Pending,No,Notification,41.3,Medium,72.56743515282959,47.5,Delayed,On-Time,On-Time,On-Time,On-Time
LA-1460,Uttar Pradesh,Lucknow,Power Project,32.94,73,Paid,No,Approval,62.9,High,56.63228217119845,53.3,Delayed,On-Time,On-Time,Delayed,On-Time
LA-1461,Uttar Pradesh,Kanpur,Industrial Corridor,16.48,105,Partially Paid,Yes,Compensation,73.3,High,53.77122270990059,36.4,Delayed,Delayed,On-Time,Delayed,On-Time
LA-1462,Madhya Pradesh,Jabalpur,Metro,92.53,191,Pending,No,Possession,87.4,High,58.822571040129475,16.7,On-Time,On-Time,On-Time,On-Time,Delayed
LA-1463,Karnataka,Hubballi,Metro,50.11,68,Paid,No,Compensation,72.0,Medium,52.38313411741564,5.8,On-Time,Delayed,On-Time,On-Time,On-Time
LA-1464,Madhya Pradesh,Indore,Irrigation,135.06,210,Pending,No,Approval,78.5,Low,62.611382764820625,32.5,On-Time,Delayed,Delayed,On-Time,Delayed
LA-1465,West Bengal,Kolkata,Highway,55.55,209,Paid,No,Compensation,64.9,High,53.73701874315425,8.2,Delayed,On-Time,On-Time,On-Time,On-Time
LA-1466,Gujarat,Vadodara,Irrigation,242.12,281,Paid,No,Compensation,78.0,Low,44.27526335310445,13.4,On-Time,Delayed,On-Time,On-Time,Delayed
LA-1467,Maharashtra,Aurangabad,Airport,37.18,103,Pending,Yes,Notification,64.9,High,70.70969641917739,15.6,Delayed,On-Time,On-Time,On-Time,Delayed
LA-1468,Bihar,Muzaffarpur,Highway,25.61,5,Paid,Yes,Compensation,39.7,Low,71.86736031875999,11.0,Delayed,On-Time,On-Time,Delayed,Delayed
LA-1469,Uttar Pradesh,Kanpur,Railway,71.36,144,Paid,No,Possession,45.7,High,90.49129988602536,12.6,On-Time,On-Time,On-Time,On-Time,On-Time
LA-1470,West Bengal,Howrah,Railway,126.79,268,Paid,No,Possession,71.5,High,58.502093759986174,24.0,On-Time,On-Time,On-Time,Delayed,Delayed
LA-1471,Delhi,New Delhi,Metro,142.99,322,Paid,Yes,Compensation,93.0,Medium,36.64693015026606,60.0,Delayed,Delayed,Delayed,Delayed,Delayed
LA-1472,West Bengal,Kolkata,Airport,84.15,169,Partially Paid,No,Approval,67.6,Medium,77.22952133990306,30.6,On-Time,Delayed,On-Time,On-Time,On-Time
LA-1473,Delhi,South Delhi,Industrial Corridor,251.54,465,Paid,No,Notification,46.5,Medium,78.91634382271293,42.8,On-Time,On-Time,On-Time,On-Time,Delayed
LA-1474,Bihar,Muzaffarpur,Airport,77.49,210,Paid,No,Compensation,85.1,Medium,82.13002457123524,14.8,On-Time,Delayed,On-Time,Delayed,Delayed
LA-1475,Rajasthan,Kota,Railway,62.82,106,Paid,No,Possession,20.1,Medium,87.06986505073941,60.0,On-Time,On-Time,On-Time,Delayed,On-Time
LA-1476,West Bengal,Kolkata,Industrial Corridor,103.33,132,Partially Paid,No,Approval,26.2,High,87.28296093526755,60.0,On-Time,On-Time,On-Time,On-Time,Delayed
LA-1477,Delhi,North Delhi,Airport,29.67,73,Partially Paid,No,Approval,38.3,High,50.34835328250167,16.8,On-Time,On-Time,On-Time,On-Time,On-Time
LA-1478,Madhya Pradesh,Indore,Airport,162.98,317,Partially Paid,No,Possession,77.0,High,88.22116332246296,60.0,On-Time,On-Time,On-Time,On-Time,On-Time
LA-1479,West Bengal,Kolkata,Industrial Corridor,182.76,276,Partially Paid,No,Possession,43.3,Medium,60.07947042771691,12.3,On-Time,On-Time,On-Time,Delayed,On-Time
LA-1480,Rajasthan,Udaipur,Railway,89.93,153,Paid,Yes,Compensation,65.9,Medium,76.97655241825476,19.3,On-Time,On-Time,Delayed,Delayed,On-Time
LA-1481,Madhya Pradesh,Indore,Airport,35.04,89,Pending,No,Notification,43.8,Medium,68.89239081546269,20.6,Delayed,Delayed,On-Time,Delayed,Delayed
LA-1482,Karnataka,Hubballi,Industrial Corridor,94.59,152,Paid,No,Notification,28.1,Medium,50.40876343479823,16.1,On-Time,On-Time,On-Time,On-Time,On-Time
LA-1483,Rajasthan,Udaipur,Power Project,243.59,239,Paid,No,Notification,33.2,High,82.40537521184743,4.8,On-Time,On-Time,On-Time,Delayed,On-Time
LA-1484,Madhya Pradesh,Jabalpur,Power Project,118.54,236,Partially Paid,No,Compensation,76.1,Medium,58.15847726425332,5.3,On-Time,On-Time,On-Time,On-Time,Delayed
LA-1485,Madhya Pradesh,Indore,Railway,139.39,289,Paid,No,Notification,66.5,High,92.8816164285898,18.1,On-Time,On-Time,On-Time,On-Time,On-Time
LA-1486,Bihar,Bhagalpur,Industrial Corridor,155.94,320,Paid,Yes,Possession,68.3,Medium,53.55135202008828,44.8,Delayed,Delayed,Delayed,On-Time,Delayed
LA-1487,Delhi,North Delhi,Power Project,29.01,87,Paid,No,Possession,58.6,High,49.933232879232975,21.0,On-Time,On-Time,On-Time,On-Time,On-Time
LA-1488,Maharashtra,Nashik,Industrial Corridor,67.67,148,Partially Paid,No,Approval,88.8,Medium,55.05694085556397,13.2,On-Time,On-Time,On-Time,On-Time,On-Time
LA-1489,West Bengal,Durgapur,Airport,129.83,190,Paid,No,Compensation,64.7,Medium,87.42801911643197,37.4,On-Time,On-Time,On-Time,On-Time,On-Time
LA-1490,Bihar,Patna,Railway,21.45,12,Pending,Yes,Compensation,28.2,High,41.49200095359244,32.1,Delayed,Delayed,Delayed,Delayed,Delayed
LA-1491,Rajasthan,Udaipur,Power Project,175.72,298,Paid,No,Possession,66.3,Medium,78.69599704154085,26.9,On-Time,Delayed,On-Time,On-Time,On-Time
LA-1492,Madhya Pradesh,Jabalpur,Irrigation,23.05,104,Partially Paid,No,Possession,30.6,High,92.48540764047416,12.8,On-Time,On-Time,On-Time,On-Time,On-Time
LA-1493,Maharashtra,Nashik,Airport,53.18,107,Pending,Yes,Notification,53.9,High,62.459274148121345,22.7,On-Time,On-Time,Delayed,On-Time,On-Time
LA-1494,Uttar Pradesh,Varanasi,Irrigation,171.35,321,Partially Paid,No,Notification,88.7,Medium,59.103704243109796,1.8,Delayed,On-Time,On-Time,On-Time,On-Time
LA-1495,Rajasthan,Jaipur,Irrigation,72.92,134,Partially Paid,No,Possession,61.1,Low,66.19843929444572,46.1,On-Time,Delayed,On-Time,Delayed,On-Time
LA-1496,Gujarat,Ahmedabad,Highway,92.77,203,Partially Paid,No,Compensation,78.0,High,48.16386257297735,32.6,On-Time,On-Time,Delayed,On-Time,Delayed
LA-1497,Madhya Pradesh,Bhopal,Highway,270.86,362,Paid,No,Notification,62.5,High,95.0,14.9,On-Time,On-Time,On-Time,Delayed,Delayed
LA-1498,Delhi,North Delhi,Railway,152.84,168,Pending,No,Compensation,62.8,Medium,75.04715644505217,23.9,On-Time,On-Time,Delayed,Delayed,On-Time
LA-1499,West Bengal,Howrah,Power Project,76.01,127,Paid,Yes,Possession,81.8,Medium,46.692260718673495,18.2,On-Time,On-Time,On-Time,On-Time,On-Time
LA-1500,West Bengal,Kolkata,Power Project,158.67,203,Pending,No,Approval,62.3,High,52.89218645995742,23.5,On-Time,On-Time,On-Time,Delayed,On-Time
LA-1501,Karnataka,Bengaluru,Power Project,77.37,132,Partially Paid,No,Possession,95.0,Low,67.68700685364485,60.0,On-Time,On-Time,Delayed,On-Time,Delayed
LA-1502,Rajasthan,Jodhpur,Industrial Corridor,67.32,171,Pending,No,Notification,38.0,Medium,45.58364741152539,46.9,On-Time,On-Time,On-Time,On-Time,Delayed
LA-1503,Maharashtra,Nashik,Airport,81.35,132,Paid,No,Possession,77.0,High,42.43518360368415,39.1,On-Time,On-Time,On-Time,On-Time,On-Time
LA-1504,Tamil Nadu,Salem,Power Project,61.0,174,Pending,No,Compensation,28.9,High,69.4065212146916,39.3,On-Time,On-Time,On-Time,On-Time,Delayed
LA-1505,Karnataka,Bengaluru,Airport,46.9,62,Paid,Yes,Approval,27.9,Medium,80.08997509449023,49.3,On-Time,On-Time,On-Time,Delayed,On-Time
LA-1506,Uttar Pradesh,Kanpur,Railway,56.28,69,Partially Paid,No,Compensation,76.0,Medium,78.72832943756632,50.2,On-Time,On-Time,On-Time,On-Time,Delayed
LA-1507,Bihar,Gaya,Irrigation,51.54,101,Paid,No,Possession,46.8,High,64.10393645280523,35.1,On-Time,On-Time,On-Time,On-Time,On-Time
LA-1508,Tamil Nadu,Chennai,Power Project,35.47,5,Partially Paid,Yes,Possession,57.8,Low,60.88235888565846,22.1,Delayed,Delayed,On-Time,Delayed,Delayed
LA-1509,West Bengal,Durgapur,Railway,125.64,114,Partially Paid,Yes,Approval,19.8,High,65.7750528335065,9.7,On-Time,On-Time,On-Time,On-Time,Delayed
LA-1510,Karnataka,Hubballi,Power Project,137.21,127,Paid,No,Compensation,37.1,Medium,79.88190558135591,28.9,Delayed,Delayed,On-Time,On-Time,On-Time
LA-1511,Madhya Pradesh,Gwalior,Highway,67.99,88,Partially Paid,No,Compensation,31.6,High,46.148479783107376,20.0,On-Time,On-Time,On-Time,Delayed,On-Time
LA-1512,Gujarat,Surat,Metro,284.02,325,Paid,No,Compensation,31.9,Low,53.33873536701212,10.6,On-Time,Delayed,On-Time,Delayed,Delayed
LA-1513,West Bengal,Howrah,Railway,191.51,263,Partially Paid,No,Possession,61.0,Medium,59.33351039911415,24.2,On-Time,Delayed,On-Time,On-Time,Delayed
LA-1514,Bihar,Bhagalpur,Power Project,123.86,307,Partially Paid,No,Notification,58.3,High,61.366409814813984,7.2,On-Time,Delayed,On-Time,On-Time,On-Time
LA-1515,Delhi,South Delhi,Metro,148.92,185,Paid,No,Approval,61.4,Low,64.18293624353433,17.0,On-Time,Delayed,On-Time,On-Time,On-Time
LA-1516,Delhi,South Delhi,Railway,25.52,86,Partially Paid,No,Compensation,16.5,High,64.6264597045577,40.0,On-Time,On-Time,On-Time,Delayed,Delayed
LA-1517,Gujarat,Surat,Industrial Corridor,179.84,250,Partially Paid,No,Notification,52.5,Medium,75.1103706624472,22.1,Delayed,Delayed,On-Time,Delayed,Delayed
LA-1518,Tamil Nadu,Salem,Power Project,48.24,31,Paid,No,Possession,52.0,Low,38.557756667356756,32.9,Delayed,Delayed,On-Time,On-Time,On-Time
LA-1519,West Bengal,Durgapur,Industrial Corridor,246.08,469,Pending,No,Compensation,59.4,Medium,40.97839921283198,32.0,Delayed,Delayed,Delayed,On-Time,On-Time
LA-1520,Uttar Pradesh,Varanasi,Highway,398.1,406,Partially Paid,No,Compensation,66.8,Low,55.0220844730318,20.9,On-Time,Delayed,On-Time,Delayed,Delayed
LA-1521,Madhya Pradesh,Jabalpur,Power Project,322.76,342,Paid,No,Possession,66.6,Low,77.95384033880148,36.0,Delayed,On-Time,Delayed,On-Time,On-Time
LA-1522,Gujarat,Vadodara,Irrigation,126.83,184,Paid,Yes,Compensation,45.8,Low,55.22075331716683,22.8,Delayed,On-Time,Delayed,Delayed,Delayed
LA-1523,West Bengal,Howrah,Highway,140.07,226,Partially Paid,Yes,Compensation,36.0,High,64.38376641088573,8.8,On-Time,On-Time,On-Time,Delayed,On-Time
LA-1524,Bihar,Muzaffarpur,Metro,145.7,305,Paid,No,Notification,71.3,High,66.92210634518015,20.3,On-Time,On-Time,On-Time,Delayed,On-Time
LA-1525,Bihar,Muzaffarpur,Railway,64.71,186,Paid,No,Approval,62.4,Medium,69.7414513319094,60.0,On-Time,Delayed,On-Time,On-Time,Delayed
LA-1526,Rajasthan,Udaipur,Airport,121.34,205,Paid,No,Notification,60.2,Medium,88.46862668299501,12.0,On-Time,On-Time,On-Time,On-Time,On-Time
LA-1527,Gujarat,Vadodara,Highway,42.43,128,Partially Paid,No,Compensation,12.9,Medium,75.41966267506868,60.0,On-Time,Delayed,On-Time,On-Time,Delayed
LA-1528,Maharashtra,Nagpur,Airport,242.44,406,Partially Paid,No,Compensation,75.7,High,79.96194713579338,2.3,Delayed,On-Time,On-Time,Delayed,On-Time
LA-1529,Delhi,North Delhi,Airport,138.1,306,Paid,No,Approval,76.5,Low,63.09805438818941,7.0,On-Time,Delayed,Delayed,On-Time,On-Time
LA-1530,Bihar,Gaya,Railway,189.87,388,Partially Paid,No,Compensation,46.1,Low,87.1025578254488,11.1,On-Time,On-Time,Delayed,On-Time,On-Time
LA-1531,Tamil Nadu,Salem,Metro,87.43,230,Pending,Yes,Approval,68.2,High,66.07411493400834,7.8,On-Time,On-Time,On-Time,On-Time,On-Time
LA-1532,West Bengal,Kolkata,Railway,57.98,107,Pending,No,Possession,55.7,High,35.67019706256513,40.9,Delayed,On-Time,Delayed,On-Time,On-Time
LA-1533,West Bengal,Kolkata,Power Project,26.83,118,Pending,No,Notification,79.1,High,95.0,6.0,On-Time,On-Time,Delayed,Delayed,On-Time
LA-1534,Madhya Pradesh,Jabalpur,Highway,49.73,116,Pending,No,Possession,75.2,High,65.69273903285412,12.1,On-Time,Delayed,Delayed,On-Time,On-Time
LA-1535,Tamil Nadu,Madurai,Airport,75.94,87,Paid,No,Compensation,93.2,Medium,72.94658752422757,35.7,On-Time,On-Time,On-Time,On-Time,On-Time
LA-1536,West Bengal,Siliguri,Railway,140.99,256,Paid,Yes,Compensation,82.8,Low,48.97085806422497,26.7,On-Time,Delayed,Delayed,On-Time,Delayed
LA-1537,Bihar,Gaya,Railway,110.96,122,Paid,No,Approval,87.0,High,95.0,21.2,On-Time,On-Time,On-Time,On-Time,On-Time
LA-1538,Maharashtra,Aurangabad,Railway,100.01,184,Partially Paid,No,Possession,86.8,Medium,53.101191279791735,19.2,On-Time,Delayed,On-Time,On-Time,On-Time
LA-1539,Rajasthan,Udaipur,Highway,135.09,165,Pending,No,Approval,57.6,Medium,59.22129784860519,34.7,On-Time,On-Time,On-Time,On-Time,Delayed
LA-1540,Uttar Pradesh,Lucknow,Metro,76.7,166,Paid,No,Compensation,53.8,High,42.06358149631499,8.5,On-Time,On-Time,On-Time,Delayed,On-Time
LA-1541,West Bengal,Siliguri,Irrigation,135.33,228,Paid,Yes,Possession,56.8,Medium,70.46866544041637,11.4,Delayed,On-Time,On-Time,On-Time,Delayed
LA-1542,Madhya Pradesh,Jabalpur,Railway,98.81,168,Partially Paid,No,Possession,52.9,Medium,60.77726931094342,30.1,Delayed,On-Time,On-Time,On-Time,On-Time
LA-1543,Uttar Pradesh,Lucknow,Highway,95.57,165,Paid,No,Compensation,36.8,Low,41.846087173369426,12.0,Delayed,Delayed,On-Time,Delayed,On-Time
LA-1544,Karnataka,Mysuru,Airport,46.58,82,Paid,Yes,Possession,70.5,Medium,63.98643608317028,23.3,Delayed,On-Time,Delayed,On-Time,On-Time
LA-1545,Madhya Pradesh,Indore,Power Project,64.54,162,Paid,No,Compensation,84.7,Medium,66.42192439514106,17.4,On-Time,On-Time,Delayed,On-Time,On-Time
LA-1546,Gujarat,Ahmedabad,Irrigation,13.47,82,Pending,No,Approval,38.8,High,61.2878598793852,13.5,On-Time,On-Time,On-Time,Delayed,On-Time
LA-1547,Uttar Pradesh,Prayagraj,Industrial Corridor,41.11,78,Paid,No,Approval,57.9,High,37.68668036814291,20.6,On-Time,On-Time,On-Time,On-Time,Delayed
LA-1548,Karnataka,Mysuru,Irrigation,167.85,114,Partially Paid,No,Approval,79.4,High,69.36193710844636,3.2,On-Time,On-Time,On-Time,On-Time,On-Time
LA-1549,Rajasthan,Kota,Irrigation,45.33,112,Paid,No,Approval,54.0,High,45.985395550297945,29.4,Delayed,On-Time,On-Time,On-Time,On-Time
LA-1550,Tamil Nadu,Salem,Highway,110.0,235,Partially Paid,Yes,Possession,69.3,High,78.338255240718,28.7,On-Time,Delayed,Delayed,Delayed,On-Time
LA-1551,Rajasthan,Jodhpur,Industrial Corridor,41.98,105,Paid,Yes,Compensation,55.6,High,56.6688351947549,50.6,Delayed,On-Time,Delayed,Delayed,On-Time
LA-1552,Bihar,Bhagalpur,Railway,150.84,312,Paid,No,Notification,31.0,Medium,78.9142833592293,10.7,On-Time,Delayed,On-Time,On-Time,On-Time
LA-1553,Madhya Pradesh,Bhopal,Railway,115.75,138,Paid,Yes,Possession,59.5,Medium,65.21124289702664,45.2,On-Time,Delayed,On-Time,On-Time,On-Time
LA-1554,Madhya Pradesh,Gwalior,Irrigation,28.72,15,Paid,No,Approval,32.6,High,65.9809223065243,11.1,Delayed,On-Time,On-Time,On-Time,On-Time
LA-1555,Bihar,Patna,Highway,157.02,280,Partially Paid,Yes,Possession,73.4,High,84.1444608429891,36.7,On-Time,On-Time,On-Time,On-Time,Delayed
LA-1556,Gujarat,Vadodara,Industrial Corridor,188.93,304,Paid,No,Possession,51.7,Medium,52.771015634606286,7.7,On-Time,Delayed,Delayed,On-Time,On-Time
LA-1557,Uttar Pradesh,Varanasi,Railway,42.87,123,Pending,No,Possession,58.6,High,48.56339100335078,12.0,On-Time,On-Time,Delayed,On-Time,Delayed
LA-1558,Delhi,New Delhi,Airport,69.39,102,Paid,No,Possession,42.5,High,73.33552609309375,12.8,On-Time,On-Time,On-Time,On-Time,On-Time
LA-1559,Tamil Nadu,Madurai,Metro,36.16,44,Paid,No,Approval,82.4,Medium,45.28926735265851,23.6,On-Time,On-Time,On-Time,On-Time,On-Time
LA-1560,Madhya Pradesh,Gwalior,Metro,146.48,226,Pending,No,Compensation,70.1,High,53.01831915952622,27.6,On-Time,On-Time,Delayed,On-Time,On-Time
LA-1561,Karnataka,Mangaluru,Railway,85.76,78,Paid,No,Approval,95.8,High,41.31257579866332,5.8,On-Time,On-Time,On-Time,On-Time,On-Time
LA-1562,Uttar Pradesh,Lucknow,Industrial Corridor,85.34,137,Paid,No,Approval,71.7,High,82.27733843329071,25.5,On-Time,On-Time,On-Time,On-Time,On-Time
LA-1563,Uttar Pradesh,Varanasi,Power Project,75.34,81,Paid,No,Compensation,70.5,High,49.959873864788904,23.4,On-Time,On-Time,On-Time,On-Time,On-Time
LA-1564,Delhi,North Delhi,Railway,194.92,182,Pending,Yes,Notification,55.7,Low,55.18580936055129,27.3,On-Time,Delayed,Delayed,Delayed,Delayed
LA-1565,Gujarat,Ahmedabad,Power Project,306.18,380,Pending,No,Possession,54.1,High,45.649212613262634,27.6,On-Time,Delayed,Delayed,Delayed,On-Time
LA-1566,Madhya Pradesh,Indore,Power Project,190.95,182,Paid,No,Possession,87.3,Medium,59.218680407572776,53.2,Delayed,Delayed,On-Time,On-Time,On-Time
LA-1567,Gujarat,Ahmedabad,Industrial Corridor,149.21,152,Partially Paid,No,Approval,67.8,Medium,62.85583453191753,13.7,On-Time,On-Time,Delayed,Delayed,On-Time
LA-1568,Gujarat,Rajkot,Power Project,57.38,185,Partially Paid,No,Compensation,23.7,High,77.3896558465551,46.3,On-Time,On-Time,On-Time,On-Time,On-Time
LA-1569,Bihar,Muzaffarpur,Airport,51.55,31,Pending,Yes,Compensation,62.6,High,45.170655171045084,29.9,Delayed,Delayed,On-Time,On-Time,Delayed
LA-1570,Maharashtra,Nagpur,Industrial Corridor,47.16,99,Paid,Yes,Possession,63.8,Low,55.98617100619526,17.2,Delayed,On-Time,On-Time,Delayed,Delayed
LA-1571,Rajasthan,Jaipur,Railway,64.55,80,Pending,No,Compensation,47.6,Low,86.3410770132998,14.8,Delayed,On-Time,Delayed,Delayed,On-Time
LA-1572,Tamil Nadu,Salem,Irrigation,59.77,118,Paid,No,Approval,71.1,High,80.6158970741496,34.2,On-Time,On-Time,On-Time,On-Time,On-Time
LA-1573,Gujarat,Surat,Airport,129.92,193,Paid,Yes,Approval,55.3,High,54.83292086379094,11.2,On-Time,On-Time,On-Time,On-Time,On-Time
LA-1574,Madhya Pradesh,Jabalpur,Highway,21.85,55,Paid,No,Approval,51.4,Medium,64.25790297014542,30.9,On-Time,On-Time,On-Time,Delayed,On-Time
LA-1575,Bihar,Gaya,Metro,62.94,155,Partially Paid,No,Possession,46.9,High,94.52052858962274,15.0,On-Time,On-Time,Delayed,Delayed,On-Time
LA-1576,West Bengal,Kolkata,Railway,12.28,96,Partially Paid,No,Notification,75.6,High,47.09026594936257,35.0,Delayed,Delayed,On-Time,On-Time,On-Time
LA-1577,Uttar Pradesh,Prayagraj,Railway,151.46,280,Partially Paid,Yes,Notification,22.4,High,36.181084883747985,13.2,On-Time,Delayed,On-Time,Delayed,Delayed
LA-1578,West Bengal,Howrah,Railway,63.57,168,Partially Paid,Yes,Possession,67.0,High,56.95858486372701,19.3,Delayed,Delayed,Delayed,Delayed,On-Time
LA-1579,Rajasthan,Jodhpur,Airport,239.23,475,Partially Paid,No,Possession,25.5,High,63.74933165615138,15.6,Delayed,On-Time,On-Time,Delayed,Delayed
LA-1580,Maharashtra,Pune,Highway,135.75,255,Pending,Yes,Possession,79.9,Medium,52.9670681689534,50.9,On-Time,On-Time,On-Time,On-Time,On-Time
LA-1581,Rajasthan,Udaipur,Irrigation,12.58,116,Paid,Yes,Compensation,81.8,Medium,79.6536490012476,60.0,Delayed,Delayed,Delayed,On-Time,On-Time
LA-1582,West Bengal,Howrah,Industrial Corridor,25.53,167,Paid,Yes,Compensation,42.6,Medium,68.15983535047268,15.9,Delayed,On-Time,On-Time,Delayed,Delayed
LA-1583,Rajasthan,Jaipur,Highway,61.95,173,Paid,No,Compensation,38.1,High,55.933583480532604,27.0,Delayed,On-Time,On-Time,Delayed,On-Time
LA-1584,Maharashtra,Aurangabad,Airport,310.45,551,Paid,No,Notification,71.7,High,56.915195174373366,22.3,On-Time,On-Time,On-Time,On-Time,On-Time
LA-1585,Madhya Pradesh,Gwalior,Railway,38.49,119,Partially Paid,No,Compensation,79.0,Medium,53.80478159904679,14.8,On-Time,Delayed,On-Time,On-Time,On-Time
LA-1586,Maharashtra,Nagpur,Metro,96.56,242,Partially Paid,No,Notification,61.3,High,77.44600821481055,10.8,On-Time,On-Time,On-Time,On-Time,On-Time
LA-1587,Delhi,New Delhi,Railway,166.8,240,Partially Paid,Yes,Approval,45.9,High,57.91199022076963,9.5,On-Time,On-Time,On-Time,On-Time,Delayed
LA-1588,Uttar Pradesh,Prayagraj,Industrial Corridor,193.63,335,Paid,No,Possession,30.1,High,47.10634281100128,12.5,On-Time,Delayed,On-Time,On-Time,Delayed
LA-1589,Uttar Pradesh,Kanpur,Power Project,75.41,117,Partially Paid,Yes,Approval,69.8,High,79.42852070771004,16.5,Delayed,Delayed,On-Time,Delayed,On-Time
LA-1590,Uttar Pradesh,Agra,Metro,34.92,63,Paid,No,Possession,70.1,Low,60.85396275142999,18.1,On-Time,On-Time,On-Time,On-Time,On-Time
LA-1591,Uttar Pradesh,Varanasi,Railway,83.0,80,Pending,Yes,Approval,51.6,Medium,44.60150220313705,4.3,On-Time,On-Time,Delayed,On-Time,Delayed
LA-1592,Madhya Pradesh,Indore,Irrigation,159.94,213,Paid,No,Approval,42.4,High,90.69232579799137,39.7,On-Time,Delayed,Delayed,On-Time,On-Time
LA-1593,Uttar Pradesh,Varanasi,Metro,132.24,294,Partially Paid,Yes,Compensation,93.4,Medium,74.15820404946032,47.7,On-Time,On-Time,On-Time,Delayed,On-Time
LA-1594,Maharashtra,Nagpur,Power Project,14.9,79,Pending,No,Possession,43.8,High,65.69373593098253,53.1,On-Time,Delayed,Delayed,On-Time,Delayed
LA-1595,Bihar,Muzaffarpur,Highway,19.42,51,Pending,No,Compensation,56.5,High,61.822309166918544,7.0,On-Time,On-Time,On-Time,On-Time,On-Time
LA-1596,Rajasthan,Udaipur,Airport,163.85,274,Paid,No,Possession,10.9,High,60.794904389861294,19.1,On-Time,Delayed,On-Time,On-Time,On-Time
LA-1597,Karnataka,Bengaluru,Railway,27.8,84,Paid,No,Notification,31.0,Medium,60.48892010699952,41.8,On-Time,On-Time,On-Time,On-Time,On-Time
LA-1598,Uttar Pradesh,Agra,Industrial Corridor,24.77,61,Paid,Yes,Possession,54.8,High,60.89639684733464,3.4,Delayed,Delayed,On-Time,On-Time,On-Time
LA-1599,Uttar Pradesh,Agra,Highway,89.54,175,Paid,Yes,Notification,35.4,High,56.15442058233156,8.8,On-Time,On-Time,On-Time,On-Time,Delayed
LA-1600,Delhi,North Delhi,Railway,159.23,195,Partially Paid,No,Possession,70.2,High,63.4497533437471,35.7,On-Time,Delayed,Delayed,On-Time,On-Time
LA-1601,Uttar Pradesh,Varanasi,Highway,223.38,430,Pending,Yes,Approval,14.6,High,55.85782711235889,17.3,On-Time,On-Time,Delayed,On-Time,Delayed
LA-1602,Maharashtra,Nagpur,Industrial Corridor,29.34,49,Paid,No,Possession,58.1,Medium,68.35181429208524,19.4,On-Time,On-Time,On-Time,On-Time,On-Time
LA-1603,Uttar Pradesh,Agra,Railway,299.04,350,Partially Paid,No,Compensation,64.9,Low,64.64784384216831,12.8,On-Time,On-Time,Delayed,On-Time,Delayed
LA-1604,Uttar Pradesh,Agra,Power Project,13.66,93,Pending,Yes,Notification,87.5,Medium,54.492883403979064,26.4,On-Time,Delayed,On-Time,On-Time,Delayed
LA-1605,Uttar Pradesh,Lucknow,Power Project,56.67,112,Paid,No,Possession,27.4,Medium,63.69768936068065,24.3,On-Time,On-Time,On-Time,On-Time,On-Time
LA-1606,Rajasthan,Udaipur,Industrial Corridor,123.4,210,Paid,Yes,Approval,44.0,Low,73.14408893007332,9.7,On-Time,Delayed,On-Time,On-Time,On-Time
LA-1607,Uttar Pradesh,Lucknow,Metro,33.36,119,Pending,No,Approval,46.4,High,31.15379152474982,44.7,On-Time,On-Time,Delayed,Delayed,Delayed
LA-1608,Gujarat,Vadodara,Industrial Corridor,66.33,109,Pending,No,Possession,43.9,High,73.67297461680629,2.4,On-Time,On-Time,Delayed,On-Time,On-Time
LA-1609,Rajasthan,Kota,Metro,58.63,141,Partially Paid,No,Notification,61.4,High,46.6042959236527,28.6,On-Time,On-Time,On-Time,On-Time,On-Time
LA-1610,Karnataka,Mysuru,Railway,16.84,88,Paid,No,Approval,45.7,High,58.116747861413444,24.3,On-Time,On-Time,Delayed,On-Time,On-Time
LA-1611,Delhi,South Delhi,Metro,79.95,92,Paid,No,Compensation,87.3,High,25.0,53.9,On-Time,On-Time,On-Time,Delayed,On-Time
LA-1612,Tamil Nadu,Coimbatore,Railway,46.85,113,Partially Paid,No,Possession,55.7,High,73.48492565847762,15.8,On-Time,On-Time,On-Time,Delayed,On-Time
LA-1613,Madhya Pradesh,Bhopal,Railway,40.86,158,Paid,Yes,Notification,88.0,High,53.89645984257557,13.9,Delayed,On-Time,On-Time,On-Time,On-Time
LA-1614,Uttar Pradesh,Lucknow,Irrigation,58.94,109,Paid,No,Compensation,38.3,Medium,57.50284486966391,41.5,On-Time,Delayed,On-Time,On-Time,Delayed
LA-1615,Bihar,Gaya,Airport,190.3,278,Pending,No,Compensation,77.2,Low,66.35990199671261,12.6,On-Time,Delayed,Delayed,On-Time,Delayed
LA-1616,West Bengal,Kolkata,Railway,163.59,284,Pending,No,Possession,68.4,High,35.437987758601885,8.6,On-Time,On-Time,Delayed,On-Time,On-Time
LA-1617,Delhi,New Delhi,Metro,6.32,43,Pending,No,Possession,91.6,High,65.93087397058095,38.0,On-Time,On-Time,On-Time,Delayed,On-Time
LA-1618,Maharashtra,Pune,Airport,142.68,207,Paid,No,Possession,84.5,Medium,74.72369815051113,36.8,Delayed,On-Time,On-Time,On-Time,On-Time
LA-1619,Tamil Nadu,Coimbatore,Airport,32.28,111,Paid,No,Compensation,77.0,High,67.61302013538607,31.8,Delayed,On-Time,On-Time,Delayed,On-Time
LA-1620,Karnataka,Bengaluru,Railway,246.21,452,Pending,Yes,Approval,57.8,High,59.09224195815315,11.5,On-Time,Delayed,Delayed,Delayed,Delayed
LA-1621,Uttar Pradesh,Kanpur,Industrial Corridor,34.09,36,Partially Paid,No,Notification,31.6,High,65.61729689604746,43.9,On-Time,On-Time,On-Time,On-Time,On-Time
LA-1622,Uttar Pradesh,Varanasi,Industrial Corridor,131.38,247,Pending,No,Compensation,79.3,Medium,63.867614428304954,23.6,On-Time,On-Time,Delayed,On-Time,On-Time
LA-1623,Gujarat,Vadodara,Power Project,59.44,125,Pending,No,Possession,41.5,Low,76.37803610157647,23.5,Delayed,On-Time,Delayed,Delayed,On-Time
LA-1624,Rajasthan,Jodhpur,Airport,110.56,156,Pending,Yes,Compensation,78.3,Medium,83.8251532529525,60.0,Delayed,On-Time,Delayed,On-Time,On-Time
LA-1625,Madhya Pradesh,Indore,Railway,61.5,129,Partially Paid,No,Notification,29.1,High,58.8374986014175,8.0,On-Time,On-Time,On-Time,On-Time,On-Time
LA-1626,Gujarat,Vadodara,Irrigation,28.94,100,Paid,No,Compensation,42.7,High,68.47291745450711,35.5,On-Time,On-Time,On-Time,On-Time,On-Time
LA-1627,Rajasthan,Jaipur,Industrial Corridor,42.21,125,Partially Paid,No,Compensation,82.3,High,54.98625654411575,56.7,Delayed,On-Time,On-Time,On-Time,Delayed
LA-1628,Karnataka,Hubballi,Irrigation,14.75,34,Partially Paid,No,Compensation,87.3,Low,71.25061729461457,8.8,On-Time,On-Time,On-Time,On-Time,Delayed
LA-1629,Delhi,South Delhi,Railway,170.72,218,Paid,Yes,Compensation,70.1,Medium,71.90186437457254,27.3,On-Time,On-Time,On-Time,On-Time,On-Time
LA-1630,Maharashtra,Nashik,Railway,139.83,272,Pending,Yes,Compensation,58.0,High,62.49809071430684,12.6,On-Time,Delayed,Delayed,Delayed,Delayed
LA-1631,Karnataka,Mangaluru,Airport,101.49,165,Paid,No,Approval,59.3,Medium,72.78525470961019,30.8,On-Time,On-Time,On-Time,On-Time,On-Time
LA-1632,Bihar,Muzaffarpur,Irrigation,106.96,109,Pending,No,Possession,89.9,High,65.04789272589579,28.8,On-Time,On-Time,On-Time,Delayed,On-Time
LA-1633,Rajasthan,Kota,Power Project,36.71,16,Paid,No,Compensation,52.3,Low,64.27902734339278,34.7,Delayed,On-Time,On-Time,On-Time,On-Time
LA-1634,Rajasthan,Jodhpur,Airport,93.63,155,Paid,No,Approval,69.2,Low,51.79452929950108,12.5,On-Time,Delayed,On-Time,On-Time,On-Time
LA-1635,Uttar Pradesh,Varanasi,Highway,50.46,80,Pending,Yes,Approval,56.3,High,67.57944234287652,26.8,Delayed,On-Time,Delayed,Delayed,Delayed
LA-1636,Gujarat,Surat,Irrigation,281.52,278,Paid,No,Possession,81.0,Medium,56.331267110413584,35.9,On-Time,Delayed,On-Time,On-Time,On-Time
LA-1637,Rajasthan,Jaipur,Industrial Corridor,108.0,127,Partially Paid,No,Possession,81.3,Medium,78.04522646630622,14.5,On-Time,On-Time,On-Time,On-Time,On-Time
LA-1638,Maharashtra,Nashik,Industrial Corridor,44.81,159,Paid,Yes,Approval,84.8,High,52.35199603567004,28.5,On-Time,On-Time,On-Time,On-Time,Delayed
LA-1639,Maharashtra,Nashik,Industrial Corridor,62.42,36,Pending,No,Notification,79.3,Medium,69.03259585337672,17.5,On-Time,Delayed,On-Time,On-Time,Delayed
LA-1640,Gujarat,Ahmedabad,Metro,79.31,131,Pending,No,Notification,53.7,Medium,61.090653032926454,42.7,On-Time,On-Time,Delayed,Delayed,On-Time
LA-1641,Delhi,New Delhi,Railway,58.96,118,Pending,No,Approval,69.7,High,68.99482362952047,7.3,On-Time,On-Time,On-Time,On-Time,On-Time
LA-1642,Maharashtra,Aurangabad,Airport,34.92,5,Pending,No,Compensation,26.6,Medium,64.12549306605392,26.6,On-Time,Delayed,Delayed,Delayed,On-Time
LA-1643,Uttar Pradesh,Prayagraj,Industrial Corridor,112.64,149,Partially Paid,Yes,Compensation,95.8,Medium,52.72996624520276,51.3,Delayed,Delayed,On-Time,On-Time,Delayed
LA-1644,Maharashtra,Aurangabad,Highway,144.34,274,Paid,No,Compensation,76.4,High,81.40677895291165,18.0,On-Time,On-Time,On-Time,On-Time,On-Time
LA-1645,Uttar Pradesh,Kanpur,Industrial Corridor,152.44,265,Paid,Yes,Compensation,37.6,High,51.69246726642495,6.1,On-Time,Delayed,On-Time,On-Time,On-Time
LA-1646,Bihar,Muzaffarpur,Power Project,131.9,199,Paid,No,Notification,88.8,Medium,74.63861433731992,26.0,On-Time,On-Time,On-Time,Delayed,Delayed
LA-1647,Madhya Pradesh,Bhopal,Railway,35.56,19,Partially Paid,No,Notification,47.5,High,39.524302105324026,50.3,On-Time,Delayed,On-Time,On-Time,On-Time
LA-1648,Karnataka,Mangaluru,Irrigation,132.26,183,Pending,Yes,Approval,54.9,Low,60.666169811558774,21.2,Delayed,On-Time,Delayed,Delayed,Delayed
LA-1649,Tamil Nadu,Salem,Railway,131.88,157,Paid,No,Notification,72.0,High,87.93779185206051,22.2,On-Time,On-Time,On-Time,On-Time,On-Time
LA-1650,Rajasthan,Jodhpur,Irrigation,114.93,162,Paid,No,Notification,74.8,High,60.86827301952786,6.4,On-Time,On-Time,Delayed,On-Time,Delayed
LA-1651,Uttar Pradesh,Agra,Irrigation,160.54,321,Paid,No,Compensation,66.5,High,66.44709231701314,41.6,On-Time,On-Time,On-Time,On-Time,On-Time
LA-1652,Rajasthan,Udaipur,Airport,46.93,93,Paid,No,Possession,37.0,Medium,89.03916157818729,18.9,On-Time,On-Time,On-Time,On-Time,On-Time
LA-1653,Madhya Pradesh,Indore,Metro,64.3,144,Partially Paid,Yes,Possession,27.4,Medium,62.85765428060876,41.4,Delayed,Delayed,Delayed,Delayed,Delayed
LA-1654,Karnataka,Bengaluru,Irrigation,150.63,244,Partially Paid,No,Possession,46.3,High,68.88509238884977,36.6,On-Time,On-Time,On-Time,Delayed,On-Time
LA-1655,Gujarat,Rajkot,Irrigation,78.21,48,Partially Paid,No,Compensation,79.9,High,74.06958326824333,12.1,Delayed,Delayed,On-Time,On-Time,On-Time
LA-1656,Uttar Pradesh,Kanpur,Airport,51.52,155,Paid,No,Compensation,68.4,Low,44.30461028100649,28.8,On-Time,On-Time,On-Time,On-Time,On-Time
LA-1657,Maharashtra,Aurangabad,Industrial Corridor,102.81,98,Pending,Yes,Approval,32.6,High,57.71732223050845,36.9,On-Time,On-Time,Delayed,Delayed,On-Time
LA-1658,Gujarat,Vadodara,Power Project,192.13,367,Paid,No,Possession,81.6,High,66.94806000897722,47.1,Delayed,On-Time,On-Time,On-Time,On-Time
LA-1659,Madhya Pradesh,Jabalpur,Highway,48.26,107,Paid,Yes,Notification,75.9,High,41.06213030050211,16.8,On-Time,On-Time,Delayed,Delayed,Delayed
LA-1660,Madhya Pradesh,Bhopal,Airport,286.89,414,Partially Paid,Yes,Approval,69.8,High,85.54706817788889,22.7,On-Time,On-Time,Delayed,Delayed,On-Time
LA-1661,Gujarat,Surat,Metro,44.34,136,Paid,No,Approval,87.9,High,76.34621822078667,3.8,On-Time,On-Time,On-Time,On-Time,On-Time
LA-1662,West Bengal,Howrah,Airport,74.99,148,Paid,Yes,Possession,41.1,High,74.1122534002521,54.1,Delayed,Delayed,On-Time,On-Time,Delayed
LA-1663,Madhya Pradesh,Indore,Railway,219.38,342,Paid,Yes,Possession,76.1,High,84.79994672779509,33.3,Delayed,On-Time,On-Time,Delayed,On-Time
LA-1664,Maharashtra,Nagpur,Industrial Corridor,83.68,190,Partially Paid,No,Possession,45.5,Low,75.84868970625797,29.6,On-Time,Delayed,On-Time,Delayed,On-Time
LA-1665,Uttar Pradesh,Lucknow,Industrial Corridor,159.4,264,Pending,No,Compensation,89.4,High,61.551643960279065,3.6,On-Time,On-Time,On-Time,Delayed,Delayed
LA-1666,Uttar Pradesh,Prayagraj,Irrigation,23.29,121,Partially Paid,No,Compensation,47.4,Medium,40.51634615906947,31.2,Delayed,On-Time,On-Time,On-Time,On-Time
LA-1667,Maharashtra,Nagpur,Industrial Corridor,58.15,71,Partially Paid,No,Possession,70.3,Medium,54.781821474934034,25.9,On-Time,Delayed,On-Time,On-Time,On-Time
LA-1668,Uttar Pradesh,Varanasi,Industrial Corridor,92.83,122,Paid,No,Compensation,38.1,High,55.21644000391272,20.9,On-Time,On-Time,On-Time,On-Time,On-Time
LA-1669,Uttar Pradesh,Varanasi,Industrial Corridor,20.26,72,Paid,No,Possession,25.2,Medium,74.28182465204189,27.7,On-Time,On-Time,On-Time,On-Time,On-Time
LA-1670,Maharashtra,Nagpur,Industrial Corridor,27.24,15,Paid,No,Approval,85.2,High,66.21341637472572,23.4,On-Time,On-Time,On-Time,On-Time,On-Time
LA-1671,Uttar Pradesh,Prayagraj,Highway,136.25,330,Pending,No,Approval,73.2,High,41.51790256528762,32.0,On-Time,On-Time,Delayed,On-Time,Delayed
LA-1672,Bihar,Muzaffarpur,Metro,67.94,134,Paid,Yes,Possession,24.1,Low,77.97698136739974,26.9,On-Time,Delayed,On-Time,On-Time,Delayed
LA-1673,Uttar Pradesh,Kanpur,Irrigation,57.28,203,Pending,No,Notification,71.0,Medium,84.94045986821614,19.8,On-Time,On-Time,Delayed,On-Time,Delayed
LA-1674,Rajasthan,Udaipur,Industrial Corridor,60.14,205,Paid,No,Possession,32.5,Low,87.13308431252915,30.8,On-Time,On-Time,On-Time,On-Time,On-Time
LA-1675,Gujarat,Ahmedabad,Irrigation,251.35,481,Partially Paid,Yes,Compensation,34.7,Low,48.05108477869893,13.9,On-Time,On-Time,Delayed,On-Time,Delayed
LA-1676,West Bengal,Howrah,Metro,159.18,388,Pending,No,Possession,66.0,High,69.82355348979017,27.0,On-Time,Delayed,On-Time,Delayed,On-Time
LA-1677,Uttar Pradesh,Kanpur,Power Project,128.49,256,Paid,No,Approval,33.8,High,49.90444605478992,28.7,Delayed,On-Time,On-Time,Delayed,On-Time
LA-1678,Gujarat,Ahmedabad,Industrial Corridor,77.1,179,Partially Paid,Yes,Compensation,49.3,High,94.08777051068986,29.0,Delayed,Delayed,Delayed,Delayed,On-Time
LA-1679,West Bengal,Durgapur,Irrigation,19.41,5,Paid,Yes,Compensation,74.9,Low,65.45866322020365,28.5,Delayed,On-Time,On-Time,Delayed,Delayed
LA-1680,Bihar,Muzaffarpur,Airport,83.18,57,Paid,No,Compensation,67.8,Low,59.447203209120836,38.6,On-Time,On-Time,On-Time,On-Time,On-Time
LA-1681,Tamil Nadu,Madurai,Irrigation,64.64,89,Paid,Yes,Compensation,85.7,Medium,56.68677570969734,31.2,On-Time,On-Time,Delayed,On-Time,Delayed
LA-1682,Maharashtra,Aurangabad,Industrial Corridor,16.16,39,Pending,Yes,Possession,79.6,High,70.01052693434737,37.1,On-Time,On-Time,Delayed,Delayed,Delayed
LA-1683,Uttar Pradesh,Prayagraj,Railway,263.48,270,Paid,No,Compensation,53.8,High,72.73421451178143,15.9,On-Time,On-Time,On-Time,On-Time,On-Time
LA-1684,Karnataka,Bengaluru,Highway,153.11,291,Paid,No,Approval,96.9,Low,40.27914494901924,18.7,On-Time,Delayed,On-Time,On-Time,On-Time
LA-1685,West Bengal,Durgapur,Airport,119.14,223,Pending,No,Possession,87.0,Low,85.95295839578458,48.9,On-Time,Delayed,Delayed,On-Time,On-Time
LA-1686,Madhya Pradesh,Jabalpur,Airport,14.66,22,Paid,No,Approval,65.3,High,72.06369595336928,9.9,On-Time,On-Time,On-Time,On-Time,On-Time
LA-1687,Madhya Pradesh,Gwalior,Railway,179.7,393,Paid,No,Approval,52.4,High,85.83236621217482,35.7,On-Time,On-Time,On-Time,On-Time,On-Time
LA-1688,Maharashtra,Nagpur,Industrial Corridor,63.36,61,Pending,No,Notification,84.0,High,90.66059979250504,45.2,On-Time,On-Time,Delayed,On-Time,On-Time
LA-1689,Tamil Nadu,Chennai,Highway,58.77,61,Paid,No,Possession,72.6,High,63.508785660262966,21.3,On-Time,On-Time,On-Time,On-Time,On-Time
LA-1690,Uttar Pradesh,Kanpur,Airport,110.76,234,Paid,No,Approval,59.9,Low,77.85360587276494,11.1,On-Time,Delayed,On-Time,On-Time,On-Time
LA-1691,Maharashtra,Nagpur,Highway,92.98,79,Pending,Yes,Approval,54.9,Medium,56.36324855985487,23.0,Delayed,On-Time,Delayed,Delayed,Delayed
LA-1692,Gujarat,Surat,Airport,24.37,46,Paid,No,Possession,72.7,Medium,57.98423685173837,5.9,Delayed,On-Time,On-Time,On-Time,On-Time
LA-1693,Rajasthan,Kota,Industrial Corridor,69.2,187,Paid,Yes,Possession,85.5,High,88.58567949566961,17.2,On-Time,Delayed,Delayed,On-Time,Delayed
LA-1694,Maharashtra,Nashik,Power Project,25.69,102,Paid,No,Notification,82.3,High,53.913443751461955,19.6,On-Time,On-Time,On-Time,On-Time,On-Time
LA-1695,Uttar Pradesh,Prayagraj,Airport,27.7,68,Partially Paid,Yes,Possession,79.1,High,67.94703126543891,29.9,Delayed,On-Time,Delayed,On-Time,On-Time
LA-1696,Madhya Pradesh,Gwalior,Power Project,113.96,107,Paid,No,Possession,65.3,Medium,51.383649687884486,15.7,On-Time,On-Time,On-Time,On-Time,Delayed
LA-1697,Maharashtra,Pune,Airport,83.86,130,Paid,No,Notification,53.2,Medium,55.165920397308184,19.0,On-Time,Delayed,On-Time,On-Time,On-Time
LA-1698,Madhya Pradesh,Bhopal,Metro,221.99,296,Paid,No,Possession,35.3,High,57.42318821930607,46.3,Delayed,On-Time,On-Time,On-Time,On-Time
LA-1699,Uttar Pradesh,Varanasi,Industrial Corridor,37.35,105,Paid,Yes,Compensation,52.8,High,86.707187418054,12.1,On-Time,On-Time,Delayed,On-Time,On-Time
LA-1700,Rajasthan,Udaipur,Railway,241.27,300,Partially Paid,Yes,Compensation,87.5,High,72.70652501602657,47.1,On-Time,On-Time,Delayed,On-Time,Delayed
LA-1701,Rajasthan,Kota,Power Project,49.25,96,Paid,No,Compensation,31.2,High,77.62788234062805,27.8,On-Time,Delayed,On-Time,Delayed,On-Time
LA-1702,Delhi,South Delhi,Railway,55.69,120,Partially Paid,Yes,Compensation,75.4,Medium,37.8976580323972,38.4,Delayed,On-Time,Delayed,On-Time,On-Time
LA-1703,Maharashtra,Nagpur,Industrial Corridor,40.72,111,Partially Paid,No,Notification,44.1,Medium,65.5197265513953,10.9,On-Time,On-Time,On-Time,On-Time,On-Time
LA-1704,Uttar Pradesh,Agra,Irrigation,103.58,227,Paid,No,Possession,61.2,High,59.26258009905456,21.4,On-Time,On-Time,On-Time,On-Time,On-Time
LA-1705,Delhi,South Delhi,Railway,138.0,195,Paid,No,Notification,24.6,Low,72.38484595868512,21.4,On-Time,Delayed,On-Time,On-Time,On-Time
LA-1706,West Bengal,Durgapur,Industrial Corridor,47.65,69,Paid,No,Compensation,58.1,Medium,95.0,20.3,On-Time,On-Time,On-Time,On-Time,On-Time
LA-1707,Maharashtra,Aurangabad,Railway,212.07,393,Paid,No,Notification,61.2,High,29.141632924696367,24.6,On-Time,On-Time,On-Time,On-Time,On-Time
LA-1708,Tamil Nadu,Chennai,Power Project,35.17,44,Partially Paid,Yes,Possession,34.3,High,70.99173713294161,15.1,Delayed,On-Time,On-Time,On-Time,On-Time
LA-1709,Maharashtra,Aurangabad,Metro,86.79,188,Partially Paid,No,Approval,93.7,Low,95.0,14.7,On-Time,On-Time,On-Time,On-Time,On-Time
LA-1710,Karnataka,Mysuru,Railway,121.24,167,Paid,No,Compensation,82.5,Medium,57.353182296942734,15.7,On-Time,On-Time,On-Time,On-Time,Delayed
LA-1711,Tamil Nadu,Madurai,Power Project,158.49,201,Partially Paid,No,Approval,39.7,High,67.24758580722032,39.0,On-Time,On-Time,On-Time,Delayed,On-Time
LA-1712,Madhya Pradesh,Bhopal,Airport,198.14,373,Pending,Yes,Possession,30.6,Medium,75.14854892584374,9.1,Delayed,Delayed,Delayed,On-Time,Delayed
LA-1713,Rajasthan,Udaipur,Industrial Corridor,70.47,156,Paid,No,Compensation,23.3,High,32.66163891160435,15.2,On-Time,On-Time,On-Time,On-Time,On-Time
LA-1714,Gujarat,Ahmedabad,Highway,122.41,141,Paid,Yes,Possession,46.5,Low,68.99276496706207,34.3,On-Time,On-Time,Delayed,Delayed,Delayed
LA-1715,Maharashtra,Aurangabad,Irrigation,124.33,159,Partially Paid,Yes,Notification,71.8,Low,53.08902904485309,50.3,Delayed,On-Time,Delayed,Delayed,Delayed
LA-1716,West Bengal,Durgapur,Highway,41.42,50,Paid,No,Notification,54.3,Medium,95.0,49.7,On-Time,Delayed,On-Time,On-Time,On-Time
LA-1717,Bihar,Muzaffarpur,Industrial Corridor,71.4,129,Pending,Yes,Compensation,22.3,Medium,61.88943189595647,36.9,Delayed,On-Time,Delayed,Delayed,Delayed
LA-1718,West Bengal,Durgapur,Metro,35.72,67,Pending,Yes,Possession,64.4,High,54.34489644996358,44.7,Delayed,On-Time,Delayed,On-Time,Delayed
LA-1719,Uttar Pradesh,Agra,Railway,57.3,74,Paid,No,Notification,42.7,Medium,77.69947431549733,18.5,On-Time,On-Time,On-Time,On-Time,On-Time
LA-1720,Karnataka,Mysuru,Metro,75.12,163,Pending,No,Notification,57.7,Medium,72.32019073102802,15.6,On-Time,On-Time,On-Time,On-Time,Delayed
LA-1721,West Bengal,Kolkata,Highway,119.99,236,Paid,No,Notification,52.2,Medium,78.43901908052484,2.8,On-Time,On-Time,On-Time,Delayed,On-Time
LA-1722,Uttar Pradesh,Kanpur,Irrigation,56.87,166,Paid,Yes,Compensation,47.2,Medium,93.65635760560887,16.0,On-Time,On-Time,On-Time,Delayed,On-Time
LA-1723,Delhi,New Delhi,Power Project,157.61,328,Paid,No,Approval,81.1,Low,56.22189002841495,17.4,Delayed,Delayed,On-Time,On-Time,On-Time
LA-1724,Karnataka,Mangaluru,Irrigation,24.08,71,Paid,No,Possession,75.7,High,90.78553750453845,4.5,Delayed,On-Time,On-Time,On-Time,On-Time
LA-1725,Madhya Pradesh,Jabalpur,Industrial Corridor,59.76,152,Partially Paid,Yes,Notification,79.5,High,93.16172053939194,10.8,On-Time,On-Time,Delayed,On-Time,On-Time
LA-1726,Bihar,Muzaffarpur,Industrial Corridor,52.45,67,Paid,No,Notification,67.3,Medium,53.47248570050384,60.0,On-Time,On-Time,On-Time,On-Time,Delayed
LA-1727,Uttar Pradesh,Kanpur,Metro,152.62,283,Partially Paid,No,Approval,29.1,Low,54.92534317796071,21.0,On-Time,On-Time,Delayed,Delayed,On-Time
LA-1728,Tamil Nadu,Coimbatore,Power Project,65.47,180,Paid,Yes,Compensation,66.0,Low,65.7083378227509,11.0,Delayed,On-Time,On-Time,Delayed,Delayed
LA-1729,Uttar Pradesh,Agra,Metro,55.92,5,Paid,No,Compensation,87.1,Medium,62.004840472153035,19.2,On-Time,Delayed,On-Time,On-Time,On-Time
LA-1730,Uttar Pradesh,Varanasi,Railway,28.35,54,Paid,No,Notification,80.0,Low,90.63582774985372,25.6,Delayed,On-Time,On-Time,On-Time,On-Time
LA-1731,Uttar Pradesh,Prayagraj,Airport,127.94,300,Paid,No,Possession,64.5,Medium,52.041129442618576,21.6,On-Time,On-Time,On-Time,On-Time,On-Time
LA-1732,Tamil Nadu,Madurai,Power Project,17.22,95,Paid,No,Approval,79.4,High,68.66988244496612,13.4,On-Time,On-Time,On-Time,On-Time,On-Time
LA-1733,Karnataka,Hubballi,Airport,131.23,325,Partially Paid,Yes,Compensation,76.6,Medium,53.51770318795893,35.0,Delayed,On-Time,Delayed,Delayed,Delayed
LA-1734,Rajasthan,Jaipur,Irrigation,75.73,121,Paid,Yes,Compensation,82.0,High,66.62702217258142,60.0,Delayed,On-Time,On-Time,Delayed,On-Time
LA-1735,Gujarat,Vadodara,Railway,53.87,107,Partially Paid,No,Approval,63.4,High,95.0,42.2,Delayed,On-Time,On-Time,On-Time,On-Time
LA-1736,Bihar,Patna,Airport,63.22,58,Paid,No,Possession,76.5,High,92.34561875908867,19.1,On-Time,On-Time,On-Time,On-Time,On-Time
LA-1737,Gujarat,Rajkot,Highway,65.47,79,Partially Paid,No,Possession,29.5,High,70.6778729536783,20.3,On-Time,On-Time,Delayed,Delayed,On-Time
LA-1738,Tamil Nadu,Coimbatore,Irrigation,64.62,148,Partially Paid,No,Approval,76.4,High,74.44654520955804,31.0,On-Time,On-Time,On-Time,On-Time,On-Time
LA-1739,Gujarat,Rajkot,Airport,10.17,42,Paid,Yes,Compensation,53.5,High,72.07235267673447,24.6,Delayed,On-Time,Delayed,On-Time,Delayed
LA-1740,Gujarat,Surat,Railway,161.07,300,Partially Paid,No,Approval,49.3,High,60.43992121816945,41.1,On-Time,Delayed,On-Time,On-Time,On-Time
LA-1741,Rajasthan,Jaipur,Airport,31.73,56,Paid,No,Compensation,42.1,High,93.74822505001575,45.5,On-Time,On-Time,On-Time,Delayed,On-Time
LA-1742,Maharashtra,Pune,Industrial Corridor,35.1,91,Pending,No,Approval,48.7,Medium,84.79325938177051,6.3,On-Time,On-Time,On-Time,On-Time,On-Time
LA-1743,Karnataka,Mangaluru,Metro,67.71,152,Partially Paid,No,Possession,41.3,Medium,68.51559145007604,29.6,On-Time,On-Time,On-Time,Delayed,On-Time
LA-1744,Rajasthan,Jodhpur,Highway,139.36,254,Partially Paid,Yes,Approval,78.7,Low,61.74731092151682,2.8,On-Time,Delayed,Delayed,Delayed,Delayed
LA-1745,Maharashtra,Mumbai,Industrial Corridor,99.48,131,Pending,No,Notification,90.9,Low,62.72063156663253,55.8,On-Time,Delayed,Delayed,On-Time,Delayed
LA-1746,Bihar,Gaya,Industrial Corridor,36.44,116,Pending,No,Approval,72.2,High,70.08162235849413,17.8,Delayed,On-Time,On-Time,Delayed,On-Time
LA-1747,Gujarat,Vadodara,Railway,203.62,160,Partially Paid,Yes,Notification,31.1,Medium,64.4742858151698,6.6,On-Time,On-Time,On-Time,Delayed,Delayed
LA-1748,Rajasthan,Udaipur,Metro,70.74,85,Paid,No,Compensation,71.2,High,82.09263627805746,26.2,On-Time,On-Time,On-Time,Delayed,On-Time
LA-1749,Bihar,Muzaffarpur,Metro,253.05,205,Partially Paid,No,Approval,51.8,High,72.18540306994431,49.0,On-Time,On-Time,On-Time,On-Time,Delayed
LA-1750,Madhya Pradesh,Bhopal,Power Project,113.41,128,Paid,No,Possession,26.6,Medium,50.693828247334636,48.2,Delayed,Delayed,Delayed,On-Time,On-Time
LA-1751,Uttar Pradesh,Agra,Irrigation,116.53,186,Partially Paid,Yes,Approval,61.5,Medium,47.80077527404562,29.3,On-Time,On-Time,On-Time,Delayed,On-Time
LA-1752,West Bengal,Durgapur,Highway,44.55,60,Partially Paid,Yes,Compensation,78.3,Low,79.86199078226154,15.5,Delayed,On-Time,Delayed,Delayed,Delayed
LA-1753,Madhya Pradesh,Gwalior,Irrigation,15.92,61,Partially Paid,No,Compensation,44.0,Medium,47.65494650709884,18.6,Delayed,On-Time,On-Time,On-Time,Delayed
LA-1754,Maharashtra,Pune,Railway,39.12,133,Partially Paid,Yes,Possession,69.8,High,59.77084881735554,9.9,On-Time,On-Time,On-Time,Delayed,On-Time
LA-1755,Uttar Pradesh,Kanpur,Highway,143.26,340,Partially Paid,No,Possession,48.0,Low,58.405628501984275,23.7,Delayed,On-Time,Delayed,On-Time,Delayed
LA-1756,Tamil Nadu,Chennai,Power Project,95.26,131,Paid,No,Possession,71.9,Medium,46.422589714785396,24.7,On-Time,On-Time,On-Time,On-Time,On-Time
LA-1757,Madhya Pradesh,Jabalpur,Airport,27.65,84,Paid,No,Possession,76.1,Low,69.65312204367744,8.0,Delayed,On-Time,On-Time,On-Time,Delayed
LA-1758,Rajasthan,Jaipur,Industrial Corridor,248.68,388,Partially Paid,No,Approval,58.3,Medium,63.14276986106595,39.7,On-Time,On-Time,On-Time,Delayed,Delayed
LA-1759,Bihar,Muzaffarpur,Highway,87.07,98,Paid,No,Possession,28.1,High,55.432763503417505,1.6,On-Time,On-Time,Delayed,On-Time,On-Time
LA-1760,Tamil Nadu,Chennai,Irrigation,97.49,171,Pending,No,Possession,77.8,High,95.0,31.2,On-Time,On-Time,On-Time,On-Time,On-Time
LA-1761,Uttar Pradesh,Kanpur,Industrial Corridor,124.0,259,Paid,No,Notification,80.1,High,28.5360102947676,37.4,Delayed,On-Time,On-Time,On-Time,On-Time
LA-1762,Maharashtra,Mumbai,Railway,48.06,125,Paid,No,Compensation,86.8,High,52.04952857347061,41.6,On-Time,On-Time,On-Time,On-Time,On-Time
LA-1763,Maharashtra,Mumbai,Irrigation,192.53,297,Partially Paid,No,Approval,43.8,High,56.34878261796683,22.8,On-Time,On-Time,On-Time,On-Time,On-Time
LA-1764,Karnataka,Mysuru,Airport,19.5,56,Partially Paid,No,Compensation,75.5,Medium,44.624340972439384,24.5,On-Time,On-Time,On-Time,On-Time,On-Time
LA-1765,Delhi,North Delhi,Railway,125.75,56,Paid,Yes,Compensation,92.6,Low,95.0,38.7,On-Time,On-Time,Delayed,On-Time,On-Time
LA-1766,Madhya Pradesh,Indore,Airport,356.99,315,Paid,No,Compensation,47.1,Low,95.0,25.9,On-Time,On-Time,On-Time,Delayed,On-Time
LA-1767,Tamil Nadu,Madurai,Airport,13.73,11,Paid,No,Compensation,38.8,Medium,54.73310765878252,13.4,Delayed,On-Time,On-Time,On-Time,On-Time
LA-1768,Bihar,Patna,Industrial Corridor,23.62,132,Paid,No,Possession,65.7,High,84.03104685694659,25.9,Delayed,Delayed,On-Time,On-Time,On-Time
LA-1769,Maharashtra,Nashik,Railway,151.96,335,Paid,No,Compensation,69.4,High,73.94812496306713,58.9,On-Time,On-Time,On-Time,On-Time,On-Time
LA-1770,Tamil Nadu,Chennai,Railway,16.0,70,Partially Paid,No,Possession,46.2,Medium,89.84172339320536,16.0,On-Time,On-Time,On-Time,Delayed,Delayed
LA-1771,Uttar Pradesh,Varanasi,Highway,118.73,269,Pending,No,Approval,83.7,High,63.39192931852777,13.9,On-Time,On-Time,Delayed,On-Time,On-Time
LA-1772,Bihar,Gaya,Irrigation,84.68,157,Paid,No,Approval,64.1,Low,71.47412784314896,19.1,On-Time,Delayed,On-Time,On-Time,Delayed
LA-1773,Uttar Pradesh,Agra,Railway,124.72,239,Paid,Yes,Compensation,64.4,Low,86.03819033330875,27.4,Delayed,On-Time,Delayed,Delayed,Delayed
LA-1774,Gujarat,Vadodara,Highway,49.57,99,Partially Paid,No,Approval,2.8,High,83.7439239985568,11.9,Delayed,On-Time,On-Time,Delayed,On-Time
LA-1775,Tamil Nadu,Chennai,Metro,71.05,94,Pending,Yes,Approval,56.6,Medium,67.2745216911226,6.1,On-Time,On-Time,On-Time,Delayed,On-Time
LA-1776,Uttar Pradesh,Prayagraj,Metro,88.26,137,Paid,No,Compensation,54.2,High,50.86136852013505,25.7,Delayed,On-Time,On-Time,On-Time,On-Time
LA-1777,Uttar Pradesh,Agra,Metro,150.41,332,Paid,No,Compensation,40.8,Medium,53.54964629775386,23.7,Delayed,On-Time,On-Time,On-Time,On-Time
LA-1778,Karnataka,Mangaluru,Power Project,35.8,63,Paid,No,Compensation,84.8,High,37.26223360600834,6.2,On-Time,On-Time,On-Time,On-Time,On-Time
LA-1779,Karnataka,Mysuru,Railway,55.5,84,Paid,Yes,Approval,68.4,High,76.809014990445,8.5,Delayed,On-Time,On-Time,On-Time,Delayed
LA-1780,Madhya Pradesh,Jabalpur,Power Project,57.24,63,Partially Paid,No,Approval,76.0,Medium,68.18245919435019,22.4,On-Time,On-Time,On-Time,On-Time,On-Time
LA-1781,Karnataka,Bengaluru,Irrigation,181.02,344,Pending,No,Compensation,60.2,Medium,69.33895640324846,16.2,On-Time,Delayed,Delayed,Delayed,Delayed
LA-1782,Rajasthan,Kota,Railway,20.11,34,Partially Paid,No,Notification,53.4,Medium,64.62250718891019,11.9,On-Time,On-Time,On-Time,On-Time,On-Time
LA-1783,Maharashtra,Nagpur,Highway,221.81,451,Pending,Yes,Approval,70.0,Medium,47.8497540236086,16.4,On-Time,Delayed,On-Time,On-Time,Delayed
LA-1784,Maharashtra,Nagpur,Power Project,127.88,245,Paid,No,Notification,38.4,Medium,69.6892568520164,12.6,On-Time,Delayed,On-Time,Delayed,On-Time
LA-1785,Uttar Pradesh,Varanasi,Power Project,112.94,126,Pending,Yes,Notification,73.5,Medium,74.078765880364,19.4,On-Time,On-Time,On-Time,On-Time,Delayed
LA-1786,Bihar,Bhagalpur,Irrigation,37.01,96,Paid,No,Approval,68.7,Low,51.97737471091002,34.9,On-Time,On-Time,On-Time,On-Time,On-Time
LA-1787,Madhya Pradesh,Indore,Power Project,130.98,107,Paid,No,Notification,42.3,Low,64.57477366910608,38.5,On-Time,Delayed,On-Time,On-Time,On-Time
LA-1788,Gujarat,Rajkot,Airport,75.69,160,Partially Paid,No,Approval,36.8,Medium,55.27476981486867,13.0,On-Time,On-Time,On-Time,On-Time,Delayed
LA-1789,Rajasthan,Jodhpur,Highway,91.7,157,Paid,Yes,Compensation,67.5,Medium,61.76687182294664,24.2,On-Time,On-Time,On-Time,On-Time,Delayed
LA-1790,West Bengal,Howrah,Metro,233.28,310,Paid,No,Notification,42.7,Medium,47.96901072219712,24.0,Delayed,On-Time,On-Time,On-Time,Delayed
LA-1791,Uttar Pradesh,Kanpur,Highway,70.04,119,Partially Paid,No,Approval,73.7,High,60.97703554112883,7.1,On-Time,On-Time,On-Time,On-Time,On-Time
LA-1792,Madhya Pradesh,Jabalpur,Airport,204.86,209,Paid,Yes,Possession,54.5,High,89.41078871886867,3.8,On-Time,Delayed,On-Time,Delayed,On-Time
LA-1793,Rajasthan,Udaipur,Irrigation,64.86,63,Partially Paid,Yes,Possession,82.7,Low,57.47129745292006,45.6,On-Time,Delayed,Delayed,Delayed,On-Time
LA-1794,Madhya Pradesh,Indore,Irrigation,33.23,129,Paid,Yes,Approval,50.0,Low,54.78623289017952,30.8,On-Time,Delayed,Delayed,Delayed,On-Time
LA-1795,Delhi,North Delhi,Railway,26.89,101,Pending,Yes,Possession,76.7,Medium,55.72823721262394,44.8,Delayed,Delayed,On-Time,Delayed,Delayed
LA-1796,Bihar,Patna,Highway,98.29,109,Paid,Yes,Approval,31.1,High,62.146768679733,37.9,On-Time,On-Time,Delayed,On-Time,On-Time
LA-1797,West Bengal,Kolkata,Irrigation,137.25,210,Partially Paid,Yes,Notification,37.1,High,91.88481996488669,30.8,On-Time,On-Time,Delayed,Delayed,On-Time
LA-1798,Madhya Pradesh,Indore,Power Project,125.95,180,Paid,No,Possession,17.5,High,86.08548517965177,38.2,On-Time,On-Time,On-Time,On-Time,On-Time
LA-1799,Karnataka,Bengaluru,Irrigation,165.78,220,Pending,No,Possession,47.0,High,62.848699646472554,19.4,On-Time,On-Time,On-Time,Delayed,Delayed
LA-1800,West Bengal,Kolkata,Irrigation,115.81,207,Partially Paid,No,Compensation,51.1,Medium,55.35770853621287,32.5,On-Time,Delayed,On-Time,On-Time,On-Time
LA-1801,Karnataka,Mysuru,Irrigation,24.48,67,Paid,Yes,Compensation,59.5,Low,38.58529670236442,37.4,On-Time,Delayed,On-Time,Delayed,Delayed
LA-1802,Uttar Pradesh,Agra,Irrigation,98.33,185,Paid,No,Compensation,72.0,High,51.330241018068904,31.5,On-Time,On-Time,On-Time,On-Time,On-Time
LA-1803,Madhya Pradesh,Jabalpur,Metro,49.96,121,Paid,No,Notification,74.3,Medium,35.38187323982929,11.8,On-Time,On-Time,On-Time,On-Time,On-Time
LA-1804,Madhya Pradesh,Indore,Metro,86.79,169,Partially Paid,No,Approval,72.6,High,76.1017598252168,9.5,Delayed,Delayed,On-Time,Delayed,On-Time
LA-1805,Gujarat,Surat,Railway,63.49,143,Partially Paid,No,Compensation,29.2,Low,85.03334267446857,29.9,On-Time,Delayed,On-Time,Delayed,Delayed
LA-1806,Karnataka,Hubballi,Irrigation,56.7,42,Paid,No,Possession,73.7,Low,59.3715327306807,12.3,Delayed,On-Time,On-Time,On-Time,On-Time
LA-1807,West Bengal,Siliguri,Highway,66.42,163,Partially Paid,No,Notification,73.9,High,70.75842049766612,12.7,Delayed,On-Time,On-Time,On-Time,On-Time
LA-1808,West Bengal,Siliguri,Airport,219.29,432,Pending,No,Possession,48.5,Low,48.6651858219171,16.3,On-Time,Delayed,On-Time,On-Time,On-Time
LA-1809,Rajasthan,Udaipur,Railway,10.73,26,Paid,No,Notification,79.6,Medium,35.9017103179106,18.0,On-Time,Delayed,On-Time,On-Time,On-Time
LA-1810,Uttar Pradesh,Kanpur,Highway,28.43,14,Paid,No,Compensation,30.7,High,65.8351145974509,16.8,On-Time,On-Time,Delayed,On-Time,On-Time
LA-1811,West Bengal,Howrah,Irrigation,31.56,97,Partially Paid,No,Compensation,75.8,Medium,70.75013209557692,15.9,On-Time,On-Time,On-Time,On-Time,On-Time
LA-1812,Bihar,Bhagalpur,Industrial Corridor,62.34,99,Partially Paid,No,Compensation,49.6,High,90.55960657598051,19.5,On-Time,Delayed,Delayed,On-Time,On-Time
LA-1813,Uttar Pradesh,Prayagraj,Irrigation,120.33,38,Paid,No,Notification,40.9,Medium,95.0,8.3,On-Time,On-Time,Delayed,On-Time,On-Time
LA-1814,West Bengal,Siliguri,Metro,59.38,205,Paid,No,Approval,35.0,Low,60.821478520647695,6.1,On-Time,On-Time,On-Time,On-Time,On-Time
LA-1815,Bihar,Gaya,Airport,130.79,236,Paid,No,Compensation,61.3,Medium,78.68172165658488,52.6,Delayed,On-Time,On-Time,On-Time,On-Time
LA-1816,Rajasthan,Jodhpur,Power Project,158.77,397,Partially Paid,Yes,Notification,80.4,High,69.72635350204362,10.9,Delayed,On-Time,On-Time,On-Time,Delayed
LA-1817,Madhya Pradesh,Bhopal,Airport,16.83,56,Partially Paid,No,Notification,27.8,High,65.03406905548275,1.3,On-Time,Delayed,Delayed,On-Time,On-Time
LA-1818,Gujarat,Rajkot,Power Project,154.03,238,Paid,No,Compensation,62.7,High,64.43783857959562,14.1,On-Time,On-Time,On-Time,On-Time,On-Time
LA-1819,Delhi,South Delhi,Airport,133.72,256,Paid,No,Compensation,50.8,High,62.82575824366129,4.4,Delayed,On-Time,On-Time,On-Time,On-Time
LA-1820,Maharashtra,Nagpur,Metro,174.02,176,Paid,No,Notification,38.4,High,63.471134345414214,6.7,On-Time,On-Time,On-Time,On-Time,On-Time
LA-1821,Tamil Nadu,Madurai,Power Project,74.69,150,Pending,No,Compensation,73.9,Medium,89.84920572060885,20.5,Delayed,On-Time,Delayed,On-Time,On-Time
LA-1822,Delhi,New Delhi,Highway,92.65,183,Paid,No,Possession,66.7,Medium,68.21867530568329,7.3,On-Time,On-Time,On-Time,On-Time,On-Time
LA-1823,Maharashtra,Nagpur,Power Project,135.24,136,Partially Paid,No,Notification,49.6,Medium,91.12792432085061,45.2,On-Time,On-Time,On-Time,On-Time,Delayed
LA-1824,Gujarat,Vadodara,Railway,87.81,169,Pending,No,Compensation,84.2,High,51.525358516149446,32.9,On-Time,On-Time,Delayed,On-Time,On-Time
LA-1825,Rajasthan,Udaipur,Highway,18.52,34,Pending,No,Notification,92.7,High,25.0,2.7,On-Time,On-Time,On-Time,On-Time,On-Time
LA-1826,Bihar,Bhagalpur,Railway,33.22,56,Partially Paid,No,Notification,51.1,High,58.05658326715968,38.4,Delayed,On-Time,On-Time,Delayed,On-Time
LA-1827,Maharashtra,Nagpur,Irrigation,75.55,176,Paid,No,Notification,77.5,High,52.459258983516335,21.5,On-Time,On-Time,On-Time,On-Time,On-Time
LA-1828,Maharashtra,Aurangabad,Airport,215.78,273,Pending,No,Approval,81.1,High,42.59632152311049,8.6,On-Time,On-Time,On-Time,On-Time,On-Time
LA-1829,Karnataka,Hubballi,Highway,111.86,177,Partially Paid,Yes,Possession,43.8,High,84.50975306553863,15.8,Delayed,On-Time,On-Time,On-Time,Delayed
LA-1830,Rajasthan,Udaipur,Airport,42.82,78,Partially Paid,Yes,Approval,77.5,Medium,44.95412407514878,24.7,On-Time,Delayed,On-Time,On-Time,On-Time
LA-1831,Uttar Pradesh,Lucknow,Irrigation,45.94,182,Paid,No,Compensation,51.1,Low,73.7417878104818,41.3,On-Time,Delayed,Delayed,Delayed,On-Time
LA-1832,Rajasthan,Kota,Industrial Corridor,47.64,72,Paid,No,Approval,69.4,Medium,95.0,9.0,Delayed,On-Time,On-Time,On-Time,On-Time
LA-1833,Uttar Pradesh,Kanpur,Airport,64.19,59,Partially Paid,No,Approval,62.8,Medium,47.751283782487505,20.9,Delayed,On-Time,On-Time,On-Time,On-Time
LA-1834,Uttar Pradesh,Varanasi,Irrigation,68.15,206,Pending,No,Compensation,73.6,High,61.53593993826117,37.3,Delayed,On-Time,Delayed,On-Time,On-Time
LA-1835,Rajasthan,Jaipur,Airport,64.83,124,Pending,No,Possession,21.3,Low,85.29062247045644,25.3,On-Time,Delayed,On-Time,Delayed,Delayed
LA-1836,Gujarat,Surat,Irrigation,66.11,107,Pending,No,Possession,23.9,High,58.76901150747505,52.6,On-Time,On-Time,On-Time,On-Time,Delayed
LA-1837,Bihar,Patna,Railway,19.13,106,Partially Paid,No,Possession,72.1,High,69.98584233583189,15.0,On-Time,On-Time,On-Time,On-Time,On-Time
LA-1838,Gujarat,Vadodara,Irrigation,19.5,80,Paid,Yes,Approval,67.7,High,74.58941131583147,15.4,On-Time,On-Time,On-Time,On-Time,On-Time
LA-1839,Madhya Pradesh,Gwalior,Power Project,52.64,155,Partially Paid,No,Possession,50.2,High,67.60392224667088,3.3,On-Time,On-Time,On-Time,On-Time,On-Time
LA-1840,Madhya Pradesh,Gwalior,Industrial Corridor,28.44,62,Partially Paid,Yes,Approval,38.8,Medium,58.27530087434413,19.7,On-Time,On-Time,On-Time,Delayed,Delayed
LA-1841,Delhi,New Delhi,Airport,65.57,59,Partially Paid,No,Compensation,73.5,Low,53.286793836430135,29.1,On-Time,Delayed,On-Time,On-Time,Delayed
LA-1842,Karnataka,Mangaluru,Irrigation,131.37,151,Pending,Yes,Possession,12.8,Medium,48.57829714971574,40.0,On-Time,Delayed,Delayed,Delayed,Delayed
LA-1843,Uttar Pradesh,Prayagraj,Irrigation,169.91,295,Paid,No,Notification,64.2,High,73.94770722157907,21.4,On-Time,On-Time,Delayed,On-Time,On-Time
LA-1844,West Bengal,Howrah,Airport,130.78,211,Paid,No,Approval,30.0,Medium,55.13171223968946,41.7,On-Time,Delayed,On-Time,Delayed,On-Time
LA-1845,Uttar Pradesh,Varanasi,Industrial Corridor,78.85,188,Pending,No,Compensation,76.3,Medium,82.93964335041471,30.5,On-Time,On-Time,On-Time,On-Time,On-Time
LA-1846,Gujarat,Rajkot,Industrial Corridor,116.07,231,Paid,No,Compensation,33.7,Low,88.83750864862456,60.0,Delayed,On-Time,On-Time,On-Time,On-Time
LA-1847,Uttar Pradesh,Prayagraj,Irrigation,76.81,125,Partially Paid,Yes,Notification,88.3,Medium,47.647818565205284,25.8,Delayed,On-Time,Delayed,Delayed,Delayed
LA-1848,West Bengal,Durgapur,Highway,68.08,115,Pending,No,Possession,28.7,Medium,76.07288773820912,32.5,Delayed,Delayed,On-Time,Delayed,On-Time
LA-1849,Rajasthan,Udaipur,Railway,117.46,177,Paid,No,Compensation,89.2,Medium,95.0,29.4,On-Time,On-Time,On-Time,On-Time,On-Time
LA-1850,Madhya Pradesh,Bhopal,Industrial Corridor,61.42,112,Pending,No,Notification,98.4,Medium,52.16999895820963,40.0,On-Time,Delayed,Delayed,On-Time,On-Time
LA-1851,Delhi,New Delhi,Industrial Corridor,19.29,89,Paid,No,Notification,52.3,High,83.00962923858887,26.6,On-Time,On-Time,On-Time,On-Time,On-Time
LA-1852,Karnataka,Mangaluru,Metro,59.4,84,Pending,No,Possession,57.8,High,73.4289603992528,1.0,On-Time,On-Time,On-Time,On-Time,On-Time
LA-1853,Uttar Pradesh,Agra,Power Project,16.23,5,Paid,No,Notification,55.7,Medium,79.40726618441136,17.1,On-Time,On-Time,On-Time,On-Time,On-Time
LA-1854,Bihar,Gaya,Industrial Corridor,56.87,137,Partially Paid,No,Notification,42.5,Low,53.65394013098416,8.3,On-Time,On-Time,On-Time,On-Time,On-Time
LA-1855,Uttar Pradesh,Prayagraj,Railway,100.11,217,Partially Paid,No,Compensation,58.0,High,93.57777365335386,14.5,On-Time,On-Time,Delayed,On-Time,Delayed
LA-1856,Uttar Pradesh,Kanpur,Power Project,93.15,138,Paid,No,Compensation,82.9,Low,54.95494310394403,16.3,Delayed,On-Time,On-Time,On-Time,On-Time
LA-1857,Delhi,North Delhi,Power Project,78.9,198,Partially Paid,No,Compensation,76.3,High,74.60966263644237,42.9,On-Time,On-Time,On-Time,Delayed,Delayed
LA-1858,Rajasthan,Kota,Airport,68.56,122,Pending,No,Approval,69.5,High,64.05146640098815,35.5,On-Time,On-Time,Delayed,Delayed,On-Time
LA-1859,Madhya Pradesh,Indore,Airport,95.19,132,Partially Paid,No,Possession,80.7,High,73.04979809416,60.0,On-Time,On-Time,On-Time,Delayed,On-Time
LA-1860,Delhi,North Delhi,Airport,116.86,124,Pending,No,Possession,30.1,Low,50.24870311488535,21.0,On-Time,Delayed,On-Time,Delayed,On-Time
LA-1861,Tamil Nadu,Madurai,Airport,57.34,104,Paid,No,Approval,46.3,High,46.589542789576214,10.1,On-Time,On-Time,On-Time,Delayed,On-Time
LA-1862,Rajasthan,Udaipur,Metro,28.19,27,Partially Paid,No,Compensation,44.9,Medium,69.30546288539684,11.3,Delayed,On-Time,On-Time,On-Time,On-Time
LA-1863,Rajasthan,Jodhpur,Industrial Corridor,97.64,222,Paid,No,Possession,59.1,High,59.49121180598532,38.5,On-Time,On-Time,On-Time,On-Time,On-Time
LA-1864,Gujarat,Surat,Airport,32.51,107,Pending,No,Compensation,35.5,Medium,58.98064346043002,13.8,Delayed,On-Time,On-Time,Delayed,Delayed
LA-1865,Gujarat,Vadodara,Irrigation,37.49,95,Paid,Yes,Compensation,61.9,Low,73.17227513659546,5.9,On-Time,On-Time,On-Time,Delayed,On-Time
LA-1866,Madhya Pradesh,Jabalpur,Highway,141.19,242,Paid,No,Approval,87.7,High,42.57984063548598,29.7,On-Time,On-Time,On-Time,On-Time,On-Time
LA-1867,Uttar Pradesh,Agra,Airport,95.5,163,Paid,No,Compensation,47.8,Low,83.10324336390286,37.0,On-Time,On-Time,On-Time,On-Time,On-Time
LA-1868,Uttar Pradesh,Agra,Industrial Corridor,193.25,212,Paid,Yes,Compensation,59.1,Low,66.79269328110054,5.4,Delayed,Delayed,On-Time,On-Time,Delayed
LA-1869,Bihar,Bhagalpur,Airport,155.7,280,Pending,No,Compensation,65.8,High,76.44243718378871,14.8,Delayed,On-Time,On-Time,Delayed,Delayed
LA-1870,West Bengal,Siliguri,Metro,79.14,142,Paid,No,Possession,58.5,Medium,72.91022352921614,13.8,On-Time,Delayed,On-Time,On-Time,On-Time
LA-1871,Gujarat,Vadodara,Railway,143.38,229,Pending,No,Notification,31.6,High,73.73746441893128,22.0,On-Time,On-Time,Delayed,Delayed,On-Time
LA-1872,Maharashtra,Aurangabad,Railway,30.97,73,Paid,No,Notification,40.1,High,47.02314059601795,13.7,On-Time,Delayed,On-Time,On-Time,On-Time
LA-1873,Madhya Pradesh,Jabalpur,Industrial Corridor,69.25,115,Pending,No,Notification,64.2,Medium,82.47032142479055,19.9,On-Time,On-Time,On-Time,On-Time,On-Time
LA-1874,Gujarat,Vadodara,Irrigation,81.2,109,Partially Paid,No,Compensation,38.1,Medium,69.09371172849885,25.1,On-Time,Delayed,On-Time,On-Time,Delayed
LA-1875,Delhi,New Delhi,Railway,62.05,107,Paid,No,Notification,55.2,High,57.875094692637525,5.4,On-Time,On-Time,On-Time,On-Time,On-Time
LA-1876,Uttar Pradesh,Lucknow,Railway,137.37,267,Paid,No,Compensation,48.1,High,63.12065193037838,18.1,On-Time,On-Time,On-Time,On-Time,On-Time
LA-1877,Karnataka,Mangaluru,Highway,99.71,149,Paid,No,Approval,60.3,Low,70.43204168823688,15.8,On-Time,On-Time,Delayed,On-Time,Delayed
LA-1878,Karnataka,Mangaluru,Industrial Corridor,97.58,272,Paid,Yes,Compensation,83.0,Medium,67.7034323624697,18.2,Delayed,Delayed,Delayed,On-Time,Delayed
LA-1879,Delhi,South Delhi,Irrigation,209.49,381,Paid,Yes,Approval,71.6,High,73.95863136127822,18.2,Delayed,On-Time,On-Time,On-Time,On-Time
LA-1880,Uttar Pradesh,Kanpur,Industrial Corridor,79.44,174,Paid,No,Possession,50.8,Medium,89.80085174690993,4.7,On-Time,Delayed,On-Time,On-Time,On-Time
LA-1881,Maharashtra,Aurangabad,Railway,161.79,281,Paid,Yes,Compensation,28.1,High,49.45045322932732,58.4,On-Time,Delayed,On-Time,Delayed,On-Time
LA-1882,Karnataka,Mysuru,Railway,164.97,333,Partially Paid,No,Possession,18.2,High,76.25411762740212,22.8,On-Time,Delayed,On-Time,Delayed,On-Time
LA-1883,Delhi,North Delhi,Railway,125.91,289,Paid,No,Compensation,85.3,Medium,63.39051493544316,39.1,On-Time,On-Time,On-Time,On-Time,On-Time
LA-1884,Uttar Pradesh,Varanasi,Power Project,204.19,167,Partially Paid,No,Notification,65.0,Medium,82.1381708936942,11.2,On-Time,On-Time,On-Time,On-Time,On-Time
LA-1885,Tamil Nadu,Chennai,Metro,87.97,78,Pending,No,Notification,44.7,High,89.38471904940616,45.4,On-Time,On-Time,Delayed,Delayed,On-Time
LA-1886,Uttar Pradesh,Varanasi,Airport,100.63,260,Paid,No,Possession,87.4,Medium,67.94183758082364,22.5,On-Time,On-Time,On-Time,On-Time,On-Time
LA-1887,Karnataka,Bengaluru,Metro,47.82,65,Paid,No,Compensation,62.5,High,74.31211491260609,31.7,On-Time,On-Time,On-Time,On-Time,On-Time
LA-1888,Maharashtra,Aurangabad,Industrial Corridor,58.29,172,Paid,Yes,Notification,96.0,Medium,83.24097254654276,6.7,On-Time,On-Time,On-Time,On-Time,On-Time
LA-1889,Uttar Pradesh,Varanasi,Highway,96.56,175,Paid,No,Compensation,41.6,High,79.9735865874551,16.3,On-Time,Delayed,On-Time,Delayed,On-Time
LA-1890,Maharashtra,Aurangabad,Airport,62.66,170,Partially Paid,No,Approval,49.2,High,83.85155896210001,23.7,On-Time,On-Time,On-Time,On-Time,On-Time
LA-1891,Karnataka,Mysuru,Highway,109.59,226,Paid,No,Approval,84.6,High,60.528738450227614,58.6,On-Time,On-Time,On-Time,On-Time,Delayed
LA-1892,Bihar,Gaya,Irrigation,81.57,150,Paid,No,Notification,73.2,Medium,57.246760458738194,29.2,On-Time,Delayed,On-Time,On-Time,On-Time
LA-1893,Bihar,Bhagalpur,Power Project,165.17,235,Paid,No,Possession,58.2,High,47.957386452117326,9.1,Delayed,Delayed,On-Time,On-Time,On-Time
LA-1894,Gujarat,Vadodara,Industrial Corridor,76.88,196,Pending,No,Notification,76.8,High,62.06988505312111,10.0,On-Time,On-Time,Delayed,On-Time,On-Time
LA-1895,Karnataka,Mysuru,Power Project,154.19,281,Partially Paid,Yes,Approval,66.0,High,63.73748605011333,6.0,On-Time,Delayed,On-Time,On-Time,On-Time
LA-1896,Uttar Pradesh,Agra,Industrial Corridor,21.11,107,Pending,Yes,Approval,64.5,Medium,62.84597578494276,12.0,On-Time,On-Time,Delayed,On-Time,Delayed
LA-1897,Maharashtra,Nagpur,Highway,43.93,71,Pending,No,Notification,57.7,High,72.38342682571943,45.9,On-Time,On-Time,Delayed,Delayed,On-Time
LA-1898,Bihar,Bhagalpur,Highway,97.21,155,Paid,Yes,Compensation,35.7,Medium,72.7738789764997,27.9,Delayed,On-Time,On-Time,On-Time,Delayed
LA-1899,Delhi,North Delhi,Highway,57.08,64,Paid,No,Notification,25.2,High,64.01857577560696,31.8,On-Time,On-Time,On-Time,On-Time,On-Time
LA-1900,Uttar Pradesh,Prayagraj,Industrial Corridor,78.48,181,Paid,Yes,Approval,85.0,Medium,70.20156354351349,46.0,Delayed,On-Time,On-Time,On-Time,Delayed
LA-1901,Uttar Pradesh,Agra,Railway,73.68,116,Partially Paid,Yes,Possession,78.1,Low,77.40116454659439,32.3,On-Time,On-Time,On-Time,Delayed,Delayed
LA-1902,Delhi,North Delhi,Highway,72.45,107,Partially Paid,No,Approval,48.7,Medium,53.018204522436555,7.4,On-Time,On-Time,Delayed,On-Time,Delayed
LA-1903,Uttar Pradesh,Kanpur,Power Project,21.26,5,Paid,No,Approval,57.6,Medium,78.99830773370424,36.8,On-Time,On-Time,On-Time,On-Time,On-Time
LA-1904,Madhya Pradesh,Jabalpur,Irrigation,88.99,161,Paid,No,Compensation,76.1,Medium,55.82951528953505,60.0,On-Time,On-Time,On-Time,On-Time,On-Time
LA-1905,Gujarat,Rajkot,Airport,225.83,416,Paid,Yes,Compensation,84.4,Low,86.5862054168902,7.6,On-Time,On-Time,On-Time,On-Time,On-Time
LA-1906,Bihar,Bhagalpur,Industrial Corridor,83.86,176,Pending,No,Possession,59.7,High,67.49365692468938,25.3,Delayed,On-Time,Delayed,On-Time,Delayed
LA-1907,Tamil Nadu,Coimbatore,Power Project,83.29,206,Pending,No,Notification,31.2,Low,65.96152658072698,45.0,On-Time,Delayed,Delayed,Delayed,Delayed
LA-1908,Maharashtra,Mumbai,Metro,239.27,302,Paid,No,Possession,38.7,Low,38.15448091171034,38.4,Delayed,On-Time,On-Time,On-Time,On-Time
LA-1909,Maharashtra,Mumbai,Irrigation,346.27,482,Paid,No,Possession,38.1,High,74.86833701542788,60.0,On-Time,On-Time,On-Time,Delayed,On-Time
LA-1910,Gujarat,Vadodara,Metro,38.02,30,Paid,Yes,Compensation,32.2,High,66.42585616985782,46.1,Delayed,Delayed,On-Time,On-Time,Delayed
LA-1911,Madhya Pradesh,Gwalior,Airport,251.85,444,Pending,No,Notification,49.0,Low,67.61221637008684,13.3,On-Time,On-Time,On-Time,On-Time,Delayed
LA-1912,Maharashtra,Pune,Railway,74.15,31,Pending,No,Notification,53.5,Medium,63.603814859727066,41.4,Delayed,Delayed,On-Time,On-Time,Delayed
LA-1913,Madhya Pradesh,Bhopal,Highway,30.05,98,Paid,No,Compensation,30.8,High,74.37793490014663,21.4,On-Time,Delayed,On-Time,On-Time,On-Time
LA-1914,Gujarat,Vadodara,Industrial Corridor,137.29,225,Paid,Yes,Possession,56.2,Medium,77.38207312992704,17.7,On-Time,Delayed,On-Time,On-Time,Delayed
LA-1915,Madhya Pradesh,Indore,Power Project,26.72,87,Paid,Yes,Compensation,50.1,High,72.2603521562748,13.7,On-Time,On-Time,On-Time,On-Time,On-Time
LA-1916,Gujarat,Ahmedabad,Highway,69.56,167,Partially Paid,No,Approval,70.9,High,84.75601869615457,42.0,Delayed,On-Time,On-Time,On-Time,On-Time
LA-1917,Maharashtra,Pune,Power Project,63.32,82,Partially Paid,Yes,Notification,59.0,Medium,54.210529523000154,8.3,On-Time,Delayed,Delayed,On-Time,Delayed
LA-1918,West Bengal,Kolkata,Industrial Corridor,84.66,186,Partially Paid,Yes,Compensation,66.7,Medium,56.10725787188624,24.5,Delayed,Delayed,Delayed,On-Time,On-Time
LA-1919,Tamil Nadu,Coimbatore,Metro,25.72,127,Pending,No,Compensation,48.6,Low,71.10055525922435,13.9,On-Time,Delayed,On-Time,On-Time,On-Time
LA-1920,Uttar Pradesh,Prayagraj,Highway,20.82,31,Paid,No,Notification,44.3,Medium,74.92667719368933,22.2,On-Time,On-Time,On-Time,On-Time,On-Time
LA-1921,Bihar,Patna,Airport,136.01,280,Pending,No,Notification,77.1,Low,72.75043301189429,19.2,On-Time,On-Time,On-Time,Delayed,Delayed
LA-1922,Rajasthan,Udaipur,Railway,173.21,211,Paid,Yes,Approval,32.8,High,45.687062389111865,22.7,On-Time,Delayed,On-Time,On-Time,Delayed
LA-1923,Bihar,Gaya,Airport,181.35,359,Paid,No,Compensation,27.4,Medium,46.96231938543679,28.0,On-Time,On-Time,On-Time,Delayed,On-Time
LA-1924,Tamil Nadu,Madurai,Railway,18.56,76,Partially Paid,No,Compensation,48.6,High,62.2281993687791,12.5,On-Time,On-Time,On-Time,On-Time,On-Time
LA-1925,Gujarat,Rajkot,Irrigation,47.99,5,Pending,No,Possession,80.2,High,38.16092077176742,8.4,On-Time,Delayed,Delayed,On-Time,On-Time
LA-1926,Delhi,New Delhi,Power Project,312.08,285,Partially Paid,No,Compensation,30.3,Low,68.9134562908568,12.2,Delayed,On-Time,On-Time,On-Time,Delayed
LA-1927,Maharashtra,Pune,Highway,39.64,67,Pending,No,Notification,84.7,High,63.877463514900526,24.6,On-Time,On-Time,Delayed,On-Time,Delayed
LA-1928,Rajasthan,Kota,Highway,18.13,135,Pending,No,Compensation,47.9,Low,51.283070127931666,22.3,Delayed,Delayed,On-Time,On-Time,Delayed
LA-1929,Madhya Pradesh,Gwalior,Irrigation,54.62,90,Paid,No,Possession,32.5,High,56.72386031372696,12.4,On-Time,Delayed,On-Time,Delayed,On-Time
LA-1930,Maharashtra,Aurangabad,Railway,10.13,43,Pending,No,Possession,27.7,High,66.64590932456464,24.4,On-Time,On-Time,On-Time,On-Time,On-Time
LA-1931,Uttar Pradesh,Lucknow,Metro,15.58,55,Pending,No,Possession,83.6,High,42.59714352374105,43.6,On-Time,Delayed,On-Time,On-Time,Delayed
LA-1932,Bihar,Bhagalpur,Industrial Corridor,51.36,62,Partially Paid,No,Approval,54.7,Medium,55.94899950741379,22.5,On-Time,Delayed,On-Time,On-Time,On-Time
LA-1933,West Bengal,Kolkata,Airport,52.89,66,Partially Paid,Yes,Possession,76.5,High,61.04915468281793,11.7,On-Time,On-Time,On-Time,On-Time,On-Time
LA-1934,Rajasthan,Udaipur,Irrigation,14.43,80,Pending,No,Possession,91.6,Medium,60.502982035260196,6.9,On-Time,On-Time,On-Time,On-Time,On-Time
LA-1935,Uttar Pradesh,Varanasi,Power Project,180.22,235,Pending,No,Compensation,51.5,Medium,60.934084878460695,22.2,Delayed,Delayed,Delayed,On-Time,Delayed
LA-1936,Maharashtra,Pune,Irrigation,58.33,138,Paid,No,Approval,84.2,High,85.38581234371847,10.9,On-Time,On-Time,On-Time,On-Time,On-Time
LA-1937,Delhi,South Delhi,Airport,61.53,93,Pending,Yes,Possession,33.0,Medium,79.22831449481362,17.2,On-Time,On-Time,Delayed,Delayed,Delayed
LA-1938,Bihar,Patna,Airport,58.47,190,Pending,No,Compensation,53.8,High,55.35296311957444,28.5,On-Time,On-Time,Delayed,Delayed,Delayed
LA-1939,Uttar Pradesh,Agra,Power Project,78.69,125,Paid,Yes,Notification,25.5,Low,49.44207953349727,26.7,Delayed,On-Time,Delayed,Delayed,Delayed
LA-1940,Madhya Pradesh,Bhopal,Power Project,246.11,454,Partially Paid,No,Notification,84.5,High,58.7997455485932,44.7,On-Time,Delayed,Delayed,On-Time,On-Time
LA-1941,Maharashtra,Mumbai,Highway,118.8,187,Paid,Yes,Compensation,93.0,High,83.40740264385138,4.9,Delayed,On-Time,On-Time,On-Time,Delayed
LA-1942,Madhya Pradesh,Gwalior,Airport,83.55,180,Paid,No,Approval,31.1,High,33.09035688238031,18.8,On-Time,On-Time,On-Time,On-Time,On-Time
LA-1943,Karnataka,Mangaluru,Industrial Corridor,32.03,48,Partially Paid,Yes,Notification,31.3,Medium,66.2538011394396,19.3,On-Time,On-Time,Delayed,Delayed,On-Time
LA-1944,Tamil Nadu,Salem,Industrial Corridor,41.3,86,Pending,Yes,Compensation,36.0,Medium,60.3791949039397,24.8,Delayed,Delayed,Delayed,Delayed,Delayed
LA-1945,Uttar Pradesh,Kanpur,Railway,60.58,133,Paid,Yes,Possession,34.0,Low,82.97553515610292,9.2,On-Time,On-Time,On-Time,On-Time,Delayed
LA-1946,Delhi,South Delhi,Irrigation,57.57,155,Pending,No,Compensation,53.7,Low,79.7172173924045,13.2,On-Time,On-Time,Delayed,On-Time,Delayed
LA-1947,Uttar Pradesh,Lucknow,Power Project,115.69,143,Partially Paid,No,Approval,63.6,High,42.977928100756095,8.5,On-Time,On-Time,On-Time,On-Time,On-Time
LA-1948,Bihar,Muzaffarpur,Highway,16.39,52,Pending,Yes,Compensation,44.1,Medium,82.94978802409217,26.0,On-Time,On-Time,Delayed,On-Time,Delayed
LA-1949,Bihar,Bhagalpur,Industrial Corridor,143.27,160,Pending,No,Notification,46.2,Medium,29.99354139118779,12.7,On-Time,On-Time,On-Time,Delayed,On-Time
LA-1950,Madhya Pradesh,Indore,Metro,66.86,125,Pending,Yes,Approval,70.1,Low,74.18415483210121,38.0,On-Time,Delayed,Delayed,On-Time,Delayed
LA-1951,Madhya Pradesh,Jabalpur,Highway,26.71,131,Pending,No,Approval,87.0,High,75.53075725790023,34.6,On-Time,Delayed,Delayed,Delayed,On-Time
LA-1952,Karnataka,Hubballi,Highway,84.74,203,Pending,Yes,Possession,92.5,High,90.27750698071715,41.0,On-Time,On-Time,On-Time,On-Time,On-Time
LA-1953,Uttar Pradesh,Varanasi,Industrial Corridor,66.47,140,Paid,No,Approval,34.5,Low,68.41017297067377,16.0,On-Time,On-Time,On-Time,Delayed,On-Time
LA-1954,Bihar,Muzaffarpur,Metro,44.07,115,Paid,No,Notification,84.1,High,55.03353207448502,16.1,On-Time,On-Time,On-Time,On-Time,On-Time
LA-1955,Gujarat,Ahmedabad,Railway,56.21,134,Paid,No,Approval,56.0,Medium,49.87455257675479,16.9,On-Time,Delayed,On-Time,On-Time,On-Time
LA-1956,Gujarat,Rajkot,Industrial Corridor,157.25,326,Partially Paid,No,Compensation,20.7,Low,86.90342269608443,11.8,On-Time,On-Time,On-Time,Delayed,On-Time
LA-1957,Rajasthan,Jodhpur,Metro,237.04,351,Paid,No,Possession,47.7,Low,90.45667220709697,7.9,On-Time,On-Time,On-Time,On-Time,On-Time
LA-1958,Delhi,New Delhi,Highway,85.9,132,Paid,Yes,Possession,37.9,High,58.27287153516627,10.5,Delayed,Delayed,On-Time,On-Time,Delayed
LA-1959,Uttar Pradesh,Prayagraj,Metro,147.86,272,Pending,No,Notification,60.8,High,65.33284907910031,50.7,Delayed,Delayed,On-Time,On-Time,On-Time
LA-1960,Karnataka,Bengaluru,Highway,128.28,206,Partially Paid,No,Notification,80.3,High,85.44958701407417,14.8,Delayed,On-Time,Delayed,On-Time,Delayed
LA-1961,Uttar Pradesh,Lucknow,Irrigation,156.91,243,Pending,No,Notification,84.0,Low,76.53602596009183,58.8,On-Time,On-Time,On-Time,Delayed,Delayed
LA-1962,Madhya Pradesh,Bhopal,Industrial Corridor,73.47,76,Paid,No,Possession,30.7,Low,62.19831793882099,14.2,On-Time,Delayed,On-Time,On-Time,On-Time
LA-1963,Maharashtra,Nagpur,Power Project,135.04,274,Paid,No,Notification,26.9,Medium,53.605113227080075,24.1,On-Time,On-Time,On-Time,On-Time,Delayed
LA-1964,Gujarat,Ahmedabad,Industrial Corridor,107.48,97,Paid,No,Notification,93.9,Medium,52.380593875636805,26.6,On-Time,On-Time,Delayed,On-Time,On-Time
LA-1965,Maharashtra,Mumbai,Irrigation,44.4,112,Paid,No,Compensation,14.3,High,79.30032294383543,21.8,On-Time,On-Time,On-Time,On-Time,On-Time
LA-1966,Gujarat,Rajkot,Airport,135.74,318,Paid,No,Approval,65.1,Medium,59.49495801896217,14.2,On-Time,On-Time,On-Time,On-Time,Delayed
LA-1967,Karnataka,Mysuru,Airport,49.3,106,Paid,No,Notification,12.9,High,58.900715824031984,4.1,On-Time,On-Time,On-Time,On-Time,Delayed
LA-1968,Maharashtra,Nashik,Airport,220.61,316,Paid,No,Approval,34.2,Medium,74.1785549925534,20.3,On-Time,Delayed,On-Time,On-Time,On-Time
LA-1969,Madhya Pradesh,Jabalpur,Industrial Corridor,42.5,128,Partially Paid,No,Approval,92.4,Medium,66.2090269852372,11.7,On-Time,On-Time,On-Time,On-Time,On-Time
LA-1970,Rajasthan,Kota,Railway,54.29,158,Paid,No,Compensation,79.1,Medium,70.84160026575547,14.7,On-Time,On-Time,On-Time,On-Time,On-Time
LA-1971,Karnataka,Mangaluru,Industrial Corridor,40.58,44,Paid,No,Possession,29.0,Low,60.13949883732243,14.0,On-Time,Delayed,On-Time,Delayed,On-Time
LA-1972,West Bengal,Kolkata,Irrigation,236.86,386,Partially Paid,No,Notification,57.8,High,59.51583021508896,50.7,On-Time,On-Time,On-Time,Delayed,Delayed
LA-1973,Karnataka,Bengaluru,Irrigation,219.32,479,Partially Paid,Yes,Approval,42.6,Medium,53.98339999871429,10.0,On-Time,Delayed,Delayed,Delayed,Delayed
LA-1974,Uttar Pradesh,Kanpur,Power Project,85.54,127,Pending,No,Possession,76.2,High,75.63452359605498,58.0,On-Time,Delayed,Delayed,Delayed,Delayed
LA-1975,Delhi,North Delhi,Metro,49.04,71,Paid,No,Possession,54.4,Medium,66.27579831235231,60.0,On-Time,On-Time,On-Time,On-Time,On-Time
LA-1976,Maharashtra,Nashik,Industrial Corridor,99.0,126,Pending,Yes,Approval,60.4,Medium,69.3973333399954,37.2,On-Time,Delayed,Delayed,Delayed,Delayed
LA-1977,Madhya Pradesh,Bhopal,Industrial Corridor,42.26,35,Pending,No,Compensation,71.0,High,49.70395178987497,2.2,On-Time,On-Time,On-Time,On-Time,On-Time
LA-1978,Delhi,North Delhi,Highway,61.16,142,Partially Paid,Yes,Notification,87.6,High,75.43561123909771,7.7,On-Time,On-Time,On-Time,Delayed,Delayed
LA-1979,Rajasthan,Kota,Irrigation,121.88,259,Paid,Yes,Compensation,78.8,High,69.68119330676366,42.1,On-Time,Delayed,Delayed,On-Time,On-Time
LA-1980,Madhya Pradesh,Jabalpur,Highway,61.77,192,Paid,No,Possession,88.4,High,75.95455619958769,9.5,On-Time,Delayed,On-Time,On-Time,On-Time
LA-1981,Maharashtra,Nagpur,Highway,83.59,184,Partially Paid,No,Compensation,43.6,Medium,70.17708964481088,23.1,On-Time,On-Time,On-Time,On-Time,Delayed
LA-1982,Tamil Nadu,Chennai,Industrial Corridor,124.31,179,Partially Paid,Yes,Compensation,22.3,High,69.29024233095564,14.1,Delayed,On-Time,On-Time,On-Time,Delayed
LA-1983,Uttar Pradesh,Agra,Railway,126.22,127,Pending,No,Notification,69.7,Medium,37.69776177431542,44.3,On-Time,On-Time,On-Time,On-Time,On-Time
LA-1984,Delhi,North Delhi,Metro,55.53,109,Partially Paid,No,Compensation,96.5,High,82.06629563436502,22.0,On-Time,On-Time,On-Time,On-Time,On-Time
LA-1985,Karnataka,Mangaluru,Metro,47.46,72,Pending,No,Compensation,73.4,Medium,45.19313344873876,24.3,Delayed,On-Time,On-Time,Delayed,Delayed
LA-1986,Rajasthan,Jaipur,Irrigation,125.95,227,Pending,Yes,Compensation,78.6,Medium,80.55612939839857,60.0,Delayed,Delayed,Delayed,Delayed,Delayed
LA-1987,Karnataka,Mysuru,Power Project,77.0,197,Pending,No,Notification,71.9,High,63.90789750619822,58.6,On-Time,Delayed,On-Time,On-Time,On-Time
LA-1988,Gujarat,Rajkot,Irrigation,137.64,251,Paid,No,Compensation,38.3,Medium,40.89922498668001,21.9,On-Time,On-Time,On-Time,On-Time,Delayed
LA-1989,Maharashtra,Mumbai,Railway,46.89,16,Paid,No,Compensation,73.1,Low,63.70801138241504,3.2,Delayed,On-Time,On-Time,On-Time,On-Time
LA-1990,Tamil Nadu,Coimbatore,Railway,60.21,153,Pending,Yes,Approval,9.8,High,42.49648934745113,33.3,On-Time,On-Time,On-Time,Delayed,Delayed
LA-1991,Tamil Nadu,Coimbatore,Metro,143.97,270,Pending,No,Approval,28.4,Medium,81.61973766580466,60.0,On-Time,On-Time,On-Time,Delayed,Delayed
LA-1992,Karnataka,Mangaluru,Airport,57.07,37,Paid,No,Approval,47.4,High,57.263937908548876,4.1,On-Time,On-Time,On-Time,On-Time,On-Time
LA-1993,Maharashtra,Nagpur,Highway,5.0,5,Pending,No,Compensation,61.6,High,49.38222822238558,35.9,On-Time,Delayed,On-Time,On-Time,On-Time
LA-1994,Madhya Pradesh,Indore,Highway,136.03,175,Partially Paid,No,Compensation,46.9,Medium,74.91272200817647,45.8,Delayed,On-Time,Delayed,On-Time,On-Time
LA-1995,Gujarat,Vadodara,Metro,104.08,207,Paid,No,Possession,48.0,High,64.36474765951296,21.9,Delayed,Delayed,On-Time,On-Time,On-Time
LA-1996,Uttar Pradesh,Kanpur,Irrigation,57.03,146,Partially Paid,No,Approval,90.8,Low,72.8025063309402,23.5,Delayed,Delayed,On-Time,Delayed,On-Time
LA-1997,Bihar,Bhagalpur,Railway,239.61,468,Pending,No,Possession,20.0,High,63.29154711918185,22.3,Delayed,Delayed,Delayed,On-Time,On-Time
LA-1998,Uttar Pradesh,Lucknow,Irrigation,33.56,47,Partially Paid,Yes,Compensation,70.4,High,82.34979814324683,8.7,On-Time,Delayed,On-Time,Delayed,On-Time
LA-1999,West Bengal,Durgapur,Power Project,85.21,137,Pending,No,Approval,74.1,Medium,58.97730300645642,60.0,Delayed,On-Time,On-Time,Delayed,On-Time
LA-2000,Gujarat,Vadodara,Airport,75.98,122,Paid,No,Notification,43.8,Medium,41.361672071637344,6.4,Delayed,On-Time,On-Time,On-Time,On-Time
LA-2001,Uttar Pradesh,Prayagraj,Metro,16.92,59,Partially Paid,No,Approval,72.6,Medium,48.585441791098845,36.2,On-Time,On-Time,On-Time,On-Time,Delayed
LA-2002,Rajasthan,Kota,Highway,67.56,44,Pending,No,Possession,44.4,High,71.52782112396602,34.7,On-Time,On-Time,Delayed,Delayed,On-Time
LA-2003,Bihar,Patna,Industrial Corridor,176.45,243,Paid,No,Approval,76.9,Low,55.13304845605678,9.5,On-Time,On-Time,On-Time,Delayed,On-Time
LA-2004,Karnataka,Mysuru,Irrigation,69.54,175,Paid,Yes,Approval,42.5,Low,84.25078964362015,23.3,Delayed,On-Time,Delayed,On-Time,On-Time
LA-2005,Tamil Nadu,Salem,Railway,65.94,72,Partially Paid,No,Notification,38.1,Medium,47.439810747444575,8.0,On-Time,Delayed,Delayed,On-Time,On-Time
LA-2006,Karnataka,Bengaluru,Industrial Corridor,191.11,205,Pending,No,Possession,72.2,Medium,80.27330643851688,30.0,Delayed,Delayed,Delayed,Delayed,On-Time
LA-2007,Karnataka,Hubballi,Power Project,27.19,153,Paid,Yes,Approval,64.9,Medium,58.504260278924434,47.4,On-Time,Delayed,Delayed,Delayed,Delayed
LA-2008,Bihar,Patna,Metro,162.45,191,Paid,No,Approval,55.0,High,84.61300820476306,23.9,On-Time,On-Time,On-Time,On-Time,On-Time
LA-2009,Maharashtra,Aurangabad,Irrigation,13.56,110,Paid,No,Approval,70.5,High,72.58446576879669,34.8,On-Time,On-Time,On-Time,On-Time,On-Time
LA-2010,Rajasthan,Jodhpur,Highway,162.65,305,Paid,No,Approval,72.1,High,67.88757405528011,10.4,On-Time,On-Time,On-Time,On-Time,On-Time
LA-2011,Uttar Pradesh,Varanasi,Irrigation,25.85,5,Partially Paid,No,Approval,38.9,Low,74.96600373543575,10.3,Delayed,On-Time,On-Time,On-Time,On-Time
LA-2012,West Bengal,Durgapur,Airport,42.77,55,Pending,No,Compensation,64.0,High,83.3998079762363,22.6,Delayed,On-Time,Delayed,On-Time,On-Time
LA-2013,West Bengal,Durgapur,Industrial Corridor,28.16,28,Paid,No,Possession,89.0,Medium,64.23794603176391,7.4,Delayed,On-Time,On-Time,On-Time,On-Time
LA-2014,Delhi,North Delhi,Airport,134.04,193,Partially Paid,Yes,Possession,46.2,High,36.84503710238669,9.6,On-Time,On-Time,On-Time,Delayed,On-Time
LA-2015,Karnataka,Mangaluru,Power Project,85.11,123,Pending,No,Possession,66.1,Medium,83.00068329755915,13.7,Delayed,On-Time,On-Time,On-Time,On-Time
LA-2016,West Bengal,Kolkata,Highway,140.79,306,Paid,Yes,Notification,95.6,High,60.93132893724875,30.1,Delayed,Delayed,On-Time,Delayed,Delayed
LA-2017,Uttar Pradesh,Prayagraj,Industrial Corridor,93.85,134,Partially Paid,No,Possession,66.9,Medium,95.0,10.2,On-Time,On-Time,On-Time,On-Time,On-Time
LA-2018,Madhya Pradesh,Gwalior,Power Project,60.25,90,Pending,No,Notification,76.8,High,55.959624695144036,21.3,On-Time,Delayed,On-Time,On-Time,On-Time
LA-2019,Bihar,Gaya,Airport,125.66,246,Paid,No,Notification,69.4,Low,59.288062192465475,35.9,Delayed,On-Time,On-Time,On-Time,On-Time
LA-2020,Delhi,North Delhi,Airport,98.95,171,Paid,No,Possession,44.6,Low,76.1666820984971,15.0,Delayed,Delayed,On-Time,Delayed,Delayed
LA-2021,Karnataka,Bengaluru,Industrial Corridor,91.82,224,Partially Paid,No,Possession,44.5,Medium,76.42374278191066,15.3,Delayed,Delayed,On-Time,On-Time,On-Time
LA-2022,Maharashtra,Nashik,Highway,57.82,19,Paid,No,Compensation,69.0,High,71.33935576350761,30.3,On-Time,On-Time,On-Time,On-Time,On-Time
LA-2023,West Bengal,Siliguri,Airport,82.15,113,Paid,No,Possession,71.8,High,56.60111243730137,24.5,On-Time,On-Time,On-Time,On-Time,On-Time
LA-2024,West Bengal,Kolkata,Metro,67.36,79,Pending,No,Possession,49.0,Low,47.59709196626811,16.4,Delayed,On-Time,Delayed,On-Time,Delayed
LA-2025,West Bengal,Kolkata,Power Project,62.62,157,Partially Paid,Yes,Compensation,60.5,High,54.84371864822506,11.5,Delayed,Delayed,On-Time,Delayed,On-Time
LA-2026,Rajasthan,Jodhpur,Industrial Corridor,91.05,167,Pending,No,Compensation,76.2,High,42.25013106924117,13.4,On-Time,On-Time,On-Time,Delayed,On-Time
LA-2027,Bihar,Bhagalpur,Railway,330.45,405,Paid,Yes,Possession,44.3,Medium,95.0,36.4,Delayed,Delayed,On-Time,On-Time,Delayed
LA-2028,Bihar,Patna,Railway,47.14,129,Pending,No,Approval,45.3,High,49.63064812191848,15.1,On-Time,On-Time,On-Time,Delayed,Delayed
LA-2029,Maharashtra,Mumbai,Highway,239.0,417,Pending,No,Notification,56.2,High,60.58918754120702,60.0,On-Time,On-Time,On-Time,Delayed,Delayed
LA-2030,Tamil Nadu,Madurai,Metro,130.95,245,Pending,No,Possession,78.6,Medium,75.38674389566322,12.3,On-Time,On-Time,On-Time,Delayed,Delayed
LA-2031,Delhi,New Delhi,Airport,70.38,131,Paid,Yes,Approval,66.7,High,65.07832123013407,32.2,On-Time,On-Time,On-Time,Delayed,Delayed
LA-2032,Madhya Pradesh,Bhopal,Railway,32.04,97,Paid,No,Notification,45.2,High,56.129959747964435,33.1,On-Time,On-Time,On-Time,On-Time,On-Time
LA-2033,Maharashtra,Pune,Highway,21.72,12,Partially Paid,No,Approval,25.5,Medium,62.771157350638354,27.6,On-Time,On-Time,Delayed,On-Time,Delayed
LA-2034,Uttar Pradesh,Agra,Power Project,56.87,114,Pending,No,Approval,64.6,High,55.871158010747614,6.9,On-Time,On-Time,On-Time,On-Time,On-Time
LA-2035,Delhi,South Delhi,Metro,80.29,92,Pending,No,Possession,79.6,Medium,61.18314710487587,40.9,Delayed,Delayed,On-Time,On-Time,Delayed
LA-2036,Karnataka,Bengaluru,Metro,172.72,319,Paid,No,Compensation,44.9,High,70.85819855639978,20.9,Delayed,On-Time,On-Time,On-Time,On-Time
LA-2037,Maharashtra,Nagpur,Irrigation,155.98,263,Pending,No,Compensation,53.7,Medium,49.449690293002554,49.1,On-Time,On-Time,Delayed,Delayed,Delayed
LA-2038,Karnataka,Mysuru,Highway,67.74,192,Pending,No,Possession,23.8,High,81.20661044169333,17.4,On-Time,On-Time,On-Time,On-Time,Delayed
LA-2039,Delhi,South Delhi,Highway,56.91,86,Partially Paid,No,Possession,76.4,High,66.09030090923093,17.3,On-Time,On-Time,On-Time,On-Time,On-Time
LA-2040,Maharashtra,Nagpur,Irrigation,67.97,177,Paid,No,Compensation,43.4,High,56.24768056352954,28.6,On-Time,Delayed,On-Time,On-Time,On-Time
LA-2041,Rajasthan,Jaipur,Airport,83.78,219,Pending,No,Possession,73.3,High,60.26549218686591,20.9,On-Time,On-Time,Delayed,On-Time,On-Time
LA-2042,Tamil Nadu,Madurai,Highway,45.76,132,Partially Paid,Yes,Approval,84.6,Low,82.51175626814991,7.3,Delayed,Delayed,On-Time,On-Time,Delayed
LA-2043,Maharashtra,Aurangabad,Irrigation,92.84,117,Pending,No,Approval,70.4,High,77.27613190147278,36.5,Delayed,On-Time,Delayed,Delayed,Delayed
LA-2044,Madhya Pradesh,Bhopal,Airport,87.26,157,Pending,No,Approval,76.8,Medium,68.59957385829017,6.3,On-Time,On-Time,Delayed,On-Time,Delayed
LA-2045,Bihar,Bhagalpur,Airport,88.82,73,Paid,No,Compensation,31.4,Low,55.99295275395202,40.3,On-Time,On-Time,On-Time,On-Time,On-Time
LA-2046,Madhya Pradesh,Bhopal,Industrial Corridor,209.42,359,Partially Paid,Yes,Compensation,82.6,Medium,73.52365566708185,10.9,On-Time,Delayed,On-Time,Delayed,On-Time
LA-2047,Maharashtra,Aurangabad,Metro,196.3,250,Paid,No,Compensation,88.2,High,65.21239219277756,60.0,On-Time,On-Time,On-Time,On-Time,On-Time
LA-2048,Delhi,South Delhi,Power Project,113.9,222,Pending,No,Compensation,63.2,High,91.1850354300948,7.2,On-Time,On-Time,On-Time,On-Time,Delayed
LA-2049,Bihar,Gaya,Metro,105.65,125,Paid,No,Notification,89.0,Low,64.43682563114012,7.9,On-Time,On-Time,On-Time,On-Time,Delayed
LA-2050,Delhi,North Delhi,Metro,311.27,498,Paid,No,Notification,39.6,Medium,90.25726644996807,10.5,On-Time,On-Time,On-Time,On-Time,On-Time
LA-2051,Bihar,Gaya,Industrial Corridor,5.0,58,Pending,No,Compensation,12.3,Medium,67.92246435674353,39.4,On-Time,On-Time,Delayed,On-Time,On-Time
LA-2052,Rajasthan,Kota,Airport,159.83,159,Paid,No,Notification,60.5,High,49.44732355780081,30.8,On-Time,On-Time,Delayed,On-Time,On-Time
LA-2053,West Bengal,Kolkata,Airport,361.08,448,Partially Paid,No,Compensation,29.4,Low,95.0,41.5,On-Time,Delayed,Delayed,Delayed,Delayed
LA-2054,Tamil Nadu,Coimbatore,Highway,65.19,117,Paid,No,Compensation,55.6,Medium,43.2956221768128,32.5,Delayed,Delayed,On-Time,On-Time,On-Time
LA-2055,West Bengal,Durgapur,Industrial Corridor,105.11,149,Partially Paid,No,Compensation,56.2,High,35.349138849791586,20.7,Delayed,On-Time,On-Time,Delayed,On-Time
LA-2056,Gujarat,Ahmedabad,Highway,80.6,162,Partially Paid,No,Approval,44.9,Medium,33.878962668161776,47.0,Delayed,On-Time,Delayed,Delayed,Delayed
LA-2057,Tamil Nadu,Salem,Industrial Corridor,100.54,137,Paid,No,Compensation,34.7,High,95.0,58.2,On-Time,On-Time,On-Time,On-Time,On-Time
LA-2058,Gujarat,Surat,Highway,166.14,321,Pending,No,Possession,98.9,High,95.0,9.8,On-Time,On-Time,Delayed,Delayed,Delayed
LA-2059,Rajasthan,Jaipur,Railway,226.03,244,Paid,Yes,Possession,24.4,Low,67.1601756000414,45.3,On-Time,Delayed,On-Time,On-Time,On-Time
LA-2060,Madhya Pradesh,Indore,Irrigation,69.92,147,Paid,No,Possession,70.7,High,71.51213036013976,44.8,On-Time,On-Time,On-Time,On-Time,On-Time
LA-2061,Bihar,Gaya,Metro,149.09,205,Paid,No,Compensation,37.2,Medium,68.76382246655896,11.1,On-Time,Delayed,On-Time,On-Time,On-Time
LA-2062,West Bengal,Howrah,Metro,162.05,188,Partially Paid,No,Notification,39.1,High,38.44015742504463,13.7,On-Time,Delayed,On-Time,Delayed,On-Time
LA-2063,Tamil Nadu,Chennai,Power Project,66.69,69,Paid,No,Compensation,69.0,High,86.88241320017751,37.9,On-Time,On-Time,On-Time,On-Time,On-Time
LA-2064,Gujarat,Vadodara,Irrigation,107.61,204,Paid,Yes,Possession,86.7,Medium,84.91789891262323,15.1,On-Time,On-Time,On-Time,On-Time,Delayed
LA-2065,Gujarat,Ahmedabad,Airport,115.28,191,Pending,No,Approval,78.1,Low,46.53360411101345,24.3,On-Time,On-Time,On-Time,On-Time,On-Time
LA-2066,Karnataka,Mysuru,Power Project,18.36,43,Paid,No,Approval,69.1,High,69.8852464075659,25.5,Delayed,Delayed,On-Time,On-Time,On-Time
LA-2067,Maharashtra,Aurangabad,Railway,123.06,241,Paid,No,Notification,82.3,High,63.89878658911296,10.4,On-Time,On-Time,On-Time,On-Time,On-Time
LA-2068,Uttar Pradesh,Lucknow,Power Project,12.81,5,Paid,No,Compensation,59.5,Medium,61.83261529887285,10.4,On-Time,On-Time,On-Time,Delayed,Delayed
LA-2069,Gujarat,Rajkot,Metro,140.75,250,Paid,No,Approval,75.5,High,54.813539546458145,9.1,On-Time,On-Time,On-Time,On-Time,On-Time
LA-2070,Maharashtra,Nagpur,Airport,105.85,116,Paid,No,Notification,47.9,High,63.31515324197645,31.3,On-Time,On-Time,On-Time,On-Time,On-Time
LA-2071,Maharashtra,Nashik,Railway,167.2,225,Paid,No,Possession,86.5,High,57.0973124914756,7.2,On-Time,On-Time,On-Time,On-Time,Delayed
LA-2072,Maharashtra,Mumbai,Metro,5.0,51,Paid,Yes,Compensation,43.9,High,80.9636194276029,40.0,On-Time,Delayed,On-Time,On-Time,On-Time
LA-2073,Delhi,North Delhi,Irrigation,171.23,364,Paid,No,Approval,57.0,High,64.58538053594678,14.6,Delayed,On-Time,On-Time,On-Time,On-Time
LA-2074,Delhi,South Delhi,Highway,160.19,188,Paid,No,Approval,65.4,High,54.611825657165895,24.2,On-Time,On-Time,On-Time,On-Time,On-Time
LA-2075,West Bengal,Kolkata,Industrial Corridor,241.48,367,Partially Paid,Yes,Approval,93.8,High,64.62180429503786,8.7,Delayed,On-Time,On-Time,On-Time,Delayed
LA-2076,Gujarat,Vadodara,Railway,20.12,19,Partially Paid,No,Compensation,78.8,Medium,62.88051656291647,60.0,On-Time,Delayed,On-Time,On-Time,On-Time
LA-2077,Gujarat,Rajkot,Airport,131.96,185,Paid,Yes,Approval,40.6,High,62.24922524340633,32.9,On-Time,Delayed,On-Time,On-Time,Delayed
LA-2078,Karnataka,Mangaluru,Power Project,12.47,43,Pending,No,Compensation,88.4,Low,75.15633140510577,32.1,Delayed,On-Time,On-Time,Delayed,Delayed
LA-2079,Uttar Pradesh,Lucknow,Irrigation,127.51,105,Pending,No,Possession,44.4,Medium,60.850386360418625,34.1,Delayed,On-Time,On-Time,On-Time,Delayed
LA-2080,West Bengal,Kolkata,Power Project,179.08,353,Pending,No,Compensation,66.0,High,56.43381045847318,30.3,On-Time,On-Time,On-Time,On-Time,On-Time
LA-2081,Tamil Nadu,Salem,Railway,44.93,52,Paid,Yes,Approval,74.1,Low,44.598264298642036,9.8,On-Time,On-Time,Delayed,Delayed,On-Time
LA-2082,Uttar Pradesh,Lucknow,Irrigation,69.01,86,Partially Paid,No,Compensation,27.1,High,64.87107626908598,11.8,Delayed,On-Time,On-Time,Delayed,On-Time
LA-2083,Gujarat,Surat,Airport,85.76,141,Paid,Yes,Possession,55.9,High,83.68029968083495,20.4,On-Time,On-Time,On-Time,On-Time,Delayed
LA-2084,Bihar,Muzaffarpur,Railway,21.12,82,Pending,No,Notification,92.6,High,63.14285712758191,31.1,Delayed,On-Time,Delayed,On-Time,On-Time
LA-2085,West Bengal,Kolkata,Airport,121.37,59,Paid,No,Notification,81.9,Medium,57.47301460349319,36.4,On-Time,Delayed,On-Time,On-Time,On-Time
LA-2086,Rajasthan,Udaipur,Power Project,13.42,21,Paid,No,Compensation,86.0,Medium,53.6414622666764,12.6,Delayed,Delayed,On-Time,On-Time,On-Time
LA-2087,Madhya Pradesh,Gwalior,Metro,71.44,212,Paid,Yes,Compensation,53.9,High,39.14248323496355,19.2,Delayed,On-Time,Delayed,On-Time,On-Time
LA-2088,Uttar Pradesh,Kanpur,Irrigation,246.5,443,Partially Paid,Yes,Approval,88.1,High,82.64678301657219,54.8,Delayed,On-Time,On-Time,Delayed,Delayed
LA-2089,West Bengal,Howrah,Highway,96.87,180,Partially Paid,Yes,Compensation,42.4,Medium,72.27052625336425,60.0,On-Time,Delayed,On-Time,Delayed,Delayed
LA-2090,Maharashtra,Mumbai,Metro,27.29,72,Paid,No,Compensation,66.8,High,76.54445435516692,16.9,Delayed,On-Time,On-Time,On-Time,On-Time
LA-2091,West Bengal,Siliguri,Highway,35.36,91,Paid,No,Possession,49.3,High,68.76604341465418,41.1,On-Time,On-Time,On-Time,On-Time,On-Time
LA-2092,Madhya Pradesh,Gwalior,Power Project,17.65,5,Pending,Yes,Notification,30.5,Medium,52.91963605024879,6.3,On-Time,Delayed,Delayed,Delayed,Delayed
LA-2093,Madhya Pradesh,Jabalpur,Irrigation,128.15,217,Pending,No,Possession,69.2,Low,60.247351713326566,17.3,On-Time,On-Time,On-Time,Delayed,Delayed
LA-2094,Rajasthan,Jaipur,Metro,27.97,16,Partially Paid,No,Notification,76.1,High,57.491907371250974,45.4,On-Time,On-Time,On-Time,On-Time,On-Time
LA-2095,Maharashtra,Aurangabad,Metro,150.47,227,Partially Paid,No,Compensation,64.0,High,58.74709743932371,51.8,On-Time,Delayed,On-Time,Delayed,On-Time
LA-2096,Uttar Pradesh,Lucknow,Railway,95.24,242,Paid,No,Compensation,84.2,Low,58.83906665033803,28.6,On-Time,On-Time,On-Time,On-Time,On-Time
LA-2097,Uttar Pradesh,Lucknow,Industrial Corridor,12.42,16,Paid,No,Approval,59.0,High,81.57164552083728,3.7,On-Time,On-Time,On-Time,On-Time,On-Time
LA-2098,Uttar Pradesh,Kanpur,Power Project,13.51,40,Paid,Yes,Possession,50.7,Medium,95.0,3.4,Delayed,Delayed,On-Time,Delayed,Delayed
LA-2099,Tamil Nadu,Coimbatore,Airport,39.29,72,Paid,No,Notification,86.9,Low,51.91588857296905,27.1,On-Time,On-Time,On-Time,On-Time,On-Time
LA-2100,Gujarat,Rajkot,Power Project,73.91,134,Partially Paid,No,Compensation,82.0,Low,62.46185392511559,28.8,Delayed,On-Time,On-Time,On-Time,Delayed
LA-2101,Delhi,New Delhi,Airport,186.4,161,Paid,No,Approval,78.6,High,68.2517310757041,60.0,On-Time,On-Time,On-Time,Delayed,Delayed
LA-2102,West Bengal,Durgapur,Irrigation,116.65,245,Paid,No,Compensation,81.8,High,50.29320656047097,12.9,Delayed,On-Time,On-Time,On-Time,On-Time
LA-2103,Bihar,Bhagalpur,Airport,134.47,228,Paid,No,Notification,85.8,High,65.79218303741395,8.5,On-Time,On-Time,On-Time,Delayed,On-Time
LA-2104,West Bengal,Howrah,Highway,66.97,148,Paid,No,Possession,33.4,Low,70.27456350999287,19.7,On-Time,Delayed,On-Time,On-Time,On-Time
LA-2105,West Bengal,Howrah,Airport,17.86,33,Pending,No,Possession,89.2,Low,63.82983067660548,16.2,On-Time,On-Time,Delayed,On-Time,Delayed
LA-2106,Uttar Pradesh,Kanpur,Airport,124.95,248,Paid,Yes,Possession,60.5,High,74.40542998878828,33.4,Delayed,Delayed,On-Time,On-Time,On-Time
LA-2107,Gujarat,Vadodara,Railway,89.74,135,Paid,Yes,Notification,65.9,Medium,65.00493085502197,37.2,Delayed,Delayed,On-Time,On-Time,On-Time
LA-2108,Tamil Nadu,Madurai,Metro,53.96,94,Partially Paid,No,Compensation,95.4,Low,25.0,19.3,On-Time,Delayed,Delayed,Delayed,On-Time
LA-2109,Karnataka,Hubballi,Power Project,87.6,114,Paid,No,Notification,87.4,High,50.59244697552687,36.0,On-Time,On-Time,On-Time,On-Time,On-Time
LA-2110,Uttar Pradesh,Lucknow,Power Project,47.25,42,Paid,No,Possession,46.4,High,86.48610886456629,10.3,On-Time,On-Time,On-Time,On-Time,On-Time
LA-2111,Tamil Nadu,Chennai,Irrigation,48.14,107,Partially Paid,No,Compensation,52.1,High,72.8042309270104,25.9,On-Time,On-Time,On-Time,Delayed,On-Time
LA-2112,Uttar Pradesh,Agra,Irrigation,111.89,225,Paid,Yes,Compensation,60.2,High,25.0,2.1,Delayed,On-Time,On-Time,On-Time,On-Time
LA-2113,Uttar Pradesh,Prayagraj,Airport,120.77,241,Partially Paid,No,Compensation,59.2,Low,42.3475973289639,12.7,Delayed,On-Time,On-Time,Delayed,Delayed
LA-2114,Rajasthan,Jaipur,Industrial Corridor,17.87,22,Pending,Yes,Notification,40.6,Low,75.82730346842084,31.5,On-Time,On-Time,Delayed,Delayed,Delayed
LA-2115,Madhya Pradesh,Bhopal,Power Project,70.15,104,Paid,No,Compensation,58.3,High,56.35768172967277,59.0,On-Time,On-Time,On-Time,On-Time,On-Time
LA-2116,Madhya Pradesh,Jabalpur,Irrigation,58.32,157,Paid,No,Approval,43.1,High,25.0,11.4,On-Time,Delayed,Delayed,On-Time,On-Time
LA-2117,Uttar Pradesh,Agra,Airport,217.74,460,Pending,No,Possession,65.4,High,80.89085850784544,26.4,On-Time,On-Time,On-Time,On-Time,Delayed
LA-2118,Bihar,Gaya,Irrigation,145.88,155,Paid,No,Possession,46.8,Medium,75.85806312361528,11.1,On-Time,Delayed,On-Time,On-Time,On-Time
LA-2119,Maharashtra,Aurangabad,Highway,134.94,239,Pending,No,Compensation,59.1,Medium,52.56031340666337,16.6,Delayed,On-Time,Delayed,On-Time,Delayed
LA-2120,Uttar Pradesh,Prayagraj,Highway,52.07,58,Paid,No,Possession,47.2,Medium,83.67538453584973,29.7,On-Time,Delayed,On-Time,Delayed,On-Time
LA-2121,Bihar,Bhagalpur,Irrigation,32.85,63,Partially Paid,Yes,Approval,46.0,Medium,53.12883988433627,9.5,Delayed,On-Time,On-Time,On-Time,On-Time
LA-2122,West Bengal,Durgapur,Highway,44.69,119,Partially Paid,No,Possession,73.9,High,55.65642765779921,16.5,On-Time,On-Time,On-Time,On-Time,On-Time
LA-2123,Bihar,Gaya,Irrigation,177.57,192,Pending,Yes,Approval,69.8,Medium,57.71456890443265,24.4,Delayed,On-Time,On-Time,Delayed,Delayed
LA-2124,Tamil Nadu,Salem,Airport,30.07,100,Paid,No,Compensation,78.6,Low,36.56791135059561,25.6,On-Time,On-Time,On-Time,On-Time,On-Time
LA-2125,Karnataka,Bengaluru,Railway,275.2,463,Paid,No,Compensation,85.2,High,71.19061650835162,22.7,Delayed,On-Time,On-Time,On-Time,On-Time
LA-2126,Madhya Pradesh,Bhopal,Industrial Corridor,91.86,201,Paid,No,Notification,49.5,Medium,72.80157623717216,24.4,On-Time,On-Time,On-Time,On-Time,On-Time
LA-2127,Uttar Pradesh,Kanpur,Airport,262.92,492,Pending,No,Approval,71.9,High,58.12208536376106,13.3,On-Time,On-Time,On-Time,On-Time,On-Time
LA-2128,Gujarat,Vadodara,Railway,180.1,290,Paid,No,Notification,40.7,Medium,75.59380060392277,11.8,On-Time,On-Time,On-Time,Delayed,On-Time
LA-2129,Gujarat,Vadodara,Railway,13.12,28,Pending,No,Possession,95.9,Medium,41.13311041972589,9.8,On-Time,Delayed,On-Time,On-Time,On-Time
LA-2130,Maharashtra,Mumbai,Power Project,47.92,133,Paid,No,Notification,71.8,Medium,75.29120657899958,10.8,On-Time,Delayed,On-Time,On-Time,On-Time
LA-2131,Karnataka,Bengaluru,Airport,112.16,245,Paid,No,Compensation,21.2,Low,69.880972414855,10.1,On-Time,On-Time,On-Time,On-Time,On-Time
LA-2132,Rajasthan,Kota,Airport,53.72,122,Paid,No,Possession,25.7,High,54.63968216235145,23.0,On-Time,On-Time,On-Time,On-Time,On-Time
LA-2133,Uttar Pradesh,Agra,Irrigation,129.54,206,Partially Paid,No,Approval,58.8,Medium,71.21173200937632,11.1,On-Time,Delayed,On-Time,On-Time,On-Time
LA-2134,Uttar Pradesh,Kanpur,Railway,351.71,550,Pending,No,Compensation,40.0,High,51.77618880479399,24.5,On-Time,On-Time,On-Time,On-Time,On-Time
LA-2135,Karnataka,Hubballi,Railway,242.78,458,Paid,No,Compensation,40.7,Medium,81.57666355706287,19.5,On-Time,On-Time,On-Time,On-Time,On-Time
LA-2136,Delhi,South Delhi,Railway,53.39,99,Pending,No,Notification,71.0,High,72.90577533893918,27.4,On-Time,On-Time,Delayed,On-Time,Delayed
LA-2137,Bihar,Patna,Irrigation,288.84,394,Paid,No,Possession,15.3,Low,70.45464026783917,21.9,On-Time,On-Time,On-Time,On-Time,On-Time
LA-2138,Rajasthan,Jodhpur,Power Project,60.42,172,Partially Paid,No,Approval,74.0,High,58.064417460456895,20.5,Delayed,On-Time,On-Time,On-Time,On-Time
LA-2139,Rajasthan,Kota,Airport,78.58,119,Partially Paid,No,Approval,65.5,High,76.62772743679507,39.9,On-Time,On-Time,On-Time,On-Time,On-Time
LA-2140,Madhya Pradesh,Jabalpur,Railway,118.23,245,Paid,Yes,Compensation,27.9,High,83.05565803092648,37.6,Delayed,Delayed,Delayed,Delayed,On-Time
LA-2141,Tamil Nadu,Coimbatore,Highway,93.01,171,Paid,No,Approval,35.9,Low,89.10339050723317,26.2,Delayed,On-Time,On-Time,On-Time,Delayed
LA-2142,Maharashtra,Nashik,Airport,234.62,313,Paid,No,Possession,80.3,High,56.820693942358815,37.1,Delayed,On-Time,On-Time,On-Time,Delayed
LA-2143,Karnataka,Mysuru,Irrigation,274.02,540,Paid,Yes,Possession,53.3,High,77.27805578652726,10.9,Delayed,Delayed,On-Time,On-Time,On-Time
LA-2144,Madhya Pradesh,Indore,Power Project,130.01,192,Pending,No,Compensation,46.2,High,85.93160735881328,16.9,On-Time,On-Time,On-Time,On-Time,On-Time
LA-2145,Maharashtra,Aurangabad,Highway,24.58,59,Pending,Yes,Approval,55.1,High,61.35433906032879,17.3,Delayed,On-Time,On-Time,On-Time,Delayed
LA-2146,Bihar,Muzaffarpur,Irrigation,237.88,338,Partially Paid,Yes,Approval,56.2,High,86.08143022303894,25.1,On-Time,On-Time,Delayed,On-Time,On-Time
LA-2147,Tamil Nadu,Salem,Metro,242.78,369,Partially Paid,No,Approval,91.9,Medium,67.38297009679727,6.7,On-Time,Delayed,On-Time,On-Time,Delayed
LA-2148,Karnataka,Mangaluru,Airport,89.35,113,Paid,No,Compensation,87.4,High,49.72019328046011,26.0,On-Time,On-Time,On-Time,On-Time,On-Time
LA-2149,Bihar,Gaya,Metro,18.49,5,Paid,No,Possession,53.2,Medium,54.350520889494035,31.2,Delayed,Delayed,On-Time,Delayed,On-Time
LA-2150,Bihar,Gaya,Irrigation,17.69,57,Pending,No,Approval,22.8,High,43.34878345612173,30.5,On-Time,On-Time,On-Time,Delayed,On-Time
LA-2151,Karnataka,Bengaluru,Irrigation,32.22,87,Partially Paid,No,Notification,55.5,High,64.41642349369191,6.2,On-Time,On-Time,On-Time,On-Time,On-Time
LA-2152,Bihar,Muzaffarpur,Irrigation,83.46,108,Partially Paid,Yes,Compensation,87.2,Medium,62.59724650647487,7.3,Delayed,On-Time,On-Time,Delayed,Delayed
LA-2153,Karnataka,Mangaluru,Railway,230.47,386,Pending,No,Notification,43.5,High,67.8258547235982,13.0,On-Time,Delayed,On-Time,Delayed,On-Time
LA-2154,Karnataka,Mysuru,Power Project,169.31,244,Paid,No,Compensation,51.2,High,85.42553179898489,60.0,On-Time,On-Time,On-Time,On-Time,On-Time
LA-2155,Madhya Pradesh,Bhopal,Railway,187.93,200,Paid,Yes,Compensation,76.4,High,64.75350036198861,26.4,Delayed,On-Time,On-Time,On-Time,On-Time
LA-2156,Tamil Nadu,Salem,Power Project,130.36,205,Pending,No,Compensation,90.8,High,60.993060340361396,7.6,On-Time,On-Time,On-Time,On-Time,On-Time
LA-2157,Uttar Pradesh,Agra,Industrial Corridor,105.13,168,Paid,Yes,Approval,60.5,Medium,62.00742191946063,27.5,On-Time,On-Time,On-Time,On-Time,On-Time
LA-2158,Bihar,Bhagalpur,Railway,103.0,222,Pending,No,Possession,59.4,Medium,37.19975731895928,22.8,Delayed,On-Time,On-Time,Delayed,On-Time
LA-2159,Bihar,Patna,Metro,36.41,44,Paid,No,Notification,55.6,Medium,75.2519791727513,29.9,Delayed,On-Time,Delayed,On-Time,On-Time
LA-2160,Delhi,New Delhi,Power Project,38.71,136,Paid,No,Possession,78.8,High,62.738112875593586,20.3,On-Time,On-Time,On-Time,On-Time,On-Time
LA-2161,Tamil Nadu,Salem,Railway,72.96,135,Paid,No,Approval,79.8,High,66.20497642278839,21.0,On-Time,On-Time,On-Time,On-Time,On-Time
LA-2162,Uttar Pradesh,Varanasi,Airport,64.13,156,Partially Paid,No,Possession,82.4,High,61.9885259220951,12.9,On-Time,On-Time,On-Time,On-Time,On-Time
LA-2163,Maharashtra,Nagpur,Irrigation,103.25,184,Partially Paid,No,Compensation,84.4,Medium,66.91077649740497,60.0,On-Time,Delayed,On-Time,On-Time,On-Time
LA-2164,Karnataka,Mysuru,Power Project,200.35,360,Paid,Yes,Notification,50.6,Medium,45.323621832870245,16.4,Delayed,Delayed,Delayed,On-Time,Delayed
LA-2165,Uttar Pradesh,Varanasi,Power Project,38.64,91,Paid,No,Possession,67.1,High,64.98379164117506,18.8,On-Time,On-Time,On-Time,On-Time,On-Time
LA-2166,Tamil Nadu,Madurai,Railway,71.02,182,Partially Paid,No,Compensation,90.8,Medium,55.939515643318934,14.7,Delayed,On-Time,On-Time,Delayed,Delayed
LA-2167,Bihar,Gaya,Industrial Corridor,158.67,368,Paid,Yes,Notification,60.3,High,65.52393700632169,3.4,Delayed,On-Time,Delayed,On-Time,Delayed
LA-2168,Rajasthan,Udaipur,Railway,155.68,330,Paid,No,Notification,56.5,Low,49.77556380156977,6.9,On-Time,Delayed,On-Time,On-Time,Delayed
LA-2169,Delhi,South Delhi,Metro,113.81,217,Paid,No,Compensation,79.4,High,72.17846810600572,23.3,On-Time,On-Time,On-Time,On-Time,Delayed
LA-2170,Maharashtra,Nashik,Metro,111.16,188,Paid,Yes,Compensation,62.4,Medium,65.32107982306962,15.9,Delayed,On-Time,Delayed,On-Time,Delayed
LA-2171,Madhya Pradesh,Bhopal,Power Project,89.25,178,Partially Paid,No,Compensation,68.6,High,45.567811018642246,5.5,On-Time,On-Time,On-Time,On-Time,On-Time
LA-2172,West Bengal,Howrah,Power Project,97.96,150,Paid,No,Compensation,95.8,Low,79.1950334429707,32.5,On-Time,On-Time,On-Time,On-Time,On-Time
LA-2173,Madhya Pradesh,Indore,Railway,291.29,518,Paid,No,Compensation,87.3,High,57.28488109144081,31.9,On-Time,Delayed,On-Time,Delayed,Delayed
LA-2174,Maharashtra,Mumbai,Metro,29.41,100,Paid,Yes,Possession,67.5,High,59.620700759554225,28.8,Delayed,Delayed,On-Time,On-Time,Delayed
LA-2175,Madhya Pradesh,Gwalior,Metro,84.13,230,Paid,No,Compensation,78.7,High,76.9732543035599,22.2,On-Time,On-Time,On-Time,On-Time,Delayed
LA-2176,Rajasthan,Udaipur,Industrial Corridor,43.29,46,Pending,Yes,Approval,85.9,Low,81.10070172707947,53.2,Delayed,On-Time,Delayed,Delayed,Delayed
LA-2177,Tamil Nadu,Salem,Airport,146.38,201,Paid,No,Possession,38.2,Low,58.011832328303775,15.1,On-Time,On-Time,On-Time,On-Time,On-Time
LA-2178,Uttar Pradesh,Agra,Industrial Corridor,94.84,177,Partially Paid,No,Notification,63.3,High,66.67227225726617,22.1,On-Time,On-Time,On-Time,On-Time,On-Time
LA-2179,Tamil Nadu,Salem,Highway,65.57,131,Paid,Yes,Approval,55.6,Medium,75.22953290740213,8.8,Delayed,On-Time,On-Time,On-Time,On-Time
LA-2180,Rajasthan,Jodhpur,Irrigation,79.97,116,Pending,Yes,Compensation,97.5,Medium,83.94892133496727,6.1,Delayed,On-Time,On-Time,On-Time,Delayed
LA-2181,West Bengal,Siliguri,Industrial Corridor,149.91,230,Pending,Yes,Approval,81.1,High,66.33015975087733,48.7,Delayed,Delayed,Delayed,On-Time,On-Time
LA-2182,Maharashtra,Nagpur,Railway,74.47,182,Paid,Yes,Notification,83.1,High,72.07604621713135,28.7,Delayed,On-Time,On-Time,On-Time,Delayed
LA-2183,Madhya Pradesh,Bhopal,Airport,135.44,256,Pending,Yes,Notification,76.1,Low,51.290849715379885,26.4,On-Time,On-Time,Delayed,On-Time,Delayed
LA-2184,West Bengal,Durgapur,Railway,73.74,73,Paid,No,Compensation,90.3,Medium,42.31545154664698,60.0,Delayed,On-Time,Delayed,On-Time,On-Time
LA-2185,Uttar Pradesh,Varanasi,Irrigation,239.61,350,Paid,No,Possession,36.7,High,73.32346890511796,5.1,On-Time,On-Time,On-Time,Delayed,On-Time
LA-2186,West Bengal,Durgapur,Highway,236.22,262,Paid,No,Compensation,62.9,High,52.89610520764573,7.5,On-Time,On-Time,On-Time,On-Time,On-Time
LA-2187,Karnataka,Mangaluru,Airport,65.29,155,Paid,Yes,Compensation,25.0,High,51.13464302212281,60.0,On-Time,Delayed,On-Time,On-Time,Delayed
LA-2188,Delhi,South Delhi,Power Project,83.45,151,Paid,No,Approval,46.5,Medium,74.62129653300076,22.6,On-Time,On-Time,On-Time,Delayed,On-Time
LA-2189,Maharashtra,Aurangabad,Metro,38.18,50,Paid,Yes,Approval,84.6,High,62.78826638329217,22.3,Delayed,On-Time,On-Time,On-Time,On-Time
LA-2190,Karnataka,Bengaluru,Industrial Corridor,170.4,307,Paid,No,Notification,26.4,Medium,68.41355424222647,16.5,Delayed,Delayed,On-Time,On-Time,On-Time
LA-2191,Delhi,South Delhi,Railway,168.7,341,Partially Paid,Yes,Approval,75.0,High,45.75136149281038,21.6,On-Time,Delayed,On-Time,On-Time,On-Time
LA-2192,Madhya Pradesh,Indore,Highway,82.63,100,Paid,Yes,Approval,56.6,High,51.3339337058063,27.6,Delayed,On-Time,On-Time,On-Time,Delayed
LA-2193,Maharashtra,Nagpur,Metro,149.0,311,Paid,No,Notification,61.8,High,89.45928470174545,46.1,On-Time,On-Time,On-Time,On-Time,Delayed
LA-2194,Madhya Pradesh,Indore,Industrial Corridor,74.78,30,Paid,No,Notification,35.6,Low,55.129912234667955,55.1,On-Time,On-Time,On-Time,Delayed,On-Time
LA-2195,Delhi,North Delhi,Metro,80.04,114,Paid,No,Compensation,78.0,High,61.95061242378666,35.0,On-Time,On-Time,On-Time,On-Time,On-Time
LA-2196,Bihar,Gaya,Industrial Corridor,164.44,212,Paid,No,Possession,63.8,Medium,68.56044508206958,60.0,Delayed,On-Time,On-Time,On-Time,On-Time
LA-2197,West Bengal,Howrah,Power Project,46.06,60,Paid,No,Possession,63.6,High,48.950587132173766,12.8,On-Time,On-Time,On-Time,On-Time,On-Time
LA-2198,West Bengal,Kolkata,Airport,118.3,114,Partially Paid,No,Compensation,50.4,Medium,85.2919976854358,40.3,On-Time,Delayed,Delayed,On-Time,On-Time
LA-2199,Karnataka,Mysuru,Metro,52.4,107,Paid,No,Notification,31.5,High,65.11254461722532,27.4,On-Time,Delayed,On-Time,Delayed,On-Time
LA-2200,Uttar Pradesh,Varanasi,Metro,273.91,427,Pending,Yes,Compensation,66.2,Medium,61.45378054582047,25.7,Delayed,Delayed,Delayed,Delayed,Delayed
LA-2201,Tamil Nadu,Salem,Metro,88.58,113,Paid,Yes,Notification,59.2,Low,81.02169932754333,13.8,Delayed,On-Time,On-Time,Delayed,Delayed
LA-2202,Delhi,North Delhi,Airport,81.45,224,Paid,No,Compensation,78.8,High,78.67699919616119,20.3,On-Time,On-Time,Delayed,On-Time,On-Time
LA-2203,Delhi,South Delhi,Highway,78.37,109,Paid,No,Possession,71.6,High,94.50486323556,15.5,On-Time,On-Time,On-Time,On-Time,On-Time
LA-2204,Maharashtra,Nagpur,Industrial Corridor,36.02,43,Pending,No,Compensation,64.2,Medium,58.444515615058044,3.2,On-Time,On-Time,On-Time,Delayed,On-Time
LA-2205,Rajasthan,Udaipur,Power Project,32.34,53,Partially Paid,Yes,Possession,96.1,High,95.0,25.3,On-Time,On-Time,Delayed,On-Time,On-Time
LA-2206,Tamil Nadu,Chennai,Metro,210.18,239,Paid,No,Compensation,77.0,Medium,74.69210390903139,60.0,On-Time,On-Time,On-Time,On-Time,On-Time
LA-2207,Karnataka,Hubballi,Irrigation,44.03,99,Paid,No,Compensation,31.3,High,90.35605164521627,13.4,On-Time,On-Time,On-Time,On-Time,On-Time
LA-2208,Gujarat,Surat,Airport,60.63,197,Paid,No,Approval,39.8,Medium,79.78705865516454,26.1,Delayed,On-Time,On-Time,On-Time,On-Time
LA-2209,Maharashtra,Nagpur,Highway,86.26,153,Paid,No,Possession,64.0,Medium,55.37028539681778,10.1,On-Time,Delayed,On-Time,Delayed,On-Time
LA-2210,West Bengal,Siliguri,Industrial Corridor,89.51,165,Partially Paid,No,Notification,65.3,High,52.49436266062049,37.6,On-Time,On-Time,On-Time,Delayed,On-Time
LA-2211,Gujarat,Ahmedabad,Airport,95.25,148,Partially Paid,No,Possession,31.3,Medium,37.93815920432589,47.1,On-Time,Delayed,On-Time,On-Time,Delayed
LA-2212,Rajasthan,Kota,Power Project,135.0,241,Paid,No,Approval,60.3,High,34.841328074571564,4.0,On-Time,Delayed,On-Time,On-Time,On-Time
LA-2213,Uttar Pradesh,Kanpur,Power Project,210.72,268,Paid,No,Notification,81.1,High,55.81601352032919,18.9,On-Time,On-Time,Delayed,On-Time,On-Time
LA-2214,Tamil Nadu,Salem,Industrial Corridor,88.12,77,Pending,Yes,Possession,32.7,High,84.00507497933094,16.0,On-Time,On-Time,Delayed,Delayed,On-Time
LA-2215,Karnataka,Bengaluru,Metro,20.74,70,Partially Paid,No,Notification,25.2,Medium,57.52809259677362,18.5,Delayed,On-Time,On-Time,On-Time,On-Time
LA-2216,Uttar Pradesh,Prayagraj,Power Project,128.1,179,Pending,No,Possession,73.6,High,54.85358170881151,36.1,Delayed,Delayed,Delayed,On-Time,On-Time
LA-2217,Uttar Pradesh,Varanasi,Highway,89.64,203,Paid,No,Approval,20.9,Low,75.49454415427597,18.2,Delayed,On-Time,On-Time,Delayed,On-Time
LA-2218,Karnataka,Mysuru,Airport,68.39,113,Partially Paid,Yes,Possession,81.2,Medium,52.07700247725611,42.1,Delayed,On-Time,On-Time,Delayed,Delayed
LA-2219,Karnataka,Hubballi,Highway,58.58,169,Paid,No,Compensation,82.2,High,92.60847677159173,3.1,On-Time,On-Time,On-Time,On-Time,On-Time
LA-2220,Maharashtra,Pune,Metro,234.67,519,Paid,No,Compensation,43.8,Low,61.07498767631538,24.2,Delayed,On-Time,Delayed,On-Time,Delayed
LA-2221,West Bengal,Durgapur,Highway,86.16,132,Partially Paid,Yes,Approval,84.3,High,78.96032950868056,25.7,On-Time,Delayed,On-Time,Delayed,Delayed
LA-2222,Uttar Pradesh,Agra,Highway,46.07,135,Pending,No,Notification,85.3,Medium,61.998988915942675,8.2,On-Time,On-Time,On-Time,On-Time,On-Time
LA-2223,Gujarat,Rajkot,Railway,119.74,225,Paid,No,Possession,56.5,High,65.36865713409715,56.7,On-Time,On-Time,On-Time,On-Time,On-Time
LA-2224,West Bengal,Siliguri,Highway,194.58,436,Pending,No,Notification,56.3,Medium,81.9062873832835,16.8,On-Time,On-Time,Delayed,On-Time,On-Time
LA-2225,Gujarat,Vadodara,Industrial Corridor,37.92,58,Partially Paid,No,Approval,68.1,Medium,68.44025641044105,32.5,On-Time,Delayed,Delayed,On-Time,Delayed
LA-2226,Madhya Pradesh,Jabalpur,Airport,208.41,247,Paid,Yes,Compensation,90.1,Medium,87.40691521802188,12.6,On-Time,On-Time,On-Time,On-Time,Delayed
LA-2227,Gujarat,Vadodara,Railway,27.61,90,Pending,Yes,Compensation,41.9,High,53.2507433179953,10.7,On-Time,On-Time,Delayed,Delayed,On-Time
LA-2228,Maharashtra,Mumbai,Airport,101.75,157,Partially Paid,Yes,Notification,39.2,High,45.5145577542181,35.4,Delayed,On-Time,On-Time,Delayed,Delayed
LA-2229,West Bengal,Howrah,Airport,151.91,131,Partially Paid,Yes,Notification,91.1,High,38.76010575755504,11.6,Delayed,Delayed,Delayed,On-Time,Delayed
LA-2230,Gujarat,Ahmedabad,Metro,51.49,52,Paid,No,Notification,29.8,High,83.8244859294247,18.6,On-Time,On-Time,On-Time,On-Time,On-Time
LA-2231,Bihar,Gaya,Metro,32.56,62,Paid,No,Possession,36.0,High,78.52382673833331,13.5,Delayed,On-Time,On-Time,On-Time,On-Time
LA-2232,Uttar Pradesh,Kanpur,Railway,64.94,149,Pending,Yes,Notification,24.6,Medium,61.01543106031587,34.1,Delayed,On-Time,On-Time,Delayed,Delayed
LA-2233,Uttar Pradesh,Agra,Power Project,216.71,301,Paid,No,Possession,73.3,Low,69.48132967982282,15.7,Delayed,On-Time,On-Time,Delayed,On-Time
LA-2234,Delhi,New Delhi,Irrigation,123.53,172,Paid,No,Notification,69.8,High,81.04164913334034,9.0,On-Time,On-Time,On-Time,On-Time,On-Time
LA-2235,Karnataka,Bengaluru,Metro,29.0,30,Pending,No,Notification,42.5,High,62.14651839140817,27.7,On-Time,On-Time,Delayed,On-Time,Delayed
LA-2236,Gujarat,Rajkot,Irrigation,274.22,579,Pending,No,Compensation,83.1,Low,38.599208297707804,53.0,On-Time,Delayed,Delayed,On-Time,Delayed
LA-2237,Bihar,Patna,Metro,59.53,144,Paid,No,Notification,51.4,Low,38.79041947051431,37.4,On-Time,On-Time,On-Time,On-Time,On-Time
LA-2238,Rajasthan,Udaipur,Metro,109.19,179,Paid,No,Compensation,78.2,High,48.580001912309626,38.0,Delayed,On-Time,On-Time,On-Time,On-Time
LA-2239,West Bengal,Howrah,Airport,152.48,203,Partially Paid,No,Possession,67.3,High,66.53306764130681,13.9,On-Time,On-Time,Delayed,Delayed,On-Time
LA-2240,Uttar Pradesh,Prayagraj,Railway,147.47,282,Paid,No,Notification,93.1,Medium,50.87562795729506,24.5,On-Time,On-Time,On-Time,On-Time,Delayed
LA-2241,Bihar,Gaya,Airport,64.67,87,Paid,No,Possession,79.8,Medium,80.50230939152539,16.7,On-Time,Delayed,On-Time,On-Time,On-Time
LA-2242,Tamil Nadu,Chennai,Industrial Corridor,121.11,153,Paid,No,Approval,83.7,High,45.896014984463264,9.8,On-Time,On-Time,On-Time,On-Time,On-Time
LA-2243,Tamil Nadu,Chennai,Airport,115.32,189,Partially Paid,No,Notification,40.7,Medium,54.59805457480353,28.1,On-Time,On-Time,Delayed,On-Time,On-Time
LA-2244,Bihar,Bhagalpur,Irrigation,97.69,180,Paid,No,Notification,74.3,Medium,37.67974686286789,26.1,Delayed,Delayed,On-Time,On-Time,On-Time
LA-2245,Tamil Nadu,Coimbatore,Irrigation,272.33,529,Partially Paid,Yes,Possession,32.8,High,58.32212431779485,19.7,Delayed,Delayed,On-Time,On-Time,Delayed
LA-2246,Madhya Pradesh,Bhopal,Industrial Corridor,51.37,113,Partially Paid,No,Notification,35.7,Medium,65.10682053222821,44.7,On-Time,On-Time,Delayed,Delayed,On-Time
LA-2247,Uttar Pradesh,Agra,Highway,40.63,83,Paid,No,Possession,37.7,High,81.16637876177485,6.3,On-Time,On-Time,On-Time,On-Time,On-Time
LA-2248,Delhi,North Delhi,Highway,123.95,302,Paid,No,Compensation,76.4,Medium,66.79976575757198,31.5,On-Time,On-Time,On-Time,On-Time,On-Time
LA-2249,West Bengal,Howrah,Industrial Corridor,126.17,292,Paid,No,Notification,92.2,Medium,76.11350488802329,28.5,Delayed,On-Time,On-Time,On-Time,On-Time
LA-2250,Madhya Pradesh,Jabalpur,Industrial Corridor,144.84,330,Paid,Yes,Compensation,92.4,High,80.0766983663763,4.8,On-Time,On-Time,On-Time,On-Time,On-Time
LA-2251,Tamil Nadu,Madurai,Airport,34.28,64,Paid,Yes,Possession,60.3,Medium,70.88412132313087,27.9,On-Time,Delayed,On-Time,On-Time,Delayed
LA-2252,Rajasthan,Jodhpur,Industrial Corridor,132.44,226,Partially Paid,Yes,Compensation,84.2,Medium,51.55082414842576,6.0,On-Time,On-Time,On-Time,On-Time,Delayed
LA-2253,Uttar Pradesh,Lucknow,Railway,16.52,107,Paid,Yes,Compensation,48.2,Low,71.06906052564503,16.0,Delayed,Delayed,On-Time,Delayed,On-Time
LA-2254,Uttar Pradesh,Prayagraj,Highway,68.15,160,Partially Paid,No,Possession,38.8,High,87.31706522480769,17.4,Delayed,On-Time,On-Time,On-Time,On-Time
LA-2255,Karnataka,Mangaluru,Highway,44.96,93,Partially Paid,Yes,Notification,79.5,High,60.27588260325934,13.1,On-Time,On-Time,Delayed,On-Time,On-Time
LA-2256,Gujarat,Ahmedabad,Power Project,206.65,189,Paid,No,Possession,73.9,Low,73.31976408819737,12.5,Delayed,On-Time,On-Time,On-Time,On-Time
LA-2257,Uttar Pradesh,Agra,Industrial Corridor,40.05,103,Paid,No,Possession,92.8,Medium,72.93250750624641,13.3,On-Time,On-Time,On-Time,On-Time,On-Time
LA-2258,Rajasthan,Jaipur,Metro,119.7,272,Pending,No,Compensation,26.1,Low,59.465350227299446,23.3,Delayed,On-Time,On-Time,Delayed,Delayed
LA-2259,Delhi,North Delhi,Metro,15.47,85,Pending,Yes,Possession,83.6,High,79.05993608651124,41.1,Delayed,Delayed,On-Time,On-Time,On-Time
LA-2260,Madhya Pradesh,Bhopal,Industrial Corridor,23.34,104,Pending,No,Compensation,46.6,High,59.22962562789175,29.8,On-Time,Delayed,On-Time,Delayed,On-Time
LA-2261,Maharashtra,Nagpur,Railway,57.15,136,Paid,Yes,Compensation,67.9,High,71.79577349392883,33.8,Delayed,On-Time,On-Time,On-Time,On-Time
LA-2262,Tamil Nadu,Salem,Metro,28.84,150,Pending,No,Compensation,57.0,Low,61.40939086326894,51.0,Delayed,On-Time,Delayed,Delayed,On-Time
LA-2263,Maharashtra,Nashik,Power Project,85.87,137,Paid,No,Approval,70.8,Low,65.65441956649036,45.2,On-Time,On-Time,On-Time,On-Time,On-Time
LA-2264,Rajasthan,Kota,Irrigation,79.08,139,Paid,No,Compensation,72.4,Medium,79.00360003172447,33.2,Delayed,On-Time,On-Time,On-Time,On-Time
LA-2265,Delhi,South Delhi,Industrial Corridor,36.7,109,Paid,Yes,Approval,71.7,High,35.79547106392662,7.6,On-Time,On-Time,Delayed,On-Time,On-Time
LA-2266,Delhi,South Delhi,Railway,96.98,176,Paid,No,Approval,52.6,High,74.25495171438612,15.7,On-Time,On-Time,On-Time,On-Time,Delayed
LA-2267,Gujarat,Surat,Railway,16.52,70,Partially Paid,No,Approval,25.8,Medium,75.60752472363141,4.3,On-Time,On-Time,On-Time,Delayed,Delayed
LA-2268,Rajasthan,Jaipur,Airport,306.09,329,Paid,Yes,Notification,78.2,Medium,56.3764872042434,7.2,Delayed,Delayed,On-Time,On-Time,On-Time
LA-2269,Madhya Pradesh,Jabalpur,Railway,192.6,388,Pending,No,Approval,60.6,Medium,64.5296706893596,17.0,Delayed,On-Time,On-Time,On-Time,On-Time
LA-2270,Maharashtra,Nagpur,Metro,46.65,95,Partially Paid,No,Possession,35.4,High,50.3569114608981,22.5,On-Time,On-Time,On-Time,Delayed,On-Time
LA-2271,Karnataka,Mysuru,Irrigation,156.28,218,Pending,No,Approval,42.0,High,53.01477338879769,41.4,Delayed,On-Time,Delayed,On-Time,Delayed
LA-2272,Bihar,Bhagalpur,Metro,111.13,200,Paid,No,Compensation,49.9,High,69.06434898861102,34.3,On-Time,On-Time,On-Time,On-Time,On-Time
LA-2273,Tamil Nadu,Madurai,Industrial Corridor,111.66,126,Partially Paid,Yes,Notification,65.1,Medium,95.0,48.5,On-Time,Delayed,On-Time,On-Time,On-Time
LA-2274,Delhi,South Delhi,Irrigation,35.53,21,Paid,Yes,Approval,26.8,High,74.95946285637103,9.9,On-Time,Delayed,On-Time,Delayed,On-Time
LA-2275,Rajasthan,Udaipur,Industrial Corridor,34.34,60,Partially Paid,No,Notification,74.9,Low,52.27528419346394,47.4,On-Time,Delayed,Delayed,On-Time,On-Time
LA-2276,Uttar Pradesh,Agra,Railway,42.95,87,Partially Paid,Yes,Notification,33.7,Medium,76.63692667966627,29.3,Delayed,Delayed,On-Time,Delayed,On-Time
LA-2277,Maharashtra,Pune,Power Project,121.57,189,Paid,No,Compensation,10.3,High,73.71332797537774,37.7,On-Time,On-Time,On-Time,Delayed,On-Time
LA-2278,West Bengal,Kolkata,Highway,58.46,150,Paid,Yes,Compensation,34.6,High,39.09701458430585,24.9,Delayed,On-Time,Delayed,On-Time,Delayed
LA-2279,Uttar Pradesh,Varanasi,Irrigation,37.47,102,Partially Paid,No,Approval,35.9,Low,60.2617849272593,28.9,On-Time,On-Time,On-Time,Delayed,Delayed
LA-2280,Rajasthan,Jaipur,Airport,179.6,343,Partially Paid,No,Compensation,37.6,High,62.86179143207888,22.1,Delayed,On-Time,Delayed,Delayed,Delayed
LA-2281,Madhya Pradesh,Jabalpur,Highway,36.02,108,Paid,No,Possession,35.3,High,66.77121649848185,18.0,On-Time,On-Time,On-Time,On-Time,On-Time
LA-2282,Karnataka,Hubballi,Railway,108.12,156,Paid,No,Notification,43.0,Low,64.52727411229291,23.1,On-Time,On-Time,Delayed,On-Time,On-Time
LA-2283,Madhya Pradesh,Gwalior,Railway,48.35,72,Paid,No,Notification,76.8,Medium,67.21650424199711,28.1,On-Time,On-Time,On-Time,On-Time,On-Time
LA-2284,Delhi,New Delhi,Highway,23.92,70,Partially Paid,No,Compensation,85.6,Medium,50.97282502416997,58.3,Delayed,On-Time,On-Time,On-Time,On-Time
LA-2285,Maharashtra,Aurangabad,Airport,190.77,222,Paid,No,Notification,52.3,High,60.123050025013555,13.3,On-Time,On-Time,On-Time,Delayed,On-Time
LA-2286,Rajasthan,Jodhpur,Irrigation,32.55,116,Partially Paid,No,Possession,66.4,Low,61.01318994650261,13.6,On-Time,On-Time,Delayed,On-Time,On-Time
LA-2287,Uttar Pradesh,Prayagraj,Irrigation,199.03,492,Partially Paid,No,Compensation,69.6,High,82.39943311161589,16.1,On-Time,Delayed,On-Time,On-Time,On-Time
LA-2288,Gujarat,Ahmedabad,Highway,80.57,101,Partially Paid,No,Compensation,64.9,High,54.53751214374708,50.1,On-Time,Delayed,On-Time,On-Time,Delayed
LA-2289,Delhi,South Delhi,Industrial Corridor,85.64,29,Pending,No,Approval,53.8,High,61.33270594103046,41.6,On-Time,Delayed,On-Time,On-Time,On-Time
LA-2290,Delhi,New Delhi,Metro,151.79,274,Paid,No,Compensation,48.5,High,59.65997879408129,25.5,On-Time,Delayed,On-Time,On-Time,On-Time
LA-2291,Gujarat,Rajkot,Power Project,135.22,256,Paid,Yes,Notification,87.6,Low,88.8106350042,20.2,Delayed,Delayed,Delayed,On-Time,Delayed
LA-2292,Uttar Pradesh,Kanpur,Industrial Corridor,107.3,130,Paid,No,Possession,57.9,Medium,74.97748465913567,10.3,On-Time,On-Time,On-Time,On-Time,On-Time
LA-2293,Madhya Pradesh,Bhopal,Irrigation,63.74,84,Paid,No,Compensation,55.6,Medium,50.99453463302604,6.4,On-Time,On-Time,On-Time,On-Time,On-Time
LA-2294,Karnataka,Mysuru,Metro,128.38,268,Paid,No,Notification,77.6,Low,70.96169986329144,18.2,On-Time,Delayed,On-Time,On-Time,On-Time
LA-2295,Tamil Nadu,Chennai,Power Project,145.79,298,Pending,No,Compensation,49.8,High,49.82568752130403,9.6,Delayed,On-Time,Delayed,On-Time,Delayed
LA-2296,Uttar Pradesh,Prayagraj,Power Project,21.11,5,Pending,No,Notification,38.3,High,68.90859809045729,40.2,On-Time,On-Time,On-Time,Delayed,On-Time
LA-2297,Uttar Pradesh,Lucknow,Power Project,85.39,81,Paid,No,Notification,76.3,Medium,85.49044740916982,24.3,On-Time,On-Time,Delayed,On-Time,On-Time
LA-2298,Uttar Pradesh,Kanpur,Railway,7.37,41,Paid,No,Compensation,66.1,Medium,35.655202683881555,21.2,Delayed,On-Time,On-Time,On-Time,On-Time
LA-2299,Madhya Pradesh,Jabalpur,Power Project,118.02,208,Paid,No,Compensation,52.6,Medium,49.87679447627533,8.5,On-Time,On-Time,Delayed,On-Time,On-Time
LA-2300,Karnataka,Mysuru,Airport,33.79,101,Pending,Yes,Compensation,66.6,High,67.33764523341561,16.2,On-Time,Delayed,On-Time,On-Time,Delayed
LA-2301,Delhi,New Delhi,Highway,123.15,265,Pending,No,Notification,81.2,Medium,59.059910979975186,21.6,On-Time,Delayed,On-Time,Delayed,Delayed
LA-2302,West Bengal,Siliguri,Irrigation,78.68,160,Paid,No,Compensation,63.8,High,68.20913451618468,50.4,On-Time,Delayed,On-Time,Delayed,On-Time
LA-2303,Delhi,South Delhi,Airport,110.93,165,Partially Paid,No,Notification,64.3,High,63.75002787686887,22.5,On-Time,On-Time,Delayed,On-Time,Delayed
LA-2304,Rajasthan,Jodhpur,Highway,232.09,349,Paid,Yes,Compensation,83.4,High,39.78818153671516,30.4,On-Time,Delayed,On-Time,Delayed,Delayed
LA-2305,Karnataka,Hubballi,Industrial Corridor,41.04,74,Paid,Yes,Compensation,83.5,High,74.3297149103171,12.5,On-Time,On-Time,On-Time,On-Time,On-Time
LA-2306,Bihar,Bhagalpur,Industrial Corridor,79.36,103,Paid,Yes,Compensation,44.7,High,44.97757125382523,19.4,Delayed,On-Time,Delayed,Delayed,On-Time
LA-2307,Karnataka,Mangaluru,Highway,94.22,166,Partially Paid,No,Possession,27.6,High,68.0827860932557,7.4,On-Time,Delayed,On-Time,On-Time,On-Time
LA-2308,Tamil Nadu,Salem,Airport,29.12,12,Paid,No,Possession,70.3,Low,58.18247448734615,45.2,Delayed,Delayed,On-Time,On-Time,Delayed
LA-2309,Maharashtra,Pune,Highway,154.57,267,Paid,Yes,Possession,58.5,Low,95.0,39.1,Delayed,On-Time,On-Time,Delayed,On-Time
LA-2310,Tamil Nadu,Chennai,Power Project,211.75,319,Paid,Yes,Possession,71.5,Medium,63.186696924308386,57.2,On-Time,Delayed,On-Time,On-Time,Delayed
LA-2311,Uttar Pradesh,Kanpur,Railway,99.53,147,Paid,No,Possession,79.8,Low,70.26499387654587,21.5,On-Time,On-Time,Delayed,On-Time,On-Time
LA-2312,Bihar,Bhagalpur,Irrigation,248.46,386,Partially Paid,No,Possession,76.6,Low,73.3095338852291,4.4,Delayed,On-Time,On-Time,On-Time,On-Time
LA-2313,Rajasthan,Kota,Industrial Corridor,127.44,243,Paid,No,Possession,33.5,High,70.06432295755792,20.0,On-Time,On-Time,On-Time,On-Time,On-Time
LA-2314,Tamil Nadu,Salem,Irrigation,93.8,143,Pending,No,Compensation,81.6,High,64.5997829924238,12.7,On-Time,On-Time,On-Time,Delayed,On-Time
LA-2315,Rajasthan,Jaipur,Railway,159.57,326,Paid,Yes,Notification,58.7,Low,50.141375176876885,24.2,Delayed,Delayed,Delayed,Delayed,On-Time
LA-2316,Madhya Pradesh,Bhopal,Power Project,78.1,126,Paid,No,Notification,52.3,Medium,63.322860764963394,22.2,On-Time,On-Time,On-Time,On-Time,On-Time
LA-2317,Rajasthan,Jodhpur,Power Project,73.08,48,Paid,No,Possession,36.6,High,37.01171378032126,18.2,On-Time,On-Time,On-Time,On-Time,On-Time
LA-2318,Karnataka,Mangaluru,Industrial Corridor,125.67,237,Paid,No,Compensation,52.1,Medium,72.31337007748047,12.2,On-Time,On-Time,On-Time,On-Time,On-Time
LA-2319,Uttar Pradesh,Agra,Industrial Corridor,280.38,519,Paid,No,Possession,59.1,High,95.0,39.5,On-Time,Delayed,On-Time,On-Time,Delayed
LA-2320,Delhi,North Delhi,Power Project,40.19,75,Paid,No,Approval,18.5,High,67.65035801345265,10.7,On-Time,On-Time,On-Time,On-Time,On-Time
LA-2321,Maharashtra,Mumbai,Metro,28.2,79,Pending,No,Approval,82.0,High,70.09262020230511,24.8,On-Time,On-Time,On-Time,On-Time,On-Time
LA-2322,Uttar Pradesh,Agra,Irrigation,108.99,246,Partially Paid,No,Compensation,82.3,High,41.72138842801347,54.2,On-Time,On-Time,Delayed,On-Time,On-Time
LA-2323,Bihar,Patna,Railway,10.5,38,Pending,Yes,Possession,67.5,High,52.760603573197116,37.9,On-Time,On-Time,Delayed,Delayed,Delayed
LA-2324,Uttar Pradesh,Agra,Irrigation,62.62,148,Paid,No,Notification,48.6,Low,78.42255032216852,11.6,Delayed,On-Time,On-Time,On-Time,On-Time
LA-2325,West Bengal,Durgapur,Railway,81.99,82,Paid,No,Possession,72.7,High,43.29080940202668,25.7,On-Time,Delayed,On-Time,On-Time,On-Time
LA-2326,Maharashtra,Nashik,Metro,56.04,42,Paid,No,Possession,61.6,High,54.080282623310815,7.1,On-Time,On-Time,On-Time,On-Time,Delayed
LA-2327,Uttar Pradesh,Lucknow,Airport,201.75,311,Partially Paid,No,Approval,89.2,High,73.51805543506312,10.3,On-Time,On-Time,On-Time,On-Time,On-Time
LA-2328,Tamil Nadu,Salem,Railway,193.66,343,Pending,No,Approval,77.0,Medium,77.1367149943259,17.6,On-Time,On-Time,Delayed,On-Time,On-Time
LA-2329,Karnataka,Bengaluru,Irrigation,267.15,573,Pending,Yes,Notification,44.9,Low,63.364037062431244,19.0,Delayed,Delayed,On-Time,On-Time,Delayed
LA-2330,Rajasthan,Kota,Highway,86.89,138,Paid,Yes,Notification,78.4,High,66.84047103117287,36.4,Delayed,On-Time,On-Time,On-Time,Delayed
LA-2331,Madhya Pradesh,Indore,Power Project,97.47,154,Paid,No,Compensation,35.4,High,66.80554649415228,18.7,On-Time,Delayed,On-Time,Delayed,On-Time
LA-2332,Karnataka,Mangaluru,Power Project,58.42,126,Paid,No,Notification,96.5,High,46.4994577743481,21.7,On-Time,On-Time,On-Time,On-Time,On-Time
LA-2333,Uttar Pradesh,Prayagraj,Metro,176.81,211,Paid,Yes,Notification,24.4,Medium,63.899989966664,35.4,On-Time,On-Time,Delayed,On-Time,Delayed
LA-2334,West Bengal,Durgapur,Railway,20.78,87,Paid,No,Possession,84.0,High,68.62840691957612,12.0,On-Time,On-Time,On-Time,On-Time,On-Time
LA-2335,West Bengal,Kolkata,Airport,63.78,153,Paid,No,Compensation,22.8,High,63.673923886427694,53.2,On-Time,On-Time,On-Time,On-Time,On-Time
LA-2336,Karnataka,Bengaluru,Railway,180.78,238,Paid,No,Compensation,76.9,High,36.11656973344696,46.8,On-Time,On-Time,On-Time,On-Time,On-Time
LA-2337,Uttar Pradesh,Lucknow,Power Project,75.67,113,Paid,No,Notification,71.4,High,88.03469052531308,23.4,On-Time,On-Time,On-Time,On-Time,On-Time
LA-2338,Karnataka,Hubballi,Industrial Corridor,55.67,71,Paid,Yes,Possession,43.9,Low,48.59940970479336,33.4,Delayed,Delayed,On-Time,On-Time,Delayed
LA-2339,Delhi,North Delhi,Highway,46.85,146,Pending,No,Possession,42.5,High,66.08192387713672,23.3,On-Time,On-Time,On-Time,Delayed,On-Time
LA-2340,Delhi,North Delhi,Metro,40.09,49,Paid,No,Compensation,57.1,High,69.82686083655011,20.3,On-Time,On-Time,On-Time,Delayed,On-Time
LA-2341,Maharashtra,Pune,Industrial Corridor,56.25,113,Paid,Yes,Possession,54.4,Low,58.177676741702356,26.1,Delayed,Delayed,Delayed,On-Time,Delayed
LA-2342,Rajasthan,Jaipur,Irrigation,117.76,116,Partially Paid,No,Possession,74.7,Low,68.6676318358274,39.9,On-Time,On-Time,Delayed,On-Time,On-Time
LA-2343,Bihar,Muzaffarpur,Airport,87.21,172,Partially Paid,Yes,Compensation,21.7,High,53.370958070369554,37.4,On-Time,Delayed,On-Time,Delayed,Delayed
LA-2344,Karnataka,Bengaluru,Industrial Corridor,210.63,327,Paid,No,Compensation,80.0,Low,95.0,13.2,On-Time,Delayed,On-Time,On-Time,On-Time
LA-2345,Karnataka,Mysuru,Irrigation,21.67,45,Pending,No,Notification,47.9,Medium,61.09238370077541,21.0,On-Time,Delayed,On-Time,On-Time,On-Time
LA-2346,Gujarat,Surat,Industrial Corridor,50.13,132,Paid,No,Approval,37.3,High,78.4851440970187,8.9,On-Time,On-Time,On-Time,On-Time,On-Time
LA-2347,Maharashtra,Nagpur,Airport,29.3,60,Paid,No,Notification,33.0,Medium,48.61057258357988,30.6,Delayed,On-Time,On-Time,On-Time,On-Time
LA-2348,Gujarat,Ahmedabad,Industrial Corridor,46.32,69,Paid,No,Notification,73.1,High,75.81916867811589,33.7,Delayed,On-Time,On-Time,On-Time,On-Time
LA-2349,West Bengal,Siliguri,Metro,51.76,181,Paid,No,Notification,22.4,High,54.241904542978126,29.0,On-Time,On-Time,On-Time,Delayed,On-Time
LA-2350,Delhi,North Delhi,Power Project,119.1,170,Partially Paid,Yes,Possession,99.0,High,44.10280873929834,60.0,On-Time,On-Time,Delayed,On-Time,Delayed
LA-2351,Bihar,Muzaffarpur,Railway,130.12,238,Paid,Yes,Approval,89.9,Medium,49.02374926025093,24.6,Delayed,Delayed,Delayed,Delayed,On-Time
LA-2352,Madhya Pradesh,Bhopal,Industrial Corridor,123.5,287,Paid,Yes,Possession,62.9,Low,52.281345309366635,4.1,Delayed,Delayed,Delayed,On-Time,Delayed
LA-2353,Gujarat,Ahmedabad,Metro,151.48,257,Pending,No,Compensation,29.4,High,66.67179795822908,22.1,On-Time,On-Time,Delayed,On-Time,Delayed
LA-2354,Karnataka,Mysuru,Railway,167.23,325,Paid,No,Approval,44.1,High,95.0,11.3,On-Time,On-Time,On-Time,On-Time,On-Time
LA-2355,Rajasthan,Jodhpur,Irrigation,112.66,202,Partially Paid,No,Compensation,85.1,Medium,95.0,35.7,On-Time,On-Time,Delayed,On-Time,Delayed
LA-2356,Bihar,Patna,Railway,144.09,254,Paid,No,Approval,62.7,Medium,60.172217931339496,40.6,On-Time,Delayed,On-Time,On-Time,Delayed
LA-2357,Bihar,Patna,Irrigation,69.56,160,Paid,Yes,Possession,86.2,Medium,79.39129380099538,18.3,Delayed,On-Time,On-Time,Delayed,Delayed
LA-2358,Gujarat,Surat,Industrial Corridor,25.7,54,Paid,No,Possession,83.9,High,46.193343917276856,22.1,On-Time,On-Time,On-Time,On-Time,On-Time
LA-2359,Maharashtra,Mumbai,Metro,49.01,41,Pending,No,Notification,73.5,Medium,33.43906493584278,26.8,On-Time,Delayed,Delayed,Delayed,On-Time
LA-2360,Madhya Pradesh,Jabalpur,Power Project,206.59,261,Partially Paid,No,Possession,15.3,High,65.45877944304127,26.1,On-Time,On-Time,Delayed,On-Time,On-Time
LA-2361,Bihar,Gaya,Industrial Corridor,33.4,107,Paid,No,Compensation,55.6,Medium,73.19434575363474,40.7,Delayed,On-Time,On-Time,On-Time,On-Time
LA-2362,Uttar Pradesh,Prayagraj,Irrigation,63.57,59,Paid,Yes,Notification,43.7,High,76.74884276068113,25.4,On-Time,On-Time,On-Time,Delayed,On-Time
LA-2363,Madhya Pradesh,Indore,Airport,28.39,64,Pending,No,Compensation,67.4,High,81.19547275214835,21.3,On-Time,On-Time,On-Time,On-Time,On-Time
LA-2364,Madhya Pradesh,Gwalior,Railway,157.79,322,Pending,Yes,Compensation,66.3,High,60.04331803100406,18.4,Delayed,Delayed,On-Time,Delayed,Delayed
LA-2365,Karnataka,Mysuru,Industrial Corridor,81.32,224,Partially Paid,Yes,Approval,47.9,Low,66.08062153979195,7.9,On-Time,Delayed,Delayed,Delayed,Delayed
LA-2366,Uttar Pradesh,Prayagraj,Irrigation,64.76,69,Paid,No,Possession,39.3,Medium,77.31858154520582,10.7,On-Time,On-Time,On-Time,On-Time,On-Time
LA-2367,Karnataka,Hubballi,Railway,10.79,79,Pending,Yes,Notification,81.3,Low,82.90202642820812,10.2,On-Time,On-Time,On-Time,Delayed,On-Time
LA-2368,Bihar,Gaya,Irrigation,84.74,145,Paid,Yes,Compensation,57.0,High,51.39299525356467,60.0,Delayed,Delayed,On-Time,On-Time,On-Time
LA-2369,Uttar Pradesh,Prayagraj,Metro,171.15,225,Partially Paid,No,Notification,78.0,Medium,68.16016116188196,20.8,On-Time,On-Time,On-Time,On-Time,Delayed
LA-2370,Maharashtra,Nagpur,Highway,132.25,236,Paid,No,Possession,92.0,High,74.74329334175422,33.5,On-Time,On-Time,On-Time,On-Time,On-Time
LA-2371,West Bengal,Kolkata,Industrial Corridor,50.33,91,Partially Paid,No,Possession,77.5,Medium,67.21328878861152,30.7,On-Time,On-Time,On-Time,On-Time,On-Time
LA-2372,Uttar Pradesh,Lucknow,Power Project,39.71,114,Paid,Yes,Notification,45.5,Low,55.6693478833692,4.6,Delayed,Delayed,On-Time,On-Time,On-Time
LA-2373,Bihar,Muzaffarpur,Industrial Corridor,90.87,116,Partially Paid,No,Approval,87.8,Low,65.04639052512778,19.2,On-Time,On-Time,On-Time,On-Time,On-Time
LA-2374,Rajasthan,Jaipur,Railway,20.47,82,Partially Paid,No,Notification,60.7,Medium,72.9459485603544,28.7,On-Time,On-Time,On-Time,On-Time,On-Time
LA-2375,Maharashtra,Nagpur,Metro,121.17,212,Pending,No,Possession,35.0,Medium,53.59022256475492,3.2,On-Time,On-Time,On-Time,On-Time,On-Time
LA-2376,Bihar,Bhagalpur,Irrigation,31.46,98,Partially Paid,No,Notification,67.4,Low,47.04141741050553,19.2,Delayed,On-Time,Delayed,On-Time,Delayed
LA-2377,Gujarat,Surat,Airport,41.42,112,Pending,Yes,Possession,93.0,High,95.0,35.2,On-Time,On-Time,Delayed,On-Time,On-Time
LA-2378,Rajasthan,Jaipur,Power Project,40.38,38,Pending,No,Possession,65.5,Low,67.81294640454395,17.0,On-Time,On-Time,On-Time,On-Time,Delayed
LA-2379,Gujarat,Surat,Metro,135.82,328,Paid,No,Compensation,81.3,Low,79.07525469536498,32.1,On-Time,On-Time,On-Time,On-Time,On-Time
LA-2380,Madhya Pradesh,Indore,Industrial Corridor,37.4,84,Paid,No,Approval,72.1,Medium,68.1424437159242,11.5,On-Time,On-Time,On-Time,On-Time,On-Time
LA-2381,Uttar Pradesh,Lucknow,Airport,40.92,117,Partially Paid,Yes,Approval,83.6,Medium,80.75476109055471,16.2,Delayed,On-Time,Delayed,On-Time,Delayed
LA-2382,Gujarat,Vadodara,Metro,219.23,278,Pending,Yes,Compensation,62.9,High,66.18767694462458,33.5,Delayed,Delayed,On-Time,Delayed,On-Time
LA-2383,West Bengal,Kolkata,Highway,126.85,270,Paid,No,Compensation,53.1,High,73.80670172983463,19.8,Delayed,On-Time,On-Time,On-Time,On-Time
LA-2384,Maharashtra,Pune,Power Project,90.8,177,Partially Paid,No,Compensation,37.7,Medium,48.35704464416122,8.9,On-Time,On-Time,Delayed,Delayed,On-Time
LA-2385,Karnataka,Mysuru,Railway,90.33,132,Paid,No,Compensation,60.2,High,38.52318372171155,35.4,Delayed,On-Time,On-Time,On-Time,Delayed
LA-2386,Maharashtra,Aurangabad,Metro,10.22,5,Paid,No,Approval,57.8,Medium,57.85283238268917,26.0,On-Time,Delayed,On-Time,On-Time,On-Time
LA-2387,Tamil Nadu,Coimbatore,Metro,98.18,171,Partially Paid,No,Possession,90.9,Low,43.61309193879626,11.9,Delayed,On-Time,Delayed,Delayed,Delayed
LA-2388,Uttar Pradesh,Varanasi,Highway,191.66,272,Partially Paid,Yes,Notification,78.5,High,33.24527358727536,33.1,Delayed,On-Time,Delayed,On-Time,Delayed
LA-2389,West Bengal,Howrah,Industrial Corridor,40.88,58,Partially Paid,No,Compensation,83.6,High,69.52621522612326,17.8,On-Time,On-Time,On-Time,On-Time,On-Time
LA-2390,Rajasthan,Jodhpur,Irrigation,10.45,72,Pending,No,Possession,52.0,Medium,38.45957897995035,47.1,On-Time,Delayed,Delayed,Delayed,Delayed
LA-2391,Maharashtra,Nagpur,Irrigation,30.31,131,Paid,No,Notification,79.5,High,79.242434829211,40.5,On-Time,Delayed,On-Time,On-Time,On-Time
LA-2392,Delhi,North Delhi,Power Project,20.85,80,Paid,Yes,Compensation,82.3,High,86.6177835020888,22.2,On-Time,On-Time,Delayed,On-Time,On-Time
LA-2393,Uttar Pradesh,Agra,Power Project,103.43,240,Pending,Yes,Possession,50.3,High,43.35515406856315,29.6,On-Time,Delayed,Delayed,On-Time,Delayed
LA-2394,Rajasthan,Udaipur,Railway,124.23,189,Partially Paid,No,Compensation,64.6,High,69.3299842481894,45.4,On-Time,Delayed,On-Time,On-Time,On-Time
LA-2395,Maharashtra,Mumbai,Metro,128.88,194,Paid,No,Notification,68.5,High,92.86901218042165,22.1,On-Time,On-Time,On-Time,On-Time,On-Time
LA-2396,Tamil Nadu,Chennai,Airport,53.47,124,Partially Paid,No,Notification,48.8,Low,57.920308433039416,4.3,On-Time,Delayed,On-Time,On-Time,Delayed
LA-2397,Gujarat,Surat,Metro,173.08,395,Pending,No,Approval,51.3,High,74.16269683813744,29.4,On-Time,On-Time,Delayed,On-Time,Delayed
LA-2398,Maharashtra,Aurangabad,Irrigation,10.48,64,Partially Paid,No,Approval,48.9,High,95.0,36.3,On-Time,On-Time,On-Time,On-Time,On-Time
LA-2399,Madhya Pradesh,Gwalior,Railway,48.65,61,Pending,No,Possession,64.8,Low,39.84276683750848,37.1,Delayed,Delayed,Delayed,Delayed,Delayed
LA-2400,Karnataka,Mangaluru,Metro,60.65,148,Paid,No,Compensation,62.3,Low,49.710738274851956,11.4,Delayed,On-Time,On-Time,On-Time,Delayed
LA-2401,Uttar Pradesh,Varanasi,Highway,128.66,224,Paid,No,Approval,83.8,High,73.461366490721,47.6,On-Time,On-Time,On-Time,On-Time,On-Time
LA-2402,Uttar Pradesh,Kanpur,Irrigation,21.41,58,Pending,No,Possession,53.8,Medium,95.0,60.0,Delayed,Delayed,Delayed,On-Time,On-Time
LA-2403,Delhi,South Delhi,Metro,83.63,168,Partially Paid,No,Compensation,67.2,Medium,54.33174749828047,36.7,On-Time,On-Time,On-Time,Delayed,Delayed
LA-2404,Karnataka,Hubballi,Metro,155.91,256,Paid,No,Approval,91.5,Medium,95.0,17.7,On-Time,On-Time,On-Time,On-Time,On-Time
LA-2405,Karnataka,Hubballi,Irrigation,139.84,267,Partially Paid,No,Approval,65.9,Medium,66.97934221094368,27.2,Delayed,On-Time,On-Time,On-Time,Delayed
LA-2406,Rajasthan,Udaipur,Airport,50.43,76,Partially Paid,Yes,Notification,12.6,Medium,35.491165042987845,32.1,Delayed,Delayed,Delayed,On-Time,Delayed
LA-2407,Bihar,Muzaffarpur,Irrigation,112.42,183,Paid,No,Possession,68.8,High,88.85722439109287,34.3,On-Time,On-Time,On-Time,On-Time,On-Time
LA-2408,Tamil Nadu,Chennai,Highway,54.02,154,Partially Paid,No,Compensation,62.2,Medium,58.04564218085002,24.7,On-Time,Delayed,Delayed,On-Time,On-Time
LA-2409,Madhya Pradesh,Gwalior,Highway,55.54,111,Paid,Yes,Possession,57.6,Medium,71.72787917888058,9.9,Delayed,On-Time,On-Time,Delayed,On-Time
LA-2410,Bihar,Muzaffarpur,Metro,72.18,136,Paid,No,Approval,61.7,Medium,40.112454687000934,33.8,On-Time,On-Time,Delayed,On-Time,On-Time
LA-2411,Uttar Pradesh,Varanasi,Power Project,232.09,311,Partially Paid,No,Possession,75.2,High,53.70122623011438,13.8,On-Time,On-Time,On-Time,On-Time,On-Time
LA-2412,Uttar Pradesh,Varanasi,Airport,226.7,273,Paid,No,Notification,90.7,High,42.546921151389824,17.5,On-Time,On-Time,On-Time,On-Time,On-Time
LA-2413,Maharashtra,Nagpur,Metro,152.6,288,Paid,No,Possession,69.4,Low,40.95509655933935,12.0,On-Time,Delayed,On-Time,On-Time,On-Time
LA-2414,Delhi,North Delhi,Irrigation,31.87,50,Pending,No,Possession,71.5,High,66.47059396930126,9.2,On-Time,On-Time,On-Time,On-Time,On-Time
LA-2415,Rajasthan,Udaipur,Metro,151.22,192,Partially Paid,No,Approval,41.3,High,73.50166203223317,17.1,On-Time,On-Time,Delayed,On-Time,On-Time
LA-2416,West Bengal,Siliguri,Railway,72.55,76,Paid,No,Possession,61.6,Medium,56.79862777981919,26.3,On-Time,Delayed,On-Time,On-Time,On-Time
LA-2417,Delhi,New Delhi,Railway,122.27,150,Paid,Yes,Possession,55.8,High,43.44269315283185,15.0,On-Time,Delayed,On-Time,Delayed,On-Time
LA-2418,Uttar Pradesh,Prayagraj,Power Project,46.65,67,Paid,No,Possession,77.1,High,45.858414894406565,11.6,Delayed,Delayed,On-Time,Delayed,On-Time
LA-2419,Rajasthan,Jaipur,Airport,135.12,196,Partially Paid,No,Approval,59.0,Medium,70.57444457049561,21.6,On-Time,On-Time,On-Time,On-Time,On-Time
LA-2420,West Bengal,Durgapur,Industrial Corridor,139.35,145,Paid,No,Compensation,88.2,Medium,66.66035855820328,5.1,Delayed,On-Time,On-Time,On-Time,On-Time
LA-2421,Maharashtra,Nagpur,Railway,92.5,96,Paid,No,Possession,61.0,Medium,70.82112009929577,2.4,On-Time,On-Time,On-Time,On-Time,On-Time
LA-2422,Rajasthan,Jodhpur,Industrial Corridor,124.72,151,Paid,Yes,Possession,71.2,Low,88.37607833909253,38.0,Delayed,Delayed,On-Time,On-Time,On-Time
LA-2423,Delhi,New Delhi,Highway,122.51,122,Paid,No,Approval,35.8,High,73.6302432077181,7.8,On-Time,On-Time,On-Time,On-Time,On-Time
LA-2424,Uttar Pradesh,Kanpur,Railway,49.6,117,Paid,No,Possession,74.9,Medium,71.13544097018743,23.0,On-Time,Delayed,On-Time,On-Time,On-Time
LA-2425,West Bengal,Siliguri,Railway,198.65,362,Paid,Yes,Notification,58.3,High,95.0,38.3,Delayed,On-Time,Delayed,On-Time,Delayed
LA-2426,West Bengal,Siliguri,Airport,63.53,98,Pending,Yes,Possession,41.9,High,60.87823346299899,23.3,Delayed,On-Time,Delayed,Delayed,Delayed
LA-2427,Delhi,New Delhi,Power Project,20.29,65,Pending,No,Approval,18.9,Medium,95.0,12.5,On-Time,On-Time,On-Time,On-Time,On-Time
LA-2428,West Bengal,Howrah,Industrial Corridor,194.55,175,Paid,No,Approval,73.1,High,86.358255352341,22.0,Delayed,On-Time,On-Time,On-Time,On-Time
LA-2429,Madhya Pradesh,Indore,Irrigation,88.31,152,Pending,Yes,Compensation,28.9,Medium,60.5311188656451,13.6,On-Time,On-Time,On-Time,Delayed,On-Time
LA-2430,Bihar,Bhagalpur,Railway,135.84,175,Partially Paid,No,Approval,30.7,High,77.07258261757225,16.5,On-Time,On-Time,On-Time,Delayed,Delayed
LA-2431,Rajasthan,Jodhpur,Railway,84.67,189,Paid,No,Compensation,70.1,High,61.77198708772477,6.3,On-Time,On-Time,On-Time,On-Time,On-Time
LA-2432,Rajasthan,Jaipur,Airport,21.87,40,Paid,Yes,Compensation,35.4,Medium,43.4540688628229,2.5,Delayed,On-Time,Delayed,On-Time,Delayed
LA-2433,Rajasthan,Udaipur,Airport,64.54,101,Paid,No,Approval,71.8,Medium,64.87941117317582,15.7,On-Time,On-Time,On-Time,On-Time,On-Time
LA-2434,Karnataka,Hubballi,Power Project,84.76,79,Partially Paid,No,Notification,85.0,High,42.99310505512233,8.6,On-Time,On-Time,Delayed,On-Time,On-Time
LA-2435,Uttar Pradesh,Varanasi,Industrial Corridor,139.38,144,Partially Paid,Yes,Possession,81.0,Low,68.49447127617381,29.2,Delayed,Delayed,Delayed,On-Time,Delayed
LA-2436,Delhi,South Delhi,Highway,92.22,182,Pending,No,Approval,89.3,High,77.00719758788077,21.3,On-Time,On-Time,Delayed,On-Time,On-Time
LA-2437,Maharashtra,Nashik,Irrigation,64.44,112,Pending,No,Compensation,37.1,High,61.74640257808308,16.6,Delayed,On-Time,Delayed,On-Time,On-Time
LA-2438,Karnataka,Mangaluru,Power Project,67.85,168,Pending,No,Compensation,67.0,High,68.46436176583173,56.4,On-Time,On-Time,Delayed,On-Time,On-Time
LA-2439,Uttar Pradesh,Varanasi,Highway,133.21,240,Pending,No,Possession,79.4,High,68.21587472430328,25.9,On-Time,On-Time,Delayed,Delayed,Delayed
LA-2440,Karnataka,Bengaluru,Metro,145.72,315,Pending,No,Compensation,44.4,High,77.665243809374,23.9,On-Time,Delayed,On-Time,On-Time,Delayed
LA-2441,West Bengal,Howrah,Railway,36.24,67,Paid,No,Notification,79.1,Medium,66.34213282796289,46.4,On-Time,On-Time,On-Time,Delayed,On-Time
LA-2442,Uttar Pradesh,Varanasi,Industrial Corridor,89.46,201,Paid,No,Possession,82.0,Medium,60.27910538692219,10.7,Delayed,On-Time,On-Time,On-Time,On-Time
LA-2443,Karnataka,Mangaluru,Power Project,143.14,201,Partially Paid,No,Possession,60.4,High,76.98410593097583,14.7,On-Time,On-Time,On-Time,On-Time,On-Time
LA-2444,Gujarat,Ahmedabad,Railway,229.74,369,Partially Paid,No,Compensation,76.7,Low,67.37837278594003,9.7,Delayed,Delayed,On-Time,On-Time,Delayed
LA-2445,Bihar,Gaya,Industrial Corridor,191.98,307,Paid,No,Possession,68.1,High,32.96664757201506,21.0,On-Time,On-Time,On-Time,On-Time,On-Time
LA-2446,Uttar Pradesh,Kanpur,Industrial Corridor,23.94,34,Pending,No,Compensation,39.0,High,59.7457019090897,60.0,On-Time,On-Time,Delayed,Delayed,On-Time
LA-2447,Karnataka,Mysuru,Industrial Corridor,82.27,165,Pending,Yes,Compensation,22.9,High,57.242430845658,14.8,On-Time,On-Time,On-Time,Delayed,Delayed
LA-2448,Bihar,Bhagalpur,Railway,23.41,89,Partially Paid,No,Approval,67.1,High,67.2118886059632,19.5,On-Time,Delayed,On-Time,On-Time,Delayed
LA-2449,West Bengal,Siliguri,Power Project,218.6,287,Paid,Yes,Compensation,82.8,Medium,65.59985971196161,7.7,On-Time,On-Time,On-Time,Delayed,Delayed
LA-2450,Karnataka,Hubballi,Irrigation,97.44,138,Pending,No,Approval,48.5,High,35.7446151065956,38.5,Delayed,On-Time,On-Time,On-Time,Delayed
LA-2451,Rajasthan,Kota,Airport,145.26,221,Paid,No,Notification,19.7,Medium,42.62417467319554,51.7,On-Time,Delayed,On-Time,On-Time,On-Time
LA-2452,Madhya Pradesh,Gwalior,Railway,39.5,83,Paid,No,Notification,57.1,Medium,50.7070925479122,15.1,On-Time,On-Time,On-Time,On-Time,On-Time
LA-2453,Bihar,Patna,Industrial Corridor,50.62,77,Pending,No,Approval,56.1,Medium,65.96682624841992,60.0,Delayed,Delayed,On-Time,On-Time,On-Time
LA-2454,Madhya Pradesh,Gwalior,Power Project,107.27,117,Partially Paid,No,Approval,73.9,Medium,81.10762741927402,4.7,On-Time,On-Time,Delayed,On-Time,On-Time
LA-2455,Delhi,New Delhi,Irrigation,182.34,422,Paid,Yes,Compensation,52.8,High,40.94534403691107,18.2,Delayed,On-Time,Delayed,On-Time,On-Time
LA-2456,West Bengal,Howrah,Metro,15.7,54,Pending,No,Approval,94.8,High,54.91827573143688,14.8,On-Time,On-Time,On-Time,Delayed,On-Time
LA-2457,Karnataka,Mangaluru,Highway,168.75,313,Paid,No,Possession,36.8,Medium,64.2728873343429,22.1,Delayed,Delayed,On-Time,Delayed,On-Time
LA-2458,Karnataka,Hubballi,Industrial Corridor,98.17,154,Partially Paid,No,Approval,80.6,High,51.02901501491072,34.5,Delayed,On-Time,On-Time,On-Time,On-Time
LA-2459,Uttar Pradesh,Varanasi,Metro,12.8,5,Partially Paid,No,Approval,64.9,High,66.31070468829442,49.8,On-Time,On-Time,On-Time,On-Time,On-Time
LA-2460,Karnataka,Hubballi,Airport,133.83,186,Paid,No,Notification,92.6,Medium,74.60412422770102,13.2,On-Time,On-Time,On-Time,On-Time,Delayed
LA-2461,Gujarat,Vadodara,Irrigation,139.3,218,Paid,Yes,Approval,80.8,High,53.64783311476104,26.4,On-Time,Delayed,On-Time,On-Time,Delayed
LA-2462,Karnataka,Mysuru,Irrigation,86.33,106,Pending,No,Notification,81.7,Medium,69.91375208266244,24.1,On-Time,On-Time,On-Time,On-Time,On-Time
LA-2463,Uttar Pradesh,Prayagraj,Industrial Corridor,54.56,79,Paid,No,Compensation,63.3,High,63.282211950626646,37.4,Delayed,On-Time,On-Time,On-Time,On-Time
LA-2464,Karnataka,Bengaluru,Irrigation,42.39,76,Paid,Yes,Possession,91.7,Low,47.76347071104797,16.2,On-Time,Delayed,On-Time,Delayed,Delayed
LA-2465,West Bengal,Siliguri,Metro,114.97,285,Paid,No,Notification,66.1,Medium,62.88677566239956,12.6,On-Time,Delayed,On-Time,On-Time,On-Time
LA-2466,Delhi,South Delhi,Industrial Corridor,26.07,98,Paid,No,Approval,30.1,High,71.84998959034934,13.9,On-Time,On-Time,On-Time,On-Time,On-Time
LA-2467,West Bengal,Howrah,Railway,205.09,286,Pending,Yes,Notification,81.7,Medium,86.20614507144265,31.7,On-Time,On-Time,Delayed,Delayed,Delayed
LA-2468,Gujarat,Surat,Power Project,42.91,72,Paid,No,Possession,44.5,Medium,89.66365614346378,5.9,On-Time,On-Time,On-Time,On-Time,On-Time
LA-2469,Bihar,Gaya,Metro,158.32,205,Partially Paid,No,Possession,62.9,Medium,56.48472907886515,14.3,On-Time,On-Time,On-Time,Delayed,On-Time
LA-2470,Tamil Nadu,Coimbatore,Power Project,136.59,268,Paid,Yes,Notification,94.7,Medium,55.58080877834007,19.8,Delayed,On-Time,On-Time,On-Time,On-Time
LA-2471,Madhya Pradesh,Indore,Railway,105.22,135,Pending,No,Approval,40.3,Medium,65.60585190167816,25.9,On-Time,Delayed,On-Time,Delayed,Delayed
LA-2472,Karnataka,Bengaluru,Railway,166.36,395,Partially Paid,No,Possession,30.7,High,56.85954518893437,25.2,On-Time,Delayed,On-Time,On-Time,On-Time
LA-2473,Bihar,Patna,Power Project,36.8,68,Paid,Yes,Approval,79.2,High,83.1954875332551,10.1,On-Time,Delayed,On-Time,On-Time,On-Time
LA-2474,Gujarat,Ahmedabad,Metro,159.46,332,Pending,No,Compensation,37.5,Low,66.51036108289861,7.5,On-Time,Delayed,Delayed,Delayed,Delayed
LA-2475,Maharashtra,Nashik,Power Project,155.21,256,Paid,No,Approval,84.1,High,65.82865265863863,27.5,On-Time,On-Time,On-Time,On-Time,Delayed
LA-2476,Karnataka,Mysuru,Power Project,155.64,271,Partially Paid,No,Compensation,21.5,High,74.64961670755346,13.4,On-Time,On-Time,On-Time,On-Time,On-Time
LA-2477,Tamil Nadu,Madurai,Highway,119.29,241,Pending,No,Possession,30.3,High,67.39754264259817,19.5,On-Time,On-Time,On-Time,Delayed,On-Time
LA-2478,Tamil Nadu,Coimbatore,Metro,35.74,124,Partially Paid,No,Possession,67.4,Low,69.578669720812,11.1,Delayed,Delayed,On-Time,On-Time,Delayed
LA-2479,Tamil Nadu,Chennai,Highway,63.38,93,Partially Paid,No,Possession,54.0,Medium,68.94786461854619,10.9,Delayed,On-Time,On-Time,Delayed,Delayed
LA-2480,Gujarat,Vadodara,Industrial Corridor,170.02,247,Paid,No,Approval,37.1,Medium,62.83043007818652,29.6,Delayed,On-Time,On-Time,Delayed,Delayed
LA-2481,Tamil Nadu,Chennai,Irrigation,64.7,177,Paid,Yes,Compensation,52.6,Low,51.46342458257742,22.8,Delayed,Delayed,Delayed,Delayed,Delayed
LA-2482,Uttar Pradesh,Agra,Power Project,36.3,121,Paid,No,Approval,55.5,Low,91.38533022805582,17.6,Delayed,On-Time,On-Time,On-Time,On-Time
LA-2483,Rajasthan,Jaipur,Industrial Corridor,303.92,283,Pending,Yes,Possession,71.3,Medium,51.41399433324048,20.7,Delayed,Delayed,Delayed,Delayed,Delayed
LA-2484,Delhi,North Delhi,Metro,17.24,21,Pending,Yes,Compensation,86.2,High,89.81345777419928,14.8,Delayed,On-Time,Delayed,On-Time,Delayed
LA-2485,Maharashtra,Nashik,Power Project,56.86,157,Paid,No,Approval,32.0,High,70.12163934146605,21.5,On-Time,Delayed,On-Time,Delayed,On-Time
LA-2486,Gujarat,Rajkot,Irrigation,130.34,144,Paid,No,Notification,42.5,Medium,55.97624030676933,17.1,On-Time,On-Time,On-Time,On-Time,On-Time
LA-2487,Gujarat,Ahmedabad,Industrial Corridor,321.29,452,Paid,No,Compensation,68.0,High,73.32286390344515,50.4,On-Time,On-Time,On-Time,On-Time,On-Time
LA-2488,Karnataka,Hubballi,Airport,71.2,146,Paid,No,Possession,45.1,Medium,76.78874130355646,14.3,On-Time,On-Time,On-Time,On-Time,Delayed
LA-2489,Gujarat,Surat,Railway,65.82,50,Paid,Yes,Compensation,76.8,Medium,90.77302447128015,11.7,Delayed,On-Time,On-Time,Delayed,Delayed
LA-2490,Gujarat,Rajkot,Power Project,79.87,190,Partially Paid,No,Notification,37.6,Medium,45.26532848269275,40.4,On-Time,On-Time,On-Time,On-Time,On-Time
LA-2491,Maharashtra,Pune,Irrigation,36.92,12,Pending,No,Notification,67.5,High,62.899953519027925,17.8,On-Time,On-Time,On-Time,Delayed,On-Time
LA-2492,Gujarat,Surat,Railway,27.79,17,Partially Paid,No,Approval,42.1,High,85.65814710723308,42.5,On-Time,On-Time,On-Time,On-Time,Delayed
LA-2493,Uttar Pradesh,Agra,Highway,158.68,170,Partially Paid,Yes,Possession,50.3,Medium,76.19829277480369,30.1,Delayed,On-Time,On-Time,Delayed,Delayed
LA-2494,Delhi,New Delhi,Industrial Corridor,89.48,61,Pending,Yes,Possession,38.7,High,72.29026260748738,10.7,Delayed,Delayed,Delayed,Delayed,On-Time
LA-2495,Madhya Pradesh,Bhopal,Highway,15.65,130,Partially Paid,No,Possession,61.0,Medium,87.1773147672295,22.0,Delayed,On-Time,On-Time,On-Time,On-Time
LA-2496,Karnataka,Mysuru,Irrigation,35.28,111,Paid,No,Compensation,48.7,Medium,62.30089016923784,8.6,On-Time,On-Time,On-Time,On-Time,On-Time
LA-2497,Madhya Pradesh,Jabalpur,Power Project,222.83,311,Paid,Yes,Compensation,43.4,Low,29.029477843205,48.1,Delayed,Delayed,Delayed,On-Time,Delayed
LA-2498,Rajasthan,Jodhpur,Railway,189.16,334,Paid,Yes,Compensation,87.6,Low,59.50238298837756,11.7,On-Time,Delayed,On-Time,On-Time,Delayed
LA-2499,Gujarat,Rajkot,Railway,44.07,105,Partially Paid,No,Compensation,16.6,High,95.0,2.2,On-Time,On-Time,On-Time,On-Time,On-Time
LA-2500,Bihar,Bhagalpur,Industrial Corridor,116.99,215,Pending,No,Compensation,66.8,Medium,69.47713935360338,9.7,On-Time,Delayed,On-Time,Delayed,Delayed
LA-2501,Rajasthan,Kota,Power Project,22.8,72,Partially Paid,No,Approval,74.9,High,52.36354241853314,54.4,On-Time,On-Time,Delayed,On-Time,On-Time
LA-2502,Rajasthan,Kota,Airport,57.31,165,Pending,No,Compensation,70.1,High,85.01194202115815,26.7,On-Time,Delayed,Delayed,On-Time,Delayed
LA-2503,Delhi,South Delhi,Airport,433.87,540,Paid,No,Notification,66.1,Medium,77.67294355662784,21.9,Delayed,Delayed,On-Time,On-Time,On-Time
LA-2504,Maharashtra,Pune,Industrial Corridor,103.63,175,Pending,No,Approval,70.4,Medium,67.20517626299235,5.3,Delayed,Delayed,On-Time,On-Time,On-Time
LA-2505,Gujarat,Vadodara,Power Project,58.54,117,Pending,Yes,Possession,71.5,Medium,73.77698058895645,56.9,On-Time,Delayed,Delayed,Delayed,On-Time
LA-2506,Gujarat,Vadodara,Industrial Corridor,78.65,180,Partially Paid,No,Possession,78.3,High,49.74117649664413,44.3,On-Time,On-Time,On-Time,On-Time,On-Time
LA-2507,Madhya Pradesh,Bhopal,Power Project,48.37,78,Pending,No,Compensation,83.5,Low,59.56852408562067,9.6,On-Time,On-Time,Delayed,On-Time,On-Time
LA-2508,Rajasthan,Udaipur,Irrigation,23.56,80,Partially Paid,No,Notification,56.6,High,64.0260315759304,5.0,On-Time,On-Time,On-Time,On-Time,On-Time
LA-2509,Madhya Pradesh,Jabalpur,Irrigation,192.06,337,Paid,No,Possession,88.0,Low,81.48758446025475,33.4,On-Time,On-Time,On-Time,On-Time,On-Time
LA-2510,Tamil Nadu,Madurai,Highway,13.07,55,Paid,No,Compensation,51.2,Medium,56.76879833959822,38.2,On-Time,On-Time,On-Time,On-Time,On-Time
LA-2511,Tamil Nadu,Salem,Industrial Corridor,128.96,172,Partially Paid,No,Approval,56.4,High,64.61375444375632,27.5,On-Time,On-Time,On-Time,On-Time,On-Time
LA-2512,Karnataka,Bengaluru,Power Project,71.87,154,Pending,No,Compensation,52.5,High,86.61487240247043,43.9,On-Time,On-Time,On-Time,Delayed,On-Time
LA-2513,West Bengal,Kolkata,Airport,194.24,267,Paid,No,Approval,36.5,High,95.0,24.7,On-Time,On-Time,On-Time,On-Time,On-Time
LA-2514,Delhi,South Delhi,Power Project,72.96,130,Partially Paid,No,Compensation,37.1,Low,51.940419094720845,13.4,On-Time,Delayed,On-Time,Delayed,Delayed
LA-2515,Uttar Pradesh,Prayagraj,Irrigation,94.2,138,Pending,No,Possession,76.9,Low,67.0993638455679,46.1,On-Time,Delayed,On-Time,Delayed,On-Time
LA-2516,Delhi,North Delhi,Power Project,76.14,63,Paid,No,Notification,77.6,Medium,42.380706285827685,13.0,On-Time,Delayed,On-Time,On-Time,Delayed
LA-2517,Madhya Pradesh,Jabalpur,Industrial Corridor,124.55,152,Paid,Yes,Notification,44.7,Medium,64.78248606782269,20.8,Delayed,On-Time,On-Time,On-Time,On-Time
LA-2518,Bihar,Gaya,Highway,36.31,123,Paid,No,Notification,78.3,Medium,60.648433245271114,27.0,On-Time,On-Time,Delayed,On-Time,On-Time
LA-2519,Maharashtra,Nagpur,Highway,56.11,123,Paid,No,Approval,34.0,Medium,83.76549452683633,19.7,On-Time,On-Time,On-Time,On-Time,Delayed
LA-2520,West Bengal,Howrah,Highway,187.21,340,Paid,No,Notification,78.1,Medium,47.40641546387415,49.3,On-Time,On-Time,On-Time,On-Time,On-Time
LA-2521,Delhi,New Delhi,Highway,133.69,317,Paid,No,Approval,71.3,High,45.35025445766085,41.5,Delayed,On-Time,Delayed,On-Time,On-Time
LA-2522,West Bengal,Siliguri,Irrigation,104.18,217,Paid,No,Notification,89.2,Low,87.81402092878582,13.5,On-Time,Delayed,On-Time,On-Time,On-Time
LA-2523,Gujarat,Surat,Metro,94.44,97,Partially Paid,No,Approval,75.8,Medium,55.503016854044,49.1,On-Time,Delayed,Delayed,On-Time,On-Time
LA-2524,Uttar Pradesh,Kanpur,Industrial Corridor,63.29,100,Partially Paid,No,Approval,52.8,High,67.96146712352355,5.0,On-Time,On-Time,On-Time,On-Time,On-Time
LA-2525,Rajasthan,Jaipur,Railway,70.08,25,Partially Paid,No,Notification,70.3,Low,69.42566850872974,4.8,On-Time,On-Time,Delayed,On-Time,On-Time
LA-2526,Maharashtra,Nagpur,Industrial Corridor,103.88,167,Partially Paid,No,Compensation,21.7,Medium,53.1902656665261,60.0,On-Time,Delayed,On-Time,On-Time,On-Time
LA-2527,Maharashtra,Pune,Metro,140.58,243,Pending,No,Compensation,61.0,High,53.20623573221939,41.5,On-Time,On-Time,Delayed,Delayed,Delayed
LA-2528,Maharashtra,Nagpur,Highway,103.77,231,Pending,Yes,Notification,50.4,High,81.90364527054828,9.1,On-Time,On-Time,Delayed,Delayed,Delayed
LA-2529,Tamil Nadu,Chennai,Metro,138.41,148,Pending,Yes,Compensation,79.3,Medium,75.15608133267995,17.7,Delayed,On-Time,Delayed,Delayed,Delayed
LA-2530,Rajasthan,Udaipur,Airport,120.61,154,Paid,No,Possession,55.8,Low,64.76468810362307,17.7,On-Time,Delayed,Delayed,On-Time,On-Time
LA-2531,Maharashtra,Nashik,Airport,15.88,10,Pending,No,Possession,72.6,Low,62.94812262763634,37.3,On-Time,Delayed,On-Time,On-Time,Delayed
LA-2532,Madhya Pradesh,Gwalior,Irrigation,62.52,150,Pending,No,Notification,67.8,Medium,69.7491632727844,31.7,Delayed,On-Time,Delayed,On-Time,Delayed
LA-2533,Karnataka,Mysuru,Industrial Corridor,56.77,50,Paid,Yes,Possession,63.8,High,70.73298817880183,47.3,Delayed,Delayed,On-Time,On-Time,On-Time
LA-2534,Maharashtra,Mumbai,Industrial Corridor,25.77,124,Paid,No,Approval,95.5,High,83.91718283326105,12.6,On-Time,On-Time,On-Time,On-Time,On-Time
LA-2535,Gujarat,Surat,Railway,126.12,296,Partially Paid,No,Notification,71.5,High,64.68715832658285,38.9,Delayed,On-Time,Delayed,Delayed,On-Time
LA-2536,Uttar Pradesh,Lucknow,Irrigation,153.27,230,Paid,No,Approval,68.1,Low,71.64471122300246,11.6,On-Time,On-Time,Delayed,On-Time,Delayed
LA-2537,Uttar Pradesh,Kanpur,Railway,78.61,168,Paid,No,Approval,22.3,Low,75.77268192768021,27.3,Delayed,Delayed,On-Time,On-Time,On-Time
LA-2538,Karnataka,Bengaluru,Airport,30.37,62,Partially Paid,No,Compensation,34.0,High,76.03662785057556,27.4,Delayed,On-Time,Delayed,Delayed,On-Time
LA-2539,Uttar Pradesh,Lucknow,Highway,32.03,60,Partially Paid,No,Compensation,55.0,Medium,86.74579378041842,19.7,On-Time,On-Time,On-Time,Delayed,On-Time
LA-2540,Rajasthan,Kota,Metro,41.69,81,Pending,No,Compensation,44.6,Medium,64.8111683202814,11.5,On-Time,On-Time,On-Time,On-Time,On-Time
LA-2541,Karnataka,Mysuru,Railway,54.56,112,Partially Paid,No,Approval,67.8,High,56.51199152037776,29.3,On-Time,On-Time,On-Time,On-Time,On-Time
LA-2542,Uttar Pradesh,Kanpur,Power Project,60.66,118,Partially Paid,No,Approval,38.9,Medium,59.63055465156224,38.4,On-Time,Delayed,Delayed,Delayed,Delayed
LA-2543,Madhya Pradesh,Bhopal,Railway,85.45,170,Paid,No,Approval,62.4,Low,74.61240026142457,60.0,On-Time,On-Time,On-Time,Delayed,Delayed
LA-2544,Maharashtra,Aurangabad,Highway,232.3,327,Partially Paid,Yes,Approval,66.6,High,63.37847986904696,20.3,Delayed,On-Time,On-Time,On-Time,On-Time
LA-2545,West Bengal,Durgapur,Highway,119.34,248,Paid,No,Possession,72.4,Low,95.0,18.1,On-Time,On-Time,On-Time,Delayed,On-Time
LA-2546,Rajasthan,Udaipur,Industrial Corridor,176.79,239,Pending,Yes,Possession,78.9,High,65.1888339986783,47.8,Delayed,On-Time,Delayed,Delayed,Delayed
LA-2547,Tamil Nadu,Salem,Metro,41.42,114,Paid,Yes,Possession,31.9,High,50.67570033777466,46.0,Delayed,Delayed,On-Time,On-Time,On-Time
LA-2548,Madhya Pradesh,Gwalior,Highway,49.88,128,Paid,No,Compensation,58.5,High,69.84052500969469,6.6,On-Time,On-Time,On-Time,On-Time,On-Time
LA-2549,Delhi,North Delhi,Irrigation,87.74,141,Paid,Yes,Approval,43.7,Low,88.0821831913405,39.3,On-Time,Delayed,Delayed,On-Time,Delayed
LA-2550,Madhya Pradesh,Bhopal,Railway,105.55,213,Pending,No,Approval,52.6,High,52.76360285413044,36.2,On-Time,Delayed,On-Time,Delayed,Delayed
LA-2551,West Bengal,Siliguri,Railway,56.16,145,Pending,No,Compensation,66.1,Medium,52.3306780234844,19.1,On-Time,On-Time,Delayed,Delayed,Delayed
LA-2552,Madhya Pradesh,Indore,Airport,83.8,73,Paid,No,Approval,91.9,Medium,62.197769443024015,24.8,On-Time,On-Time,On-Time,On-Time,On-Time
LA-2553,Tamil Nadu,Chennai,Highway,213.15,398,Paid,No,Possession,44.7,Medium,55.3113416175122,7.0,On-Time,On-Time,On-Time,On-Time,Delayed
LA-2554,Bihar,Bhagalpur,Power Project,57.68,142,Partially Paid,No,Compensation,74.6,Low,44.7467285463187,38.4,On-Time,On-Time,Delayed,Delayed,Delayed
LA-2555,Uttar Pradesh,Lucknow,Industrial Corridor,61.63,192,Pending,No,Approval,75.9,High,41.88768742640535,33.7,On-Time,On-Time,On-Time,On-Time,Delayed
LA-2556,Uttar Pradesh,Agra,Metro,34.12,15,Paid,No,Possession,73.6,Low,68.48642905700395,50.1,On-Time,Delayed,Delayed,On-Time,Delayed
LA-2557,Madhya Pradesh,Indore,Power Project,196.12,247,Paid,No,Possession,6.0,High,75.72564660521851,12.6,On-Time,On-Time,On-Time,On-Time,On-Time
LA-2558,Gujarat,Surat,Industrial Corridor,15.6,8,Paid,Yes,Approval,63.6,Medium,54.482536667545844,14.2,On-Time,Delayed,On-Time,On-Time,On-Time
LA-2559,Bihar,Patna,Railway,95.79,181,Partially Paid,No,Compensation,26.5,Medium,63.942219605025244,19.8,On-Time,On-Time,On-Time,On-Time,On-Time
LA-2560,Bihar,Gaya,Power Project,86.78,185,Paid,No,Notification,96.8,Low,67.77442890628242,5.8,On-Time,On-Time,On-Time,Delayed,On-Time
LA-2561,Gujarat,Surat,Industrial Corridor,46.69,34,Paid,No,Compensation,79.9,High,48.42148897430636,16.5,On-Time,On-Time,Delayed,On-Time,On-Time
LA-2562,Maharashtra,Mumbai,Railway,41.96,148,Paid,Yes,Notification,85.4,Medium,77.88291045521994,46.8,Delayed,On-Time,Delayed,On-Time,Delayed
LA-2563,Tamil Nadu,Chennai,Railway,55.78,104,Partially Paid,No,Notification,68.6,High,68.17850503126353,28.8,On-Time,Delayed,On-Time,Delayed,On-Time
LA-2564,Maharashtra,Nagpur,Railway,46.52,157,Pending,Yes,Compensation,38.3,High,72.86714764476102,6.0,On-Time,On-Time,Delayed,On-Time,Delayed
LA-2565,Tamil Nadu,Salem,Railway,39.43,117,Pending,No,Approval,36.0,High,75.19952997196748,13.1,On-Time,Delayed,On-Time,On-Time,Delayed
LA-2566,Gujarat,Rajkot,Irrigation,82.91,77,Partially Paid,No,Compensation,34.5,High,95.0,12.4,On-Time,On-Time,On-Time,On-Time,On-Time
LA-2567,Karnataka,Mysuru,Railway,43.85,73,Pending,No,Possession,91.1,Low,49.631029302563334,56.8,Delayed,Delayed,Delayed,On-Time,Delayed
LA-2568,Uttar Pradesh,Agra,Airport,98.37,120,Paid,No,Notification,47.1,Medium,51.608476357073116,31.5,On-Time,On-Time,On-Time,On-Time,On-Time
LA-2569,Madhya Pradesh,Gwalior,Power Project,115.51,144,Partially Paid,Yes,Compensation,53.1,High,90.24387296839807,46.9,On-Time,On-Time,On-Time,Delayed,Delayed
LA-2570,Rajasthan,Kota,Industrial Corridor,67.16,145,Paid,No,Compensation,50.0,Low,74.78342122414503,4.4,On-Time,On-Time,Delayed,Delayed,Delayed
LA-2571,Madhya Pradesh,Gwalior,Airport,82.24,130,Partially Paid,Yes,Notification,43.9,High,66.03540835236178,20.7,On-Time,Delayed,On-Time,On-Time,On-Time
LA-2572,Uttar Pradesh,Prayagraj,Irrigation,195.19,199,Pending,No,Compensation,69.9,Medium,57.82870204703911,12.3,On-Time,On-Time,On-Time,Delayed,Delayed
LA-2573,Karnataka,Bengaluru,Airport,127.4,335,Pending,No,Compensation,82.1,Low,61.52170391874483,14.0,On-Time,Delayed,Delayed,On-Time,On-Time
LA-2574,Bihar,Gaya,Highway,26.22,90,Partially Paid,No,Compensation,54.6,Low,61.81279047219517,17.3,Delayed,On-Time,On-Time,On-Time,On-Time
LA-2575,Uttar Pradesh,Prayagraj,Highway,149.51,263,Pending,No,Possession,59.5,High,42.57532641856035,18.6,On-Time,On-Time,On-Time,On-Time,Delayed
LA-2576,Uttar Pradesh,Lucknow,Highway,267.01,266,Pending,Yes,Compensation,19.1,Medium,79.59798045352734,16.6,Delayed,Delayed,Delayed,Delayed,Delayed
LA-2577,Delhi,North Delhi,Metro,143.4,246,Paid,Yes,Possession,60.1,High,34.84014012078684,7.4,Delayed,On-Time,Delayed,On-Time,Delayed
LA-2578,Madhya Pradesh,Jabalpur,Highway,80.49,189,Pending,No,Compensation,71.8,Low,52.26408055810637,57.5,On-Time,Delayed,Delayed,Delayed,On-Time
LA-2579,Madhya Pradesh,Indore,Industrial Corridor,132.96,168,Paid,No,Notification,91.1,Medium,58.52338508100525,23.2,On-Time,On-Time,On-Time,On-Time,On-Time
LA-2580,Rajasthan,Udaipur,Airport,132.14,138,Pending,No,Compensation,74.5,Medium,95.0,60.0,On-Time,On-Time,On-Time,On-Time,On-Time
LA-2581,Maharashtra,Mumbai,Industrial Corridor,151.6,195,Paid,No,Notification,87.9,High,63.488042470225466,44.9,On-Time,Delayed,On-Time,On-Time,On-Time
LA-2582,Gujarat,Surat,Power Project,69.59,135,Paid,No,Compensation,73.8,Medium,69.74693748213929,14.4,On-Time,On-Time,On-Time,On-Time,On-Time
LA-2583,Madhya Pradesh,Indore,Highway,22.89,43,Partially Paid,Yes,Compensation,88.4,Medium,51.83765733897593,44.7,Delayed,Delayed,Delayed,Delayed,Delayed
LA-2584,Rajasthan,Jodhpur,Irrigation,59.68,51,Paid,No,Compensation,81.9,Medium,78.03093519272298,8.3,Delayed,On-Time,On-Time,On-Time,On-Time
LA-2585,West Bengal,Durgapur,Metro,96.77,197,Paid,No,Notification,63.9,Medium,95.0,14.5,On-Time,On-Time,On-Time,On-Time,On-Time
LA-2586,Uttar Pradesh,Kanpur,Power Project,185.09,230,Partially Paid,No,Compensation,72.1,Low,72.37251619408323,17.9,On-Time,Delayed,On-Time,On-Time,On-Time
LA-2587,Karnataka,Mangaluru,Irrigation,139.52,235,Pending,No,Notification,58.2,Medium,59.967431752838614,21.8,Delayed,On-Time,Delayed,On-Time,Delayed
LA-2588,Gujarat,Ahmedabad,Metro,72.47,70,Paid,Yes,Compensation,28.1,High,34.52390768786728,15.1,Delayed,Delayed,On-Time,Delayed,On-Time
LA-2589,Gujarat,Vadodara,Power Project,82.43,193,Pending,Yes,Possession,70.8,Low,75.40538352886401,19.9,On-Time,Delayed,On-Time,Delayed,Delayed
LA-2590,Karnataka,Mysuru,Airport,8.87,5,Pending,Yes,Possession,29.3,High,50.21080290554132,26.5,On-Time,On-Time,Delayed,Delayed,Delayed
LA-2591,Karnataka,Hubballi,Industrial Corridor,86.59,115,Partially Paid,No,Notification,58.7,Medium,53.66335995556957,20.6,On-Time,On-Time,On-Time,Delayed,On-Time
LA-2592,West Bengal,Kolkata,Railway,31.47,119,Partially Paid,Yes,Compensation,56.9,Low,78.97566125615663,18.3,Delayed,On-Time,On-Time,On-Time,On-Time
LA-2593,Uttar Pradesh,Kanpur,Industrial Corridor,266.72,282,Paid,No,Compensation,81.2,High,57.89555488220825,40.9,On-Time,Delayed,On-Time,On-Time,On-Time
LA-2594,Uttar Pradesh,Agra,Highway,32.79,87,Paid,Yes,Possession,40.7,Low,63.58786213688881,44.2,Delayed,Delayed,On-Time,Delayed,Delayed
LA-2595,Karnataka,Mangaluru,Irrigation,6.65,97,Paid,No,Compensation,51.9,Medium,76.24679516162738,29.8,On-Time,On-Time,On-Time,On-Time,On-Time
LA-2596,Madhya Pradesh,Indore,Railway,51.56,140,Paid,No,Notification,51.8,Medium,54.40904204025213,11.4,On-Time,On-Time,On-Time,On-Time,On-Time
LA-2597,Maharashtra,Mumbai,Metro,181.31,272,Paid,No,Approval,68.3,High,45.665636982561196,8.4,On-Time,On-Time,On-Time,On-Time,On-Time
LA-2598,Delhi,South Delhi,Airport,82.91,52,Paid,No,Compensation,51.0,High,71.96455378223936,21.5,Delayed,On-Time,On-Time,On-Time,On-Time
LA-2599,Uttar Pradesh,Agra,Airport,106.87,100,Partially Paid,No,Compensation,34.2,Low,76.31525499531544,13.3,On-Time,On-Time,Delayed,On-Time,On-Time
LA-2600,Bihar,Bhagalpur,Metro,37.88,139,Partially Paid,No,Possession,88.2,High,56.336527303567465,26.7,On-Time,On-Time,On-Time,On-Time,On-Time
LA-2601,Uttar Pradesh,Varanasi,Highway,68.98,132,Pending,No,Notification,70.0,Medium,55.59303508207746,10.0,Delayed,On-Time,On-Time,Delayed,On-Time
LA-2602,Maharashtra,Aurangabad,Metro,108.91,224,Paid,Yes,Possession,64.4,High,48.49856988547904,44.8,On-Time,On-Time,On-Time,Delayed,Delayed
LA-2603,Uttar Pradesh,Varanasi,Power Project,47.11,27,Paid,No,Notification,47.2,High,75.70236432559268,59.2,On-Time,On-Time,On-Time,On-Time,On-Time
LA-2604,Gujarat,Vadodara,Irrigation,129.18,165,Partially Paid,No,Possession,63.6,Medium,93.78347126830008,22.2,On-Time,On-Time,On-Time,On-Time,On-Time
LA-2605,Delhi,North Delhi,Irrigation,55.38,116,Paid,Yes,Possession,59.8,High,78.97317628779878,17.8,Delayed,On-Time,On-Time,On-Time,On-Time
LA-2606,Rajasthan,Jodhpur,Highway,40.1,75,Pending,No,Compensation,42.6,Low,63.63219585699033,60.0,On-Time,On-Time,Delayed,Delayed,Delayed
LA-2607,Delhi,North Delhi,Railway,127.64,188,Partially Paid,No,Compensation,65.9,Medium,75.74683068974055,33.9,On-Time,On-Time,On-Time,On-Time,Delayed
LA-2608,Tamil Nadu,Madurai,Metro,51.06,103,Paid,No,Notification,78.2,Medium,52.52288309575772,55.4,On-Time,On-Time,On-Time,On-Time,On-Time
LA-2609,Maharashtra,Nagpur,Highway,98.61,150,Paid,No,Notification,94.7,High,70.52605437545492,21.5,On-Time,On-Time,Delayed,On-Time,On-Time
LA-2610,Rajasthan,Kota,Irrigation,87.82,82,Paid,Yes,Notification,85.8,Low,48.720994124044594,11.6,Delayed,On-Time,Delayed,Delayed,Delayed
LA-2611,Bihar,Muzaffarpur,Railway,149.18,272,Paid,No,Notification,34.7,High,63.16721963346802,22.2,On-Time,On-Time,Delayed,Delayed,On-Time
LA-2612,Karnataka,Hubballi,Metro,93.55,232,Paid,Yes,Compensation,28.9,Medium,81.13540142044789,41.0,Delayed,On-Time,On-Time,Delayed,Delayed
LA-2613,Rajasthan,Udaipur,Airport,113.68,189,Paid,Yes,Approval,70.8,High,77.18057108062527,33.4,On-Time,On-Time,On-Time,On-Time,Delayed
LA-2614,Maharashtra,Nashik,Metro,12.61,21,Partially Paid,No,Possession,92.9,High,73.52712817624037,19.3,On-Time,Delayed,On-Time,On-Time,On-Time
LA-2615,Maharashtra,Nashik,Industrial Corridor,251.7,428,Paid,No,Approval,56.4,Medium,71.24415246428347,8.8,Delayed,On-Time,On-Time,On-Time,On-Time
LA-2616,Karnataka,Bengaluru,Metro,111.02,132,Pending,Yes,Compensation,58.7,Medium,53.95816558414502,18.1,On-Time,Delayed,On-Time,Delayed,On-Time
LA-2617,West Bengal,Howrah,Industrial Corridor,89.71,222,Paid,No,Compensation,55.7,High,67.13721009590132,8.9,On-Time,On-Time,On-Time,On-Time,On-Time
LA-2618,Karnataka,Hubballi,Railway,16.46,11,Paid,Yes,Approval,22.4,Medium,76.74913329668807,60.0,On-Time,On-Time,On-Time,Delayed,On-Time
LA-2619,Madhya Pradesh,Bhopal,Metro,205.11,210,Paid,No,Approval,81.0,Medium,61.35268326927589,3.2,On-Time,Delayed,On-Time,On-Time,On-Time
LA-2620,Karnataka,Hubballi,Railway,76.58,187,Paid,Yes,Approval,84.3,High,61.931272830943634,12.6,On-Time,Delayed,On-Time,On-Time,On-Time
LA-2621,Rajasthan,Jaipur,Railway,159.25,138,Paid,No,Possession,37.6,High,57.94662000371888,17.8,On-Time,On-Time,On-Time,On-Time,On-Time
LA-2622,Delhi,New Delhi,Irrigation,57.25,91,Paid,No,Compensation,46.8,High,60.72576360955131,32.2,On-Time,On-Time,On-Time,On-Time,On-Time
LA-2623,Madhya Pradesh,Jabalpur,Highway,76.43,183,Paid,No,Approval,69.9,High,53.40014981837442,25.9,On-Time,Delayed,On-Time,On-Time,On-Time
LA-2624,West Bengal,Siliguri,Railway,21.79,5,Paid,No,Possession,92.4,High,65.36107579484215,5.0,On-Time,On-Time,On-Time,On-Time,On-Time
LA-2625,Uttar Pradesh,Prayagraj,Railway,131.5,306,Pending,No,Notification,69.8,High,60.19586507253092,13.9,On-Time,On-Time,On-Time,On-Time,On-Time
LA-2626,Karnataka,Mangaluru,Irrigation,75.26,93,Pending,Yes,Compensation,30.0,Medium,42.88631519227301,16.3,On-Time,Delayed,Delayed,On-Time,Delayed
LA-2627,Uttar Pradesh,Prayagraj,Irrigation,169.5,301,Paid,No,Approval,79.1,High,95.0,16.4,On-Time,On-Time,On-Time,On-Time,On-Time
LA-2628,Rajasthan,Jodhpur,Metro,84.25,127,Paid,No,Compensation,32.5,Medium,49.438577672858635,24.9,On-Time,On-Time,On-Time,On-Time,On-Time
LA-2629,Uttar Pradesh,Varanasi,Irrigation,176.34,153,Partially Paid,No,Possession,47.0,Low,62.97959199274016,48.7,On-Time,Delayed,On-Time,Delayed,Delayed
LA-2630,Rajasthan,Udaipur,Metro,184.0,327,Pending,Yes,Possession,77.9,Low,65.91751853926243,6.9,Delayed,On-Time,Delayed,On-Time,Delayed
LA-2631,Tamil Nadu,Coimbatore,Airport,81.75,148,Pending,No,Approval,26.8,Low,56.97698574356979,24.2,On-Time,Delayed,On-Time,Delayed,On-Time
LA-2632,Maharashtra,Aurangabad,Irrigation,52.95,122,Paid,Yes,Notification,73.8,High,63.65423256811618,8.6,On-Time,Delayed,On-Time,On-Time,On-Time
LA-2633,Karnataka,Hubballi,Highway,8.79,20,Paid,Yes,Possession,47.9,High,52.721828153122914,38.0,Delayed,On-Time,Delayed,On-Time,On-Time
LA-2634,Tamil Nadu,Salem,Railway,39.53,5,Partially Paid,Yes,Compensation,57.3,Low,75.90768973705337,28.9,Delayed,On-Time,On-Time,Delayed,Delayed
LA-2635,West Bengal,Kolkata,Highway,323.1,605,Pending,Yes,Notification,57.8,High,64.66642169247359,5.1,Delayed,On-Time,Delayed,On-Time,Delayed
LA-2636,Maharashtra,Pune,Industrial Corridor,63.19,139,Paid,No,Compensation,50.1,High,75.77589887521019,36.3,On-Time,On-Time,On-Time,On-Time,On-Time
LA-2637,Gujarat,Vadodara,Irrigation,12.5,46,Partially Paid,No,Approval,34.4,Medium,87.04843507539385,23.7,On-Time,On-Time,On-Time,On-Time,On-Time
LA-2638,Uttar Pradesh,Prayagraj,Railway,21.86,59,Paid,Yes,Notification,68.9,High,60.781568840418466,5.7,On-Time,On-Time,On-Time,On-Time,On-Time
LA-2639,West Bengal,Siliguri,Highway,73.83,144,Paid,No,Possession,65.6,Low,76.60173419955005,20.0,On-Time,Delayed,Delayed,On-Time,Delayed
LA-2640,West Bengal,Siliguri,Irrigation,38.55,38,Paid,No,Compensation,79.8,Medium,88.04517720829053,28.8,On-Time,On-Time,Delayed,On-Time,On-Time
LA-2641,Rajasthan,Jaipur,Irrigation,88.55,94,Paid,No,Approval,37.1,Medium,63.147984381132964,60.0,On-Time,Delayed,On-Time,On-Time,On-Time
LA-2642,Bihar,Patna,Airport,31.01,77,Partially Paid,No,Compensation,89.5,Low,75.36648875103008,9.6,On-Time,On-Time,On-Time,Delayed,Delayed
LA-2643,Rajasthan,Jaipur,Airport,73.28,133,Partially Paid,No,Possession,84.6,High,58.02077324373767,4.5,On-Time,On-Time,On-Time,Delayed,On-Time
LA-2644,Madhya Pradesh,Gwalior,Railway,280.12,266,Pending,Yes,Notification,26.7,Medium,82.95818052655817,13.8,On-Time,On-Time,Delayed,On-Time,Delayed
LA-2645,Uttar Pradesh,Varanasi,Industrial Corridor,60.49,141,Paid,No,Compensation,51.4,High,57.50302588089056,25.9,On-Time,On-Time,On-Time,On-Time,On-Time
LA-2646,Tamil Nadu,Madurai,Airport,76.16,115,Paid,No,Possession,54.0,Medium,75.54595094316116,26.0,On-Time,On-Time,On-Time,Delayed,On-Time
LA-2647,Uttar Pradesh,Varanasi,Airport,72.15,84,Paid,No,Approval,33.0,High,79.92676846379953,21.9,Delayed,On-Time,On-Time,On-Time,On-Time
LA-2648,Tamil Nadu,Madurai,Industrial Corridor,95.19,205,Paid,No,Compensation,64.8,Medium,47.315343496842985,21.3,On-Time,On-Time,On-Time,Delayed,On-Time
LA-2649,Tamil Nadu,Chennai,Highway,116.2,159,Partially Paid,No,Notification,65.7,Low,54.99935162387601,19.1,On-Time,On-Time,Delayed,On-Time,On-Time
LA-2650,Karnataka,Mysuru,Airport,100.83,163,Paid,Yes,Compensation,37.5,High,54.3922919141007,18.0,On-Time,Delayed,On-Time,On-Time,On-Time
LA-2651,Delhi,New Delhi,Metro,90.32,239,Partially Paid,Yes,Possession,57.7,High,81.19899324501293,50.6,On-Time,Delayed,Delayed,On-Time,Delayed
LA-2652,Maharashtra,Aurangabad,Power Project,71.52,190,Partially Paid,No,Notification,97.1,High,47.36978545772838,10.8,On-Time,On-Time,Delayed,On-Time,On-Time
LA-2653,Maharashtra,Nagpur,Power Project,137.19,144,Paid,No,Possession,38.7,High,69.88533846367199,15.0,On-Time,Delayed,On-Time,On-Time,On-Time
LA-2654,Gujarat,Vadodara,Airport,37.03,113,Partially Paid,Yes,Possession,71.9,High,75.89716572875967,6.8,Delayed,On-Time,On-Time,On-Time,Delayed
LA-2655,Uttar Pradesh,Varanasi,Highway,57.13,28,Paid,No,Approval,73.3,Low,67.54083474748124,27.0,On-Time,On-Time,On-Time,On-Time,On-Time
LA-2656,West Bengal,Kolkata,Irrigation,21.86,86,Pending,No,Compensation,72.3,Medium,84.12099511487106,40.2,On-Time,On-Time,On-Time,Delayed,Delayed
LA-2657,Madhya Pradesh,Jabalpur,Highway,110.22,140,Partially Paid,No,Notification,11.9,Medium,36.13109182052047,22.4,On-Time,On-Time,Delayed,Delayed,On-Time
LA-2658,Maharashtra,Mumbai,Railway,133.31,248,Paid,No,Possession,86.0,Medium,74.11873322859297,52.2,On-Time,On-Time,On-Time,On-Time,On-Time
LA-2659,Gujarat,Surat,Metro,40.68,141,Paid,Yes,Compensation,72.3,High,62.27370239711316,19.8,Delayed,Delayed,On-Time,Delayed,Delayed
LA-2660,Gujarat,Vadodara,Highway,119.55,220,Partially Paid,No,Compensation,23.7,High,42.42308183235414,6.6,On-Time,On-Time,Delayed,On-Time,On-Time
LA-2661,Madhya Pradesh,Jabalpur,Industrial Corridor,14.6,59,Paid,Yes,Compensation,31.3,Medium,48.783532280942154,30.4,Delayed,Delayed,On-Time,On-Time,On-Time
LA-2662,Rajasthan,Jodhpur,Metro,36.12,131,Pending,No,Compensation,61.6,Medium,88.47652160912888,4.4,On-Time,On-Time,Delayed,On-Time,On-Time
LA-2663,Bihar,Gaya,Power Project,32.61,5,Paid,No,Possession,76.9,High,74.4833205272825,11.8,On-Time,On-Time,On-Time,On-Time,On-Time
LA-2664,Rajasthan,Udaipur,Metro,97.13,183,Partially Paid,No,Compensation,65.9,High,77.028618756922,18.4,On-Time,Delayed,On-Time,On-Time,Delayed
LA-2665,West Bengal,Siliguri,Industrial Corridor,56.43,202,Pending,No,Possession,85.8,High,79.38446664920447,11.2,On-Time,On-Time,On-Time,On-Time,On-Time
LA-2666,Bihar,Gaya,Airport,380.07,687,Partially Paid,No,Compensation,20.7,High,44.647637741701445,60.0,On-Time,On-Time,Delayed,On-Time,Delayed
LA-2667,Uttar Pradesh,Prayagraj,Industrial Corridor,60.52,104,Paid,No,Notification,67.3,High,68.68592587729545,22.0,On-Time,On-Time,On-Time,On-Time,On-Time
LA-2668,West Bengal,Howrah,Industrial Corridor,69.21,174,Paid,No,Possession,66.2,Medium,81.47627965806534,21.4,Delayed,Delayed,On-Time,On-Time,On-Time
LA-2669,Uttar Pradesh,Varanasi,Airport,189.34,173,Paid,No,Compensation,49.9,Low,58.96096179465552,29.2,Delayed,Delayed,On-Time,On-Time,Delayed
LA-2670,Tamil Nadu,Coimbatore,Airport,43.46,89,Partially Paid,Yes,Compensation,78.2,High,85.43669635812739,10.7,Delayed,On-Time,Delayed,On-Time,Delayed
LA-2671,Gujarat,Ahmedabad,Airport,69.61,168,Paid,No,Possession,70.8,Medium,55.81090189601325,31.6,On-Time,On-Time,On-Time,On-Time,Delayed
LA-2672,Bihar,Muzaffarpur,Airport,177.53,393,Paid,No,Notification,73.6,High,66.87141787008154,36.2,On-Time,On-Time,Delayed,On-Time,On-Time
LA-2673,Bihar,Muzaffarpur,Airport,59.92,118,Pending,Yes,Approval,64.1,Medium,70.96301043045585,29.7,On-Time,Delayed,Delayed,Delayed,Delayed
LA-2674,Tamil Nadu,Coimbatore,Industrial Corridor,18.49,99,Paid,No,Approval,71.4,Medium,76.31897635897991,60.0,Delayed,On-Time,On-Time,On-Time,On-Time
LA-2675,Tamil Nadu,Chennai,Railway,189.73,294,Partially Paid,No,Compensation,32.1,Low,60.683953088996134,14.1,Delayed,Delayed,On-Time,Delayed,Delayed
LA-2676,Maharashtra,Nagpur,Railway,90.27,129,Partially Paid,Yes,Possession,83.2,High,80.1816817807462,19.7,On-Time,On-Time,Delayed,On-Time,On-Time
LA-2677,Uttar Pradesh,Prayagraj,Highway,83.57,127,Partially Paid,No,Possession,89.0,High,71.42021713648849,6.6,On-Time,On-Time,On-Time,On-Time,On-Time
LA-2678,Gujarat,Rajkot,Railway,198.6,236,Paid,No,Compensation,22.9,Medium,40.418095743802525,18.2,Delayed,On-Time,On-Time,On-Time,On-Time
LA-2679,Uttar Pradesh,Varanasi,Power Project,87.53,108,Paid,Yes,Possession,55.8,High,92.54858951043356,20.7,Delayed,On-Time,On-Time,On-Time,On-Time
LA-2680,Karnataka,Mangaluru,Railway,35.85,95,Pending,No,Possession,63.7,High,50.632019068569804,27.3,Delayed,On-Time,Delayed,Delayed,Delayed
LA-2681,Maharashtra,Nashik,Industrial Corridor,148.49,279,Paid,No,Compensation,48.5,High,93.78500832954023,21.0,On-Time,On-Time,On-Time,On-Time,On-Time
LA-2682,West Bengal,Kolkata,Airport,66.15,157,Partially Paid,No,Approval,67.2,Medium,62.63471838211682,10.7,On-Time,On-Time,On-Time,On-Time,On-Time
LA-2683,Madhya Pradesh,Gwalior,Airport,69.03,87,Partially Paid,No,Compensation,60.4,High,59.84137261728523,29.3,On-Time,On-Time,On-Time,On-Time,On-Time
LA-2684,Tamil Nadu,Madurai,Irrigation,290.23,361,Paid,No,Possession,93.0,Low,70.98857264377236,26.5,Delayed,On-Time,On-Time,On-Time,Delayed
LA-2685,Uttar Pradesh,Kanpur,Irrigation,126.33,115,Pending,No,Possession,36.4,High,54.52080119282952,18.6,On-Time,On-Time,Delayed,Delayed,Delayed
LA-2686,Bihar,Gaya,Irrigation,86.27,63,Partially Paid,Yes,Compensation,61.3,High,36.71127090514278,14.7,Delayed,Delayed,On-Time,Delayed,Delayed
LA-2687,West Bengal,Howrah,Industrial Corridor,236.15,251,Partially Paid,Yes,Possession,64.6,Medium,63.360369551288436,11.8,Delayed,On-Time,On-Time,On-Time,Delayed
LA-2688,Rajasthan,Udaipur,Power Project,26.84,82,Pending,No,Approval,97.3,High,70.6257921551765,47.3,On-Time,On-Time,On-Time,Delayed,On-Time
LA-2689,Madhya Pradesh,Gwalior,Railway,82.03,191,Pending,No,Approval,70.2,Medium,88.06654930830669,35.0,On-Time,On-Time,On-Time,On-Time,Delayed
LA-2690,Tamil Nadu,Madurai,Industrial Corridor,58.14,111,Paid,No,Possession,19.6,Medium,47.12959473625549,34.1,On-Time,Delayed,On-Time,On-Time,On-Time
LA-2691,Uttar Pradesh,Lucknow,Highway,47.42,94,Pending,No,Notification,56.0,Medium,73.70334874478584,20.6,On-Time,On-Time,On-Time,On-Time,On-Time
LA-2692,Rajasthan,Udaipur,Airport,111.27,189,Paid,No,Notification,47.5,Medium,63.44149801444776,39.4,Delayed,Delayed,On-Time,On-Time,On-Time
LA-2693,Gujarat,Ahmedabad,Irrigation,58.08,139,Partially Paid,No,Approval,85.5,High,65.49562608697178,24.5,On-Time,On-Time,On-Time,Delayed,On-Time
LA-2694,Uttar Pradesh,Varanasi,Metro,103.84,259,Paid,No,Compensation,53.0,Low,79.58067330653809,20.1,On-Time,Delayed,On-Time,On-Time,On-Time
LA-2695,Gujarat,Surat,Highway,75.41,140,Paid,No,Compensation,83.2,Medium,57.32865742019506,11.5,On-Time,On-Time,Delayed,On-Time,Delayed
LA-2696,Delhi,North Delhi,Irrigation,74.88,106,Paid,No,Approval,68.0,High,67.51288962743372,20.9,On-Time,On-Time,On-Time,On-Time,On-Time
LA-2697,Delhi,New Delhi,Power Project,44.3,57,Paid,Yes,Possession,78.3,High,81.34906682302707,2.6,On-Time,On-Time,Delayed,On-Time,On-Time
LA-2698,Uttar Pradesh,Varanasi,Highway,300.12,413,Paid,No,Possession,57.0,High,80.44400579284817,38.5,On-Time,On-Time,On-Time,Delayed,On-Time
LA-2699,West Bengal,Durgapur,Industrial Corridor,32.55,82,Partially Paid,Yes,Approval,61.4,High,46.69572223790574,10.4,Delayed,Delayed,On-Time,Delayed,Delayed
LA-2700,Rajasthan,Jodhpur,Railway,58.1,113,Paid,No,Approval,82.4,Medium,55.805929958982716,12.5,On-Time,On-Time,On-Time,On-Time,On-Time
LA-2701,West Bengal,Durgapur,Airport,153.74,153,Partially Paid,No,Compensation,56.6,High,62.84410457287936,16.1,On-Time,On-Time,Delayed,On-Time,On-Time
LA-2702,Gujarat,Ahmedabad,Power Project,69.26,106,Paid,No,Compensation,75.6,Low,77.20907861785736,11.6,Delayed,Delayed,On-Time,On-Time,Delayed
LA-2703,Maharashtra,Pune,Power Project,100.21,139,Paid,Yes,Approval,51.8,High,61.231957807109616,28.1,On-Time,On-Time,On-Time,On-Time,On-Time
LA-2704,Rajasthan,Udaipur,Metro,151.92,157,Paid,No,Approval,58.4,High,66.24106883382318,42.3,On-Time,On-Time,Delayed,On-Time,On-Time
LA-2705,Gujarat,Ahmedabad,Highway,80.27,110,Paid,Yes,Approval,30.9,High,83.75463783346272,43.9,Delayed,On-Time,Delayed,On-Time,Delayed
LA-2706,Uttar Pradesh,Varanasi,Metro,87.24,183,Paid,No,Approval,28.4,High,59.92011218315949,18.1,On-Time,On-Time,On-Time,On-Time,On-Time
LA-2707,Madhya Pradesh,Indore,Railway,125.39,244,Pending,No,Compensation,15.9,Low,87.09738135971695,13.1,On-Time,On-Time,On-Time,On-Time,On-Time
LA-2708,Uttar Pradesh,Prayagraj,Irrigation,113.35,164,Paid,Yes,Compensation,56.8,Medium,40.918495004962466,40.5,Delayed,Delayed,On-Time,Delayed,Delayed
LA-2709,Madhya Pradesh,Indore,Railway,45.73,125,Partially Paid,Yes,Compensation,54.4,High,59.10872843069717,8.7,On-Time,Delayed,Delayed,On-Time,Delayed
LA-2710,Karnataka,Bengaluru,Irrigation,218.31,463,Paid,No,Possession,34.4,Low,44.522832464810705,37.0,On-Time,On-Time,On-Time,On-Time,On-Time
LA-2711,Uttar Pradesh,Agra,Metro,18.23,62,Pending,No,Approval,88.9,Low,66.75047844838704,28.9,On-Time,On-Time,Delayed,On-Time,On-Time
LA-2712,Delhi,South Delhi,Airport,68.52,62,Paid,No,Possession,27.9,Medium,76.26487432667008,27.5,On-Time,On-Time,On-Time,Delayed,Delayed
LA-2713,Tamil Nadu,Madurai,Railway,136.19,227,Pending,No,Notification,54.4,Low,62.581750916113464,13.4,Delayed,On-Time,Delayed,Delayed,On-Time
LA-2714,Rajasthan,Udaipur,Metro,33.02,49,Paid,No,Compensation,75.5,Medium,57.883543870253625,34.9,On-Time,On-Time,On-Time,On-Time,On-Time
LA-2715,Delhi,South Delhi,Highway,13.14,41,Paid,Yes,Possession,72.1,Medium,44.60570679092501,21.9,Delayed,Delayed,Delayed,On-Time,Delayed
LA-2716,West Bengal,Howrah,Metro,367.38,700,Partially Paid,No,Compensation,43.2,High,90.22002366734884,35.7,On-Time,Delayed,Delayed,Delayed,On-Time
LA-2717,Delhi,North Delhi,Metro,149.48,305,Partially Paid,No,Compensation,22.3,High,64.66382204309186,6.0,On-Time,Delayed,Delayed,On-Time,On-Time
LA-2718,Karnataka,Hubballi,Industrial Corridor,111.37,171,Paid,No,Compensation,91.8,Medium,58.21785473614126,3.5,Delayed,On-Time,On-Time,On-Time,On-Time
LA-2719,West Bengal,Siliguri,Railway,48.12,117,Paid,Yes,Possession,50.5,Low,88.43798620321715,60.0,Delayed,Delayed,On-Time,On-Time,Delayed
LA-2720,Maharashtra,Nagpur,Airport,82.88,112,Pending,No,Compensation,24.2,Medium,59.71931966942474,5.6,On-Time,On-Time,On-Time,On-Time,Delayed
LA-2721,Uttar Pradesh,Lucknow,Airport,50.13,66,Paid,Yes,Possession,88.6,Low,51.34456508850242,46.9,On-Time,Delayed,On-Time,Delayed,Delayed
LA-2722,Uttar Pradesh,Prayagraj,Industrial Corridor,165.13,319,Paid,No,Possession,91.1,High,54.345791670850865,32.8,On-Time,On-Time,On-Time,Delayed,On-Time
LA-2723,Maharashtra,Aurangabad,Irrigation,138.91,193,Partially Paid,No,Compensation,86.2,Medium,52.141400666246504,35.2,On-Time,On-Time,Delayed,On-Time,Delayed
LA-2724,Uttar Pradesh,Kanpur,Power Project,94.99,161,Partially Paid,No,Compensation,48.6,Medium,49.00957749928234,4.2,On-Time,On-Time,On-Time,On-Time,On-Time
LA-2725,Karnataka,Hubballi,Irrigation,125.51,172,Paid,Yes,Notification,82.6,Medium,54.598451858419864,30.5,On-Time,On-Time,On-Time,On-Time,Delayed
LA-2726,Delhi,New Delhi,Airport,104.61,224,Partially Paid,Yes,Approval,94.7,Medium,95.0,21.4,Delayed,On-Time,On-Time,On-Time,On-Time
LA-2727,Rajasthan,Udaipur,Metro,36.14,106,Paid,No,Compensation,73.6,High,47.752655520387904,8.8,On-Time,Delayed,On-Time,On-Time,On-Time
LA-2728,West Bengal,Howrah,Industrial Corridor,17.92,55,Paid,No,Possession,66.9,High,42.61772064030032,14.1,On-Time,On-Time,On-Time,On-Time,On-Time
LA-2729,Tamil Nadu,Madurai,Highway,137.87,192,Paid,No,Approval,76.7,Low,69.17044201368402,19.0,On-Time,Delayed,On-Time,On-Time,On-Time
LA-2730,Madhya Pradesh,Jabalpur,Railway,164.29,310,Pending,Yes,Possession,91.8,High,63.8605043140304,17.5,Delayed,Delayed,Delayed,On-Time,Delayed
LA-2731,Maharashtra,Pune,Railway,50.88,68,Paid,No,Approval,60.6,Medium,74.90061434856243,58.0,Delayed,Delayed,On-Time,Delayed,On-Time
LA-2732,Madhya Pradesh,Indore,Railway,255.77,534,Paid,No,Compensation,77.6,High,56.688735196640835,16.8,On-Time,Delayed,On-Time,Delayed,On-Time
LA-2733,Rajasthan,Jodhpur,Metro,91.04,183,Partially Paid,No,Approval,80.3,High,51.972299190434185,43.0,On-Time,Delayed,On-Time,On-Time,On-Time
LA-2734,Gujarat,Rajkot,Highway,12.73,77,Paid,No,Compensation,78.3,Medium,90.10579651223969,26.4,On-Time,On-Time,On-Time,On-Time,On-Time
LA-2735,Uttar Pradesh,Lucknow,Industrial Corridor,128.17,260,Partially Paid,No,Possession,19.5,Medium,40.824656231667944,5.5,On-Time,On-Time,On-Time,On-Time,On-Time
LA-2736,Bihar,Bhagalpur,Industrial Corridor,332.27,636,Pending,No,Approval,90.2,Low,70.40898348894463,8.2,Delayed,On-Time,Delayed,On-Time,Delayed
LA-2737,Gujarat,Rajkot,Railway,77.04,109,Pending,No,Notification,72.5,High,75.35454392137902,6.3,On-Time,On-Time,Delayed,On-Time,On-Time
LA-2738,Uttar Pradesh,Prayagraj,Highway,104.26,152,Paid,No,Compensation,43.7,Medium,77.3255318377223,26.2,On-Time,On-Time,On-Time,Delayed,On-Time
LA-2739,Gujarat,Vadodara,Highway,256.02,357,Partially Paid,No,Compensation,54.3,Low,60.44928097794119,30.5,Delayed,Delayed,Delayed,On-Time,Delayed
LA-2740,Gujarat,Vadodara,Highway,12.25,101,Pending,No,Possession,73.9,Low,46.27667165314374,13.6,On-Time,On-Time,On-Time,On-Time,Delayed
LA-2741,Tamil Nadu,Salem,Airport,21.23,109,Paid,No,Possession,57.2,Low,87.49271044089167,33.4,On-Time,Delayed,On-Time,Delayed,On-Time
LA-2742,Karnataka,Bengaluru,Airport,92.15,199,Paid,No,Notification,45.1,Medium,58.316836199494325,26.1,On-Time,Delayed,On-Time,On-Time,On-Time
LA-2743,Tamil Nadu,Madurai,Railway,52.64,75,Paid,No,Compensation,59.7,High,87.94996971621899,36.7,On-Time,On-Time,On-Time,Delayed,On-Time
LA-2744,Delhi,South Delhi,Highway,92.31,102,Paid,Yes,Compensation,69.6,High,70.52110919856617,26.6,On-Time,On-Time,On-Time,On-Time,On-Time
LA-2745,Gujarat,Ahmedabad,Power Project,41.58,25,Pending,Yes,Possession,23.3,Low,57.741139823411324,31.8,Delayed,On-Time,Delayed,Delayed,Delayed
LA-2746,Rajasthan,Udaipur,Highway,208.23,234,Partially Paid,No,Possession,60.1,Low,70.90164570925097,15.0,On-Time,On-Time,On-Time,Delayed,On-Time
LA-2747,Delhi,South Delhi,Industrial Corridor,133.52,155,Paid,Yes,Compensation,71.9,Medium,82.2620293558688,22.2,Delayed,On-Time,On-Time,Delayed,On-Time
LA-2748,Maharashtra,Pune,Industrial Corridor,122.65,294,Pending,No,Compensation,34.0,High,66.23132375735815,12.4,On-Time,On-Time,On-Time,On-Time,On-Time
LA-2749,Tamil Nadu,Madurai,Railway,77.41,198,Paid,No,Notification,69.5,Medium,53.93626336163823,59.0,Delayed,On-Time,On-Time,On-Time,On-Time
LA-2750,Uttar Pradesh,Agra,Power Project,70.89,125,Pending,No,Approval,69.8,High,38.18670508783513,32.5,On-Time,Delayed,Delayed,On-Time,Delayed
LA-2751,Rajasthan,Udaipur,Highway,30.07,113,Paid,Yes,Compensation,34.1,Medium,58.63614690654082,25.6,On-Time,Delayed,Delayed,On-Time,Delayed
LA-2752,Uttar Pradesh,Lucknow,Irrigation,216.2,454,Paid,No,Compensation,81.0,High,77.11460871328237,6.3,On-Time,On-Time,On-Time,On-Time,On-Time
LA-2753,Delhi,New Delhi,Power Project,119.14,210,Paid,No,Compensation,40.6,Low,49.84499224645342,42.1,Delayed,Delayed,Delayed,Delayed,On-Time
LA-2754,Maharashtra,Nagpur,Railway,60.3,135,Partially Paid,No,Compensation,53.8,High,75.21743096894245,47.2,On-Time,On-Time,On-Time,On-Time,Delayed
LA-2755,West Bengal,Siliguri,Industrial Corridor,144.09,219,Paid,No,Approval,58.0,Medium,65.42298613580353,8.9,On-Time,On-Time,On-Time,On-Time,On-Time
LA-2756,Tamil Nadu,Salem,Irrigation,142.35,229,Paid,No,Compensation,77.9,High,76.18243006365236,20.8,Delayed,On-Time,On-Time,Delayed,On-Time
LA-2757,West Bengal,Kolkata,Industrial Corridor,115.68,165,Pending,No,Notification,69.1,Medium,29.911521493896906,24.0,Delayed,On-Time,Delayed,On-Time,On-Time
LA-2758,Rajasthan,Kota,Airport,245.53,358,Pending,No,Notification,81.1,Medium,43.6949730085179,10.6,Delayed,On-Time,On-Time,Delayed,On-Time
LA-2759,Uttar Pradesh,Varanasi,Railway,183.92,260,Partially Paid,No,Notification,47.2,Low,58.06102500740609,15.8,On-Time,Delayed,On-Time,Delayed,On-Time
LA-2760,Rajasthan,Jaipur,Railway,136.8,331,Pending,No,Possession,40.4,High,92.9940961440225,14.4,On-Time,On-Time,On-Time,On-Time,Delayed
LA-2761,Rajasthan,Jodhpur,Highway,69.02,127,Pending,No,Notification,72.1,High,53.68597758062805,40.7,On-Time,Delayed,Delayed,Delayed,On-Time
LA-2762,Bihar,Muzaffarpur,Highway,64.87,128,Partially Paid,Yes,Possession,6.8,Medium,63.09825040041995,54.5,Delayed,On-Time,Delayed,Delayed,On-Time
LA-2763,Uttar Pradesh,Agra,Airport,182.98,385,Partially Paid,No,Approval,62.7,High,95.0,18.8,On-Time,On-Time,On-Time,On-Time,On-Time
LA-2764,Rajasthan,Jodhpur,Irrigation,202.94,238,Pending,No,Compensation,60.7,High,71.42955654141889,29.6,On-Time,On-Time,Delayed,Delayed,Delayed
LA-2765,Uttar Pradesh,Varanasi,Metro,355.85,381,Partially Paid,No,Possession,60.4,Medium,77.89445141544405,5.4,On-Time,On-Time,On-Time,On-Time,On-Time
LA-2766,Maharashtra,Nashik,Power Project,88.63,204,Paid,No,Compensation,82.4,Medium,55.36512923750858,46.1,Delayed,On-Time,On-Time,On-Time,On-Time
LA-2767,Karnataka,Hubballi,Metro,90.09,148,Paid,No,Approval,82.2,High,82.6848011095195,30.3,On-Time,On-Time,On-Time,On-Time,On-Time
LA-2768,Rajasthan,Jodhpur,Metro,27.72,78,Paid,No,Approval,37.2,High,84.97092403272589,24.0,On-Time,Delayed,On-Time,On-Time,On-Time
LA-2769,Gujarat,Vadodara,Railway,244.55,310,Pending,No,Possession,89.8,Low,72.52397371583848,20.3,Delayed,On-Time,Delayed,Delayed,Delayed
LA-2770,Gujarat,Rajkot,Power Project,113.84,137,Partially Paid,No,Approval,77.2,Medium,63.71034587563366,12.4,Delayed,On-Time,On-Time,On-Time,On-Time
LA-2771,Rajasthan,Jodhpur,Railway,254.6,373,Pending,No,Compensation,43.2,High,73.39140881848374,40.7,On-Time,On-Time,On-Time,On-Time,On-Time
LA-2772,Tamil Nadu,Madurai,Power Project,24.25,72,Pending,No,Compensation,39.2,High,40.614712181020266,31.6,Delayed,Delayed,Delayed,Delayed,Delayed
LA-2773,Bihar,Muzaffarpur,Industrial Corridor,76.93,188,Paid,No,Approval,88.8,Medium,81.32950851487332,36.7,Delayed,On-Time,On-Time,On-Time,On-Time
LA-2774,West Bengal,Kolkata,Railway,73.01,195,Partially Paid,No,Approval,82.4,High,52.26317445199135,23.1,On-Time,Delayed,Delayed,On-Time,On-Time
LA-2775,Tamil Nadu,Madurai,Railway,143.4,314,Paid,Yes,Compensation,80.3,Low,60.82102709729647,44.4,Delayed,On-Time,Delayed,On-Time,On-Time
LA-2776,Maharashtra,Nashik,Railway,109.14,200,Paid,No,Compensation,88.2,Medium,84.76332305848811,13.1,On-Time,On-Time,On-Time,On-Time,On-Time
LA-2777,Karnataka,Hubballi,Irrigation,123.25,151,Pending,Yes,Approval,73.5,Medium,81.46343375640006,51.4,On-Time,Delayed,On-Time,Delayed,Delayed
LA-2778,Gujarat,Surat,Airport,52.72,82,Partially Paid,No,Possession,83.1,Low,40.68308423230627,42.8,On-Time,On-Time,Delayed,On-Time,On-Time
LA-2779,Maharashtra,Nagpur,Railway,112.0,231,Pending,No,Possession,24.4,High,50.79007216529397,26.3,Delayed,On-Time,On-Time,Delayed,Delayed
LA-2780,Bihar,Patna,Highway,141.75,185,Paid,Yes,Possession,83.8,High,74.60170026187718,10.6,On-Time,On-Time,On-Time,On-Time,On-Time
LA-2781,Delhi,North Delhi,Highway,85.27,219,Partially Paid,No,Notification,53.0,Medium,38.90888801380828,41.6,On-Time,On-Time,Delayed,On-Time,On-Time
LA-2782,Bihar,Gaya,Power Project,58.61,157,Paid,No,Approval,38.1,Medium,86.2901934834127,12.6,On-Time,On-Time,On-Time,On-Time,On-Time
LA-2783,Rajasthan,Jaipur,Industrial Corridor,34.06,5,Partially Paid,No,Possession,57.7,High,66.76887615204977,18.1,On-Time,On-Time,On-Time,Delayed,Delayed
LA-2784,Madhya Pradesh,Jabalpur,Airport,161.02,326,Paid,Yes,Notification,68.3,High,86.1937636068778,7.8,On-Time,On-Time,On-Time,Delayed,On-Time
LA-2785,Karnataka,Mysuru,Irrigation,114.89,198,Partially Paid,No,Notification,78.9,High,53.8266971187785,10.8,On-Time,On-Time,On-Time,On-Time,On-Time
LA-2786,Bihar,Bhagalpur,Power Project,375.59,402,Paid,No,Possession,80.4,High,55.157425286111945,24.6,On-Time,On-Time,On-Time,On-Time,On-Time
LA-2787,Madhya Pradesh,Indore,Highway,180.4,266,Paid,Yes,Approval,55.0,Medium,80.51229496582808,54.3,On-Time,On-Time,Delayed,Delayed,Delayed
LA-2788,Madhya Pradesh,Indore,Airport,23.56,26,Partially Paid,No,Approval,58.2,Medium,60.5544098645359,28.7,On-Time,On-Time,On-Time,On-Time,On-Time
LA-2789,Delhi,North Delhi,Airport,24.75,25,Partially Paid,No,Approval,42.7,High,46.38617772774272,29.8,On-Time,On-Time,On-Time,Delayed,On-Time
LA-2790,Rajasthan,Udaipur,Industrial Corridor,144.41,191,Partially Paid,Yes,Possession,78.0,High,73.42207966807635,28.2,On-Time,On-Time,On-Time,Delayed,On-Time
LA-2791,Uttar Pradesh,Lucknow,Airport,145.63,237,Partially Paid,No,Approval,65.3,High,41.11440831707591,31.7,On-Time,On-Time,On-Time,On-Time,On-Time
LA-2792,Karnataka,Mangaluru,Railway,80.31,160,Pending,No,Possession,38.0,High,86.63201394063191,33.9,Delayed,On-Time,On-Time,On-Time,Delayed
LA-2793,Rajasthan,Jaipur,Airport,158.74,295,Pending,Yes,Compensation,49.0,High,67.76312663976714,41.0,Delayed,Delayed,Delayed,Delayed,On-Time
LA-2794,Karnataka,Mysuru,Industrial Corridor,114.31,174,Paid,No,Compensation,9.6,High,51.655152746807886,48.2,On-Time,On-Time,Delayed,On-Time,On-Time
LA-2795,Delhi,North Delhi,Power Project,95.7,107,Paid,No,Approval,41.3,High,82.17782085472348,14.9,On-Time,On-Time,Delayed,On-Time,On-Time
LA-2796,Uttar Pradesh,Lucknow,Industrial Corridor,176.89,217,Partially Paid,No,Approval,30.4,Medium,82.44178087728307,39.3,Delayed,On-Time,On-Time,On-Time,On-Time
LA-2797,Karnataka,Bengaluru,Irrigation,7.03,86,Paid,No,Compensation,55.6,Medium,65.05598613937059,54.9,Delayed,On-Time,On-Time,On-Time,Delayed
LA-2798,Delhi,New Delhi,Industrial Corridor,233.09,310,Paid,No,Approval,94.9,High,95.0,16.4,On-Time,On-Time,On-Time,On-Time,On-Time
LA-2799,Delhi,North Delhi,Highway,293.27,614,Paid,No,Possession,74.3,Low,95.0,11.6,On-Time,On-Time,On-Time,On-Time,On-Time
LA-2800,Delhi,North Delhi,Railway,26.04,143,Paid,Yes,Compensation,80.7,Low,69.85022984455023,42.4,On-Time,Delayed,On-Time,Delayed,On-Time
LA-2801,West Bengal,Durgapur,Highway,144.91,288,Partially Paid,No,Compensation,67.3,Low,80.98109152691136,52.4,Delayed,Delayed,On-Time,Delayed,Delayed
LA-2802,Karnataka,Bengaluru,Power Project,35.7,91,Paid,No,Approval,73.5,Low,84.63207836675247,17.8,On-Time,On-Time,On-Time,On-Time,On-Time
LA-2803,Gujarat,Surat,Metro,50.5,139,Paid,No,Possession,55.6,Medium,47.97614821739394,47.9,On-Time,On-Time,On-Time,On-Time,On-Time
LA-2804,Maharashtra,Aurangabad,Power Project,51.5,104,Pending,No,Approval,70.4,Medium,69.30074396834029,47.6,On-Time,On-Time,Delayed,On-Time,Delayed
LA-2805,Maharashtra,Mumbai,Railway,114.66,235,Pending,No,Approval,57.3,High,54.772461836653164,19.5,Delayed,On-Time,On-Time,Delayed,On-Time
LA-2806,Tamil Nadu,Salem,Airport,105.58,237,Pending,Yes,Possession,26.7,Medium,52.65647664463508,14.1,Delayed,Delayed,On-Time,Delayed,Delayed
LA-2807,Karnataka,Mysuru,Industrial Corridor,72.07,164,Paid,No,Compensation,37.9,Medium,66.82410221854195,15.3,On-Time,Delayed,On-Time,On-Time,On-Time
LA-2808,Uttar Pradesh,Kanpur,Metro,14.42,81,Paid,No,Compensation,59.2,Medium,67.95111890678905,25.0,On-Time,On-Time,On-Time,On-Time,On-Time
LA-2809,Uttar Pradesh,Kanpur,Railway,60.04,145,Paid,Yes,Compensation,63.7,Medium,40.819855946126,13.0,Delayed,Delayed,On-Time,On-Time,Delayed
LA-2810,Uttar Pradesh,Lucknow,Highway,233.03,348,Paid,No,Compensation,59.0,High,70.15572911380575,10.2,On-Time,Delayed,On-Time,On-Time,On-Time
LA-2811,Karnataka,Mangaluru,Industrial Corridor,144.68,305,Paid,Yes,Approval,44.6,Medium,61.23578308487972,14.4,On-Time,On-Time,On-Time,Delayed,Delayed
LA-2812,Tamil Nadu,Coimbatore,Power Project,38.91,85,Pending,Yes,Notification,66.1,High,85.96878371887648,39.9,On-Time,On-Time,On-Time,On-Time,Delayed
LA-2813,Maharashtra,Pune,Highway,97.89,192,Pending,No,Possession,65.8,Medium,82.4406589040895,21.1,On-Time,On-Time,Delayed,Delayed,Delayed
LA-2814,Delhi,New Delhi,Railway,73.86,32,Pending,Yes,Notification,69.6,Low,52.159872710807136,12.5,Delayed,Delayed,Delayed,Delayed,Delayed
LA-2815,Uttar Pradesh,Agra,Railway,245.53,499,Partially Paid,No,Compensation,56.0,Low,84.69092556707821,25.4,Delayed,Delayed,Delayed,Delayed,Delayed
LA-2816,West Bengal,Siliguri,Power Project,73.9,125,Partially Paid,No,Notification,81.1,Medium,73.03933013665214,27.8,On-Time,On-Time,On-Time,On-Time,Delayed
LA-2817,Maharashtra,Mumbai,Metro,28.84,23,Pending,No,Approval,78.8,High,61.72578520777702,9.1,On-Time,On-Time,Delayed,On-Time,On-Time
LA-2818,Tamil Nadu,Salem,Power Project,71.78,125,Pending,Yes,Notification,79.9,Low,57.31731521740507,2.6,Delayed,On-Time,Delayed,Delayed,Delayed
LA-2819,Madhya Pradesh,Indore,Airport,246.55,280,Partially Paid,No,Compensation,76.8,High,47.78530401701846,5.5,On-Time,On-Time,On-Time,On-Time,On-Time
LA-2820,Gujarat,Ahmedabad,Highway,186.51,417,Paid,No,Compensation,29.4,Low,46.73003239165473,16.0,On-Time,Delayed,On-Time,On-Time,Delayed
LA-2821,Uttar Pradesh,Agra,Metro,93.11,170,Paid,No,Notification,73.8,High,37.593065906388006,47.2,Delayed,Delayed,On-Time,On-Time,Delayed
LA-2822,Uttar Pradesh,Lucknow,Industrial Corridor,36.36,52,Partially Paid,Yes,Approval,68.5,High,65.31322594282199,55.6,On-Time,On-Time,Delayed,On-Time,Delayed
LA-2823,Madhya Pradesh,Indore,Irrigation,141.54,184,Paid,No,Possession,60.1,Medium,34.099175745402036,4.8,On-Time,On-Time,On-Time,On-Time,On-Time
LA-2824,Tamil Nadu,Salem,Airport,32.17,56,Pending,No,Approval,67.0,Medium,52.00226133486669,30.1,On-Time,On-Time,On-Time,On-Time,On-Time
LA-2825,Madhya Pradesh,Jabalpur,Metro,106.51,146,Partially Paid,No,Possession,81.0,High,74.85274286494479,12.5,On-Time,On-Time,On-Time,On-Time,On-Time
LA-2826,Rajasthan,Kota,Irrigation,132.77,176,Partially Paid,No,Possession,69.5,Medium,87.39897232831275,13.8,Delayed,Delayed,On-Time,On-Time,Delayed
LA-2827,Delhi,North Delhi,Irrigation,26.86,67,Paid,No,Possession,55.1,Medium,47.77377988045207,17.3,On-Time,Delayed,On-Time,On-Time,On-Time
LA-2828,West Bengal,Kolkata,Highway,73.55,110,Paid,No,Possession,87.1,High,74.14411590727082,15.3,Delayed,On-Time,On-Time,Delayed,On-Time
LA-2829,Tamil Nadu,Madurai,Railway,113.77,157,Paid,Yes,Approval,90.8,Medium,60.354726255855745,13.4,Delayed,Delayed,Delayed,On-Time,On-Time
LA-2830,Maharashtra,Nashik,Industrial Corridor,126.47,270,Partially Paid,Yes,Possession,52.6,High,57.25690802965304,36.4,On-Time,Delayed,Delayed,Delayed,Delayed
LA-2831,West Bengal,Siliguri,Power Project,130.6,263,Paid,No,Possession,54.2,Medium,67.32000605111675,21.7,On-Time,On-Time,On-Time,Delayed,On-Time
LA-2832,Madhya Pradesh,Jabalpur,Highway,48.64,122,Pending,No,Possession,69.8,High,55.177304705678395,17.3,On-Time,Delayed,Delayed,On-Time,On-Time
LA-2833,Madhya Pradesh,Indore,Airport,58.46,121,Partially Paid,Yes,Notification,44.4,Medium,63.73736976790198,13.5,On-Time,On-Time,On-Time,On-Time,Delayed
LA-2834,Karnataka,Hubballi,Irrigation,60.49,55,Partially Paid,No,Possession,59.9,High,66.06404057116679,39.1,On-Time,On-Time,On-Time,On-Time,On-Time
LA-2835,Tamil Nadu,Coimbatore,Airport,5.0,49,Pending,No,Possession,61.4,High,82.40871765357008,11.0,On-Time,Delayed,Delayed,On-Time,On-Time
LA-2836,Karnataka,Hubballi,Irrigation,206.15,239,Pending,No,Possession,89.6,Medium,85.66243856703242,11.0,On-Time,On-Time,On-Time,On-Time,On-Time
LA-2837,Uttar Pradesh,Lucknow,Railway,75.45,135,Paid,Yes,Notification,46.7,Medium,56.02180772162525,18.2,On-Time,Delayed,On-Time,On-Time,Delayed
LA-2838,Maharashtra,Pune,Railway,169.73,347,Pending,No,Approval,65.5,Low,60.95089658568453,41.1,Delayed,On-Time,Delayed,On-Time,Delayed
LA-2839,West Bengal,Kolkata,Industrial Corridor,175.26,231,Paid,No,Possession,63.4,Low,77.06316547504467,52.6,On-Time,On-Time,On-Time,On-Time,On-Time
LA-2840,Uttar Pradesh,Varanasi,Power Project,289.63,557,Paid,No,Compensation,42.1,Medium,62.28554714133644,20.0,On-Time,Delayed,On-Time,Delayed,On-Time
LA-2841,Gujarat,Ahmedabad,Industrial Corridor,33.35,58,Paid,No,Approval,47.1,Medium,75.71494853728458,11.6,On-Time,On-Time,Delayed,On-Time,Delayed
LA-2842,Gujarat,Rajkot,Railway,118.77,155,Partially Paid,No,Possession,79.8,High,78.53299558706111,56.2,Delayed,Delayed,On-Time,On-Time,On-Time
LA-2843,Gujarat,Rajkot,Railway,77.99,198,Paid,No,Notification,85.5,High,80.2877728079247,60.0,On-Time,On-Time,On-Time,On-Time,On-Time
LA-2844,Madhya Pradesh,Bhopal,Airport,86.89,143,Partially Paid,No,Approval,35.4,High,66.31665127281799,28.1,On-Time,On-Time,On-Time,On-Time,On-Time
LA-2845,West Bengal,Durgapur,Railway,133.53,221,Partially Paid,Yes,Approval,46.8,Low,47.547816067593516,47.2,Delayed,On-Time,Delayed,Delayed,Delayed
LA-2846,Maharashtra,Aurangabad,Metro,50.76,155,Partially Paid,No,Approval,84.6,High,62.48125910498348,13.8,On-Time,On-Time,On-Time,Delayed,On-Time
LA-2847,Uttar Pradesh,Agra,Irrigation,68.85,116,Paid,Yes,Approval,63.6,Medium,57.39073753000493,11.8,On-Time,On-Time,On-Time,Delayed,Delayed
LA-2848,Uttar Pradesh,Prayagraj,Highway,8.43,57,Pending,Yes,Approval,50.6,High,76.65708421980408,23.2,On-Time,Delayed,On-Time,On-Time,Delayed
LA-2849,Bihar,Gaya,Railway,52.6,70,Partially Paid,No,Notification,29.5,High,87.88205632539868,21.4,On-Time,On-Time,Delayed,Delayed,Delayed
LA-2850,Madhya Pradesh,Jabalpur,Industrial Corridor,246.71,258,Paid,Yes,Compensation,47.1,High,88.30450592948097,58.9,Delayed,Delayed,On-Time,Delayed,Delayed
LA-2851,Maharashtra,Pune,Power Project,141.59,371,Pending,No,Possession,37.4,Medium,78.28287806451459,17.0,On-Time,On-Time,Delayed,Delayed,Delayed
LA-2852,Tamil Nadu,Salem,Irrigation,131.41,178,Paid,Yes,Compensation,85.2,High,50.978274399692,19.8,On-Time,Delayed,On-Time,On-Time,On-Time
LA-2853,Bihar,Gaya,Irrigation,148.04,298,Partially Paid,No,Approval,64.9,Medium,86.04732273551701,33.4,On-Time,Delayed,On-Time,On-Time,On-Time
LA-2854,Bihar,Bhagalpur,Power Project,84.3,180,Partially Paid,Yes,Notification,66.6,Medium,71.39784347483646,31.8,On-Time,On-Time,Delayed,On-Time,Delayed
LA-2855,Bihar,Gaya,Power Project,176.3,408,Paid,No,Possession,80.2,Medium,52.62832960439008,8.6,Delayed,Delayed,On-Time,On-Time,On-Time
LA-2856,Maharashtra,Nashik,Irrigation,51.2,98,Paid,Yes,Possession,76.2,Medium,77.92891330395105,39.6,On-Time,Delayed,On-Time,On-Time,On-Time
LA-2857,Tamil Nadu,Chennai,Metro,74.71,114,Pending,No,Approval,85.1,Medium,61.68426975997734,13.4,On-Time,On-Time,Delayed,On-Time,On-Time
LA-2858,Rajasthan,Udaipur,Industrial Corridor,73.55,145,Paid,No,Approval,53.5,Medium,35.75698473293967,52.0,Delayed,On-Time,On-Time,Delayed,On-Time
LA-2859,Bihar,Gaya,Metro,183.93,184,Paid,No,Compensation,77.7,High,50.29568673893197,26.9,On-Time,On-Time,On-Time,On-Time,On-Time
LA-2860,Karnataka,Mysuru,Railway,47.8,151,Partially Paid,No,Possession,74.8,Low,64.02014716580882,21.9,Delayed,On-Time,On-Time,On-Time,Delayed
LA-2861,Tamil Nadu,Madurai,Highway,69.19,63,Partially Paid,Yes,Compensation,53.5,High,63.42860676566075,60.0,On-Time,On-Time,Delayed,On-Time,On-Time
LA-2862,Karnataka,Mangaluru,Power Project,56.58,76,Partially Paid,Yes,Compensation,50.7,High,49.025696487019815,10.2,On-Time,On-Time,On-Time,Delayed,Delayed
LA-2863,Uttar Pradesh,Prayagraj,Industrial Corridor,239.66,238,Pending,No,Compensation,13.5,High,76.26609079312185,8.1,On-Time,On-Time,Delayed,On-Time,On-Time
LA-2864,Rajasthan,Udaipur,Power Project,175.32,362,Paid,Yes,Possession,76.6,Medium,72.79649842983842,47.2,Delayed,On-Time,On-Time,On-Time,Delayed
LA-2865,West Bengal,Siliguri,Metro,120.15,245,Partially Paid,No,Notification,73.2,High,43.46356070159037,41.7,Delayed,On-Time,On-Time,On-Time,On-Time
LA-2866,West Bengal,Kolkata,Airport,147.1,190,Partially Paid,No,Possession,76.2,Medium,95.0,60.0,On-Time,Delayed,Delayed,Delayed,On-Time
LA-2867,Delhi,New Delhi,Railway,37.92,78,Paid,No,Approval,66.7,Medium,46.781180249173985,44.1,On-Time,On-Time,On-Time,On-Time,On-Time
LA-2868,Uttar Pradesh,Prayagraj,Highway,129.89,156,Pending,No,Compensation,69.9,Medium,58.13380704516541,25.2,Delayed,Delayed,On-Time,On-Time,On-Time
LA-2869,Uttar Pradesh,Varanasi,Railway,110.35,189,Pending,No,Compensation,36.5,High,70.63106146964175,13.7,On-Time,On-Time,On-Time,On-Time,On-Time
LA-2870,Karnataka,Mangaluru,Airport,46.47,52,Paid,No,Compensation,71.6,Medium,58.18172222879479,31.7,Delayed,On-Time,On-Time,On-Time,On-Time
LA-2871,Tamil Nadu,Coimbatore,Highway,20.11,42,Partially Paid,No,Compensation,67.2,High,86.81414647153201,16.4,On-Time,On-Time,On-Time,On-Time,On-Time
LA-2872,Uttar Pradesh,Kanpur,Airport,92.84,115,Partially Paid,No,Approval,54.1,High,62.370660633085194,6.7,On-Time,Delayed,Delayed,Delayed,Delayed
LA-2873,Rajasthan,Kota,Railway,86.88,205,Paid,No,Notification,50.4,High,51.17422345926169,11.7,On-Time,On-Time,On-Time,On-Time,On-Time
LA-2874,Bihar,Bhagalpur,Metro,17.05,75,Pending,No,Compensation,56.7,Medium,74.21780068512868,12.9,On-Time,On-Time,Delayed,On-Time,On-Time
LA-2875,Karnataka,Bengaluru,Irrigation,104.2,261,Partially Paid,No,Compensation,66.4,Medium,25.0,29.6,On-Time,On-Time,On-Time,On-Time,On-Time
LA-2876,Rajasthan,Kota,Railway,142.44,276,Partially Paid,No,Approval,75.3,Medium,73.007285168942,6.2,On-Time,On-Time,On-Time,Delayed,On-Time
LA-2877,Madhya Pradesh,Jabalpur,Railway,170.95,385,Paid,Yes,Possession,62.5,Medium,84.34887276400451,7.2,On-Time,On-Time,On-Time,On-Time,Delayed
LA-2878,Rajasthan,Kota,Railway,78.88,141,Paid,No,Approval,53.5,Medium,30.399916793948456,14.9,Delayed,Delayed,On-Time,On-Time,Delayed
LA-2879,Maharashtra,Aurangabad,Industrial Corridor,101.51,88,Paid,No,Approval,56.3,High,58.939960091101206,12.1,On-Time,On-Time,Delayed,On-Time,On-Time
LA-2880,Madhya Pradesh,Jabalpur,Airport,169.94,356,Partially Paid,No,Notification,77.1,High,40.30732934424253,25.3,On-Time,Delayed,Delayed,On-Time,On-Time
LA-2881,Karnataka,Bengaluru,Airport,84.09,106,Partially Paid,No,Compensation,91.9,Low,65.19692927266554,16.8,Delayed,On-Time,On-Time,On-Time,Delayed
LA-2882,Bihar,Bhagalpur,Power Project,49.02,113,Paid,No,Approval,42.4,Medium,95.0,17.6,On-Time,On-Time,Delayed,On-Time,On-Time
LA-2883,Madhya Pradesh,Gwalior,Airport,49.29,94,Paid,Yes,Compensation,32.3,Medium,68.43909431190129,36.1,On-Time,Delayed,Delayed,On-Time,Delayed
LA-2884,Tamil Nadu,Coimbatore,Power Project,151.71,300,Paid,No,Approval,52.0,Medium,61.721051805236954,39.9,Delayed,On-Time,Delayed,On-Time,On-Time
LA-2885,Uttar Pradesh,Varanasi,Industrial Corridor,100.32,180,Partially Paid,No,Notification,86.2,Medium,25.0,13.3,On-Time,On-Time,On-Time,On-Time,Delayed
LA-2886,Rajasthan,Udaipur,Metro,67.36,183,Partially Paid,No,Possession,81.0,Medium,48.40816349609746,29.9,Delayed,Delayed,On-Time,On-Time,On-Time
LA-2887,Delhi,New Delhi,Power Project,45.63,103,Paid,No,Compensation,48.8,High,63.00471626338464,11.0,On-Time,On-Time,On-Time,On-Time,On-Time
LA-2888,Maharashtra,Aurangabad,Railway,66.4,99,Paid,No,Approval,93.3,Low,66.39737393520886,35.4,On-Time,On-Time,On-Time,On-Time,Delayed
LA-2889,Karnataka,Hubballi,Metro,94.35,153,Paid,No,Notification,67.5,High,70.1467291955914,9.8,On-Time,Delayed,On-Time,On-Time,On-Time
LA-2890,West Bengal,Howrah,Irrigation,229.88,266,Paid,No,Possession,30.1,High,76.52142044274682,42.0,On-Time,On-Time,On-Time,On-Time,On-Time
LA-2891,Uttar Pradesh,Prayagraj,Industrial Corridor,187.64,244,Pending,Yes,Notification,29.4,High,51.414974965114745,3.9,On-Time,On-Time,On-Time,Delayed,Delayed
LA-2892,Gujarat,Vadodara,Airport,251.03,403,Paid,No,Possession,43.0,Medium,65.60134793165332,10.4,On-Time,On-Time,On-Time,Delayed,On-Time
LA-2893,Tamil Nadu,Coimbatore,Power Project,58.15,91,Paid,No,Compensation,62.6,Medium,57.55538784181513,14.7,Delayed,On-Time,On-Time,On-Time,On-Time
LA-2894,Uttar Pradesh,Varanasi,Railway,14.0,57,Partially Paid,No,Approval,58.8,Medium,50.924845401012256,17.1,On-Time,On-Time,Delayed,Delayed,On-Time
LA-2895,Madhya Pradesh,Bhopal,Highway,73.36,88,Pending,No,Compensation,49.4,Low,51.9221116947789,8.6,On-Time,On-Time,Delayed,Delayed,On-Time
LA-2896,Karnataka,Bengaluru,Irrigation,128.45,244,Pending,No,Possession,23.9,High,73.11302667817874,13.9,On-Time,On-Time,Delayed,Delayed,Delayed
LA-2897,Madhya Pradesh,Indore,Highway,106.78,184,Pending,No,Approval,65.9,Medium,26.536596152527636,18.4,On-Time,On-Time,Delayed,Delayed,Delayed
LA-2898,Uttar Pradesh,Varanasi,Metro,351.35,665,Partially Paid,No,Approval,94.6,Medium,37.17394875915414,4.0,On-Time,Delayed,On-Time,On-Time,Delayed
LA-2899,Gujarat,Surat,Airport,147.57,199,Partially Paid,No,Approval,73.7,Low,95.0,26.3,Delayed,Delayed,On-Time,On-Time,Delayed
LA-2900,Tamil Nadu,Chennai,Highway,53.53,107,Pending,No,Possession,77.8,High,55.03240794845704,26.6,On-Time,On-Time,Delayed,On-Time,On-Time
LA-2901,Madhya Pradesh,Bhopal,Metro,189.07,234,Pending,No,Compensation,78.0,Low,87.03296510894309,41.5,On-Time,Delayed,Delayed,On-Time,On-Time
LA-2902,Delhi,South Delhi,Industrial Corridor,19.52,22,Pending,No,Approval,62.8,High,64.03011433911226,60.0,On-Time,On-Time,Delayed,On-Time,On-Time
LA-2903,Tamil Nadu,Salem,Metro,61.34,127,Paid,Yes,Notification,87.8,Medium,56.57640265935569,10.3,Delayed,On-Time,On-Time,On-Time,Delayed
LA-2904,Delhi,South Delhi,Irrigation,66.28,156,Paid,Yes,Approval,81.8,Medium,74.85797424259584,46.4,Delayed,Delayed,On-Time,Delayed,On-Time
LA-2905,Karnataka,Mangaluru,Metro,197.64,389,Paid,No,Approval,71.6,Low,66.20889328970948,7.4,Delayed,On-Time,On-Time,On-Time,On-Time
LA-2906,Uttar Pradesh,Kanpur,Irrigation,112.13,115,Partially Paid,No,Approval,82.8,High,62.31389011509118,17.5,On-Time,On-Time,On-Time,On-Time,On-Time
LA-2907,West Bengal,Howrah,Metro,46.2,142,Pending,Yes,Compensation,33.8,High,64.34009488546201,27.2,Delayed,On-Time,Delayed,Delayed,Delayed
LA-2908,Gujarat,Vadodara,Railway,31.82,30,Pending,No,Notification,50.7,High,70.91050257451207,27.1,On-Time,On-Time,On-Time,On-Time,On-Time
LA-2909,Maharashtra,Nagpur,Metro,124.65,297,Paid,Yes,Approval,72.8,Medium,54.6768881025311,40.3,Delayed,Delayed,On-Time,Delayed,On-Time
LA-2910,Uttar Pradesh,Lucknow,Power Project,344.74,351,Paid,No,Compensation,39.6,Medium,57.77209227519282,16.0,On-Time,On-Time,On-Time,On-Time,Delayed
LA-2911,Maharashtra,Aurangabad,Metro,77.48,136,Pending,No,Approval,37.9,Low,50.336964597537786,22.9,Delayed,On-Time,Delayed,Delayed,On-Time
LA-2912,Bihar,Muzaffarpur,Railway,17.12,95,Paid,No,Notification,46.1,Medium,46.88816477844793,24.4,On-Time,On-Time,On-Time,On-Time,On-Time
LA-2913,West Bengal,Durgapur,Railway,153.65,304,Paid,No,Notification,68.3,High,92.75125017315854,51.3,Delayed,On-Time,On-Time,On-Time,On-Time
LA-2914,Gujarat,Ahmedabad,Industrial Corridor,122.25,264,Partially Paid,No,Notification,57.4,High,51.40621487775041,21.1,On-Time,On-Time,On-Time,Delayed,Delayed
LA-2915,Gujarat,Rajkot,Irrigation,58.5,97,Paid,No,Possession,88.6,High,79.97892664160511,15.6,On-Time,On-Time,On-Time,On-Time,Delayed
LA-2916,Karnataka,Hubballi,Airport,28.8,45,Paid,No,Compensation,37.9,Medium,59.66256381660428,36.8,On-Time,On-Time,On-Time,On-Time,On-Time
LA-2917,Bihar,Gaya,Highway,54.85,120,Paid,No,Notification,40.4,Low,73.10714294028703,21.0,On-Time,Delayed,Delayed,On-Time,On-Time
LA-2918,Madhya Pradesh,Indore,Highway,87.06,42,Paid,No,Approval,50.4,Low,64.97124568805046,41.2,On-Time,On-Time,On-Time,On-Time,On-Time
LA-2919,Gujarat,Surat,Metro,72.69,82,Partially Paid,No,Approval,29.6,High,38.130810396103186,41.2,On-Time,On-Time,On-Time,On-Time,On-Time
LA-2920,Gujarat,Vadodara,Industrial Corridor,31.71,92,Paid,No,Compensation,61.8,High,65.43421281468919,4.9,Delayed,On-Time,On-Time,On-Time,On-Time
LA-2921,Karnataka,Mangaluru,Metro,27.48,98,Paid,No,Compensation,32.3,High,74.08587441262583,60.0,On-Time,On-Time,On-Time,On-Time,Delayed
LA-2922,Delhi,New Delhi,Highway,47.05,163,Paid,No,Compensation,64.0,Medium,50.67527200334177,7.9,On-Time,Delayed,On-Time,On-Time,Delayed
LA-2923,Madhya Pradesh,Gwalior,Irrigation,135.4,136,Pending,No,Approval,41.2,Low,95.0,24.2,On-Time,Delayed,Delayed,Delayed,Delayed
LA-2924,Gujarat,Rajkot,Irrigation,67.78,166,Paid,No,Notification,60.5,High,77.18286121503296,13.5,On-Time,On-Time,On-Time,On-Time,On-Time
LA-2925,Tamil Nadu,Madurai,Irrigation,166.77,136,Paid,No,Compensation,80.0,High,77.31454165864642,12.8,On-Time,On-Time,On-Time,On-Time,On-Time
LA-2926,Uttar Pradesh,Prayagraj,Railway,59.64,117,Paid,No,Possession,70.5,Medium,78.90757545801885,9.7,On-Time,Delayed,On-Time,On-Time,On-Time
LA-2927,Madhya Pradesh,Bhopal,Airport,147.31,226,Paid,No,Possession,90.2,Medium,29.989417740665488,38.0,On-Time,On-Time,On-Time,On-Time,Delayed
LA-2928,Rajasthan,Jaipur,Industrial Corridor,142.88,198,Paid,No,Notification,42.0,High,75.57296415221604,16.5,On-Time,On-Time,On-Time,Delayed,On-Time
LA-2929,Madhya Pradesh,Indore,Railway,67.07,96,Partially Paid,No,Compensation,58.3,Low,95.0,45.3,Delayed,Delayed,Delayed,Delayed,On-Time
LA-2930,Delhi,South Delhi,Airport,255.51,463,Pending,Yes,Compensation,59.2,High,76.39120661332723,16.1,Delayed,Delayed,On-Time,Delayed,Delayed
LA-2931,Madhya Pradesh,Bhopal,Industrial Corridor,152.24,298,Pending,Yes,Possession,63.1,Low,61.05806784579347,15.8,Delayed,Delayed,Delayed,Delayed,Delayed
LA-2932,Madhya Pradesh,Gwalior,Industrial Corridor,181.09,358,Partially Paid,Yes,Approval,43.8,High,48.270219038810744,10.7,On-Time,Delayed,On-Time,On-Time,Delayed
LA-2933,Madhya Pradesh,Indore,Highway,146.82,204,Paid,Yes,Compensation,40.5,High,46.822186269222485,19.4,On-Time,On-Time,On-Time,On-Time,Delayed
LA-2934,Madhya Pradesh,Indore,Railway,66.89,192,Partially Paid,Yes,Notification,84.1,High,45.02097623861944,4.0,On-Time,Delayed,On-Time,Delayed,Delayed
LA-2935,Karnataka,Bengaluru,Industrial Corridor,236.05,424,Paid,No,Compensation,60.1,High,58.99353197524404,44.3,Delayed,On-Time,On-Time,On-Time,On-Time
LA-2936,Tamil Nadu,Chennai,Power Project,158.85,128,Partially Paid,No,Approval,22.4,Medium,48.97798651993708,27.3,On-Time,On-Time,On-Time,Delayed,On-Time
LA-2937,Maharashtra,Nashik,Irrigation,99.37,205,Paid,No,Possession,54.0,Medium,62.72039249218567,21.5,On-Time,On-Time,On-Time,On-Time,On-Time
LA-2938,Tamil Nadu,Madurai,Industrial Corridor,176.01,308,Pending,No,Possession,85.9,Medium,68.05908034139834,4.3,On-Time,Delayed,Delayed,On-Time,Delayed
LA-2939,Rajasthan,Jaipur,Airport,189.17,184,Pending,No,Approval,92.9,Medium,39.20235794228449,11.3,On-Time,On-Time,On-Time,Delayed,Delayed
LA-2940,Delhi,South Delhi,Highway,170.54,227,Paid,No,Compensation,70.5,High,53.52365317410558,3.1,On-Time,On-Time,On-Time,On-Time,On-Time
LA-2941,Delhi,New Delhi,Metro,80.48,159,Paid,No,Notification,31.9,High,56.31425410278295,8.5,On-Time,On-Time,On-Time,On-Time,On-Time
LA-2942,Maharashtra,Nashik,Irrigation,34.34,114,Partially Paid,Yes,Approval,84.1,Low,55.89106646939846,20.0,Delayed,On-Time,On-Time,Delayed,Delayed
LA-2943,Tamil Nadu,Salem,Highway,149.16,275,Paid,Yes,Approval,53.2,Low,65.26872616740691,28.3,Delayed,Delayed,On-Time,Delayed,Delayed
LA-2944,Karnataka,Hubballi,Metro,101.3,230,Pending,Yes,Notification,16.4,High,66.87173395088966,11.2,On-Time,On-Time,Delayed,Delayed,Delayed
LA-2945,Tamil Nadu,Salem,Railway,34.64,88,Paid,No,Possession,65.9,High,58.635630805513124,10.0,On-Time,On-Time,On-Time,On-Time,On-Time
LA-2946,Rajasthan,Kota,Railway,93.46,157,Paid,No,Notification,85.9,Medium,54.91310703223682,33.6,On-Time,On-Time,On-Time,On-Time,On-Time
LA-2947,Gujarat,Vadodara,Industrial Corridor,116.4,178,Pending,No,Compensation,77.6,High,64.69079711114149,22.3,On-Time,On-Time,On-Time,On-Time,Delayed
LA-2948,Uttar Pradesh,Kanpur,Power Project,96.73,179,Paid,No,Possession,39.5,Medium,86.6344497225496,36.2,On-Time,On-Time,On-Time,On-Time,On-Time
LA-2949,Maharashtra,Aurangabad,Railway,122.58,153,Paid,No,Possession,59.5,Medium,43.16816094722971,50.4,On-Time,On-Time,On-Time,Delayed,On-Time
LA-2950,Gujarat,Surat,Industrial Corridor,63.68,127,Partially Paid,No,Possession,17.0,High,81.97528745376086,25.7,On-Time,On-Time,Delayed,Delayed,Delayed
LA-2951,Uttar Pradesh,Agra,Irrigation,74.54,130,Partially Paid,Yes,Notification,78.3,High,40.495035579195076,14.6,Delayed,Delayed,On-Time,Delayed,Delayed
LA-2952,Uttar Pradesh,Kanpur,Highway,132.78,292,Partially Paid,Yes,Possession,48.3,Medium,70.42750865266659,17.7,Delayed,On-Time,Delayed,On-Time,On-Time
LA-2953,Madhya Pradesh,Jabalpur,Railway,31.47,82,Partially Paid,No,Approval,30.4,High,80.74419192455265,19.1,On-Time,On-Time,On-Time,On-Time,On-Time
LA-2954,Karnataka,Mysuru,Highway,188.95,310,Paid,Yes,Possession,22.0,High,45.14743471048624,17.4,Delayed,On-Time,On-Time,Delayed,On-Time
LA-2955,West Bengal,Durgapur,Highway,76.93,63,Paid,No,Compensation,31.7,Medium,70.26140537165209,27.5,On-Time,On-Time,On-Time,On-Time,Delayed
LA-2956,West Bengal,Kolkata,Power Project,147.69,314,Paid,Yes,Possession,78.4,Medium,49.30625705178474,21.9,Delayed,Delayed,On-Time,On-Time,On-Time
LA-2957,Madhya Pradesh,Gwalior,Railway,130.49,167,Pending,No,Notification,29.7,High,82.55473588402273,10.3,On-Time,On-Time,Delayed,On-Time,Delayed
LA-2958,Gujarat,Surat,Highway,100.05,227,Paid,Yes,Compensation,53.2,Low,40.99877793478032,7.6,Delayed,Delayed,Delayed,On-Time,On-Time
LA-2959,Madhya Pradesh,Bhopal,Power Project,75.55,159,Paid,No,Possession,60.8,Medium,51.61290372254253,19.9,On-Time,On-Time,On-Time,On-Time,On-Time
LA-2960,Tamil Nadu,Madurai,Power Project,116.55,224,Pending,No,Possession,69.7,High,66.97069752377547,2.5,On-Time,On-Time,On-Time,On-Time,On-Time
LA-2961,Uttar Pradesh,Lucknow,Railway,98.13,120,Pending,No,Notification,79.9,High,75.67210681074471,41.9,Delayed,On-Time,On-Time,On-Time,On-Time
LA-2962,Gujarat,Ahmedabad,Power Project,23.79,34,Pending,No,Possession,22.9,Medium,66.39075353658303,13.1,On-Time,Delayed,On-Time,Delayed,On-Time
LA-2963,Bihar,Gaya,Railway,16.71,51,Paid,No,Notification,51.2,High,72.42710972701475,55.7,On-Time,On-Time,On-Time,On-Time,On-Time
LA-2964,Gujarat,Ahmedabad,Railway,108.97,200,Partially Paid,No,Compensation,85.3,Medium,56.761750388330654,46.6,Delayed,On-Time,Delayed,On-Time,On-Time
LA-2965,Madhya Pradesh,Jabalpur,Metro,40.65,100,Paid,No,Compensation,31.0,Medium,48.633401508547195,47.3,On-Time,Delayed,On-Time,On-Time,On-Time
LA-2966,Madhya Pradesh,Indore,Highway,170.33,319,Pending,No,Notification,60.5,Medium,86.9691902546963,14.9,On-Time,On-Time,On-Time,On-Time,Delayed
LA-2967,Uttar Pradesh,Prayagraj,Airport,17.18,67,Paid,No,Notification,57.5,Medium,72.48147280234816,8.0,On-Time,On-Time,On-Time,On-Time,On-Time
LA-2968,Gujarat,Rajkot,Railway,158.09,239,Paid,No,Possession,58.6,Medium,57.68397506640653,26.9,On-Time,Delayed,On-Time,On-Time,On-Time
LA-2969,Maharashtra,Nagpur,Highway,145.26,170,Paid,No,Approval,23.1,High,40.19371497375777,31.3,Delayed,On-Time,On-Time,On-Time,Delayed
LA-2970,Delhi,New Delhi,Irrigation,91.47,195,Paid,No,Notification,67.2,High,83.34759676578119,7.7,On-Time,On-Time,On-Time,On-Time,On-Time
LA-2971,Delhi,South Delhi,Power Project,9.75,35,Partially Paid,Yes,Possession,55.5,Medium,83.965315482547,60.0,Delayed,Delayed,Delayed,Delayed,Delayed
LA-2972,Bihar,Bhagalpur,Industrial Corridor,70.49,201,Pending,Yes,Possession,58.1,Medium,61.73803320445452,10.4,On-Time,On-Time,On-Time,Delayed,On-Time
LA-2973,Maharashtra,Nagpur,Railway,137.12,207,Partially Paid,No,Compensation,54.1,Medium,55.090808129488416,14.7,On-Time,On-Time,On-Time,On-Time,Delayed
LA-2974,Rajasthan,Jaipur,Power Project,5.71,77,Paid,No,Notification,77.5,High,61.11055446911006,32.8,On-Time,On-Time,On-Time,On-Time,On-Time
LA-2975,Maharashtra,Nagpur,Power Project,145.39,243,Pending,No,Notification,80.8,Low,61.83818713132143,30.8,On-Time,On-Time,Delayed,On-Time,On-Time
LA-2976,West Bengal,Siliguri,Power Project,33.9,127,Paid,No,Compensation,44.8,High,76.54305371742048,17.2,On-Time,On-Time,On-Time,On-Time,On-Time
LA-2977,Maharashtra,Nashik,Power Project,20.43,60,Paid,No,Compensation,69.0,High,47.93210547349062,16.6,On-Time,Delayed,On-Time,On-Time,On-Time
LA-2978,Gujarat,Rajkot,Power Project,144.47,230,Paid,No,Compensation,53.9,High,56.245931553447235,16.1,On-Time,On-Time,On-Time,On-Time,On-Time
LA-2979,Bihar,Patna,Railway,71.38,121,Paid,No,Possession,79.0,High,62.24497393767173,41.6,On-Time,On-Time,On-Time,On-Time,On-Time
LA-2980,Bihar,Bhagalpur,Irrigation,112.73,98,Paid,No,Approval,81.6,Medium,68.875859165007,26.1,On-Time,On-Time,On-Time,On-Time,On-Time
LA-2981,Uttar Pradesh,Lucknow,Airport,92.69,201,Paid,No,Notification,49.6,High,77.99568685213033,12.5,On-Time,On-Time,On-Time,On-Time,On-Time
LA-2982,Tamil Nadu,Madurai,Metro,63.8,58,Pending,No,Possession,80.0,High,69.66470851990101,20.3,On-Time,Delayed,Delayed,On-Time,Delayed
LA-2983,Rajasthan,Udaipur,Power Project,10.57,52,Pending,No,Compensation,40.5,High,91.28156669278067,37.2,Delayed,Delayed,Delayed,Delayed,On-Time
LA-2984,Rajasthan,Kota,Power Project,122.28,122,Paid,No,Compensation,73.9,Medium,50.12680121286097,14.7,Delayed,On-Time,On-Time,On-Time,On-Time
LA-2985,Uttar Pradesh,Kanpur,Metro,140.86,278,Paid,No,Possession,68.1,Low,86.92453532321116,28.7,On-Time,On-Time,On-Time,On-Time,On-Time
LA-2986,Uttar Pradesh,Kanpur,Irrigation,106.27,190,Paid,No,Possession,88.7,Medium,50.69187691651627,14.4,On-Time,On-Time,On-Time,On-Time,On-Time
LA-2987,Karnataka,Bengaluru,Irrigation,116.33,177,Paid,Yes,Compensation,94.0,High,59.07044876661021,8.6,On-Time,On-Time,On-Time,On-Time,Delayed
LA-2988,Rajasthan,Kota,Railway,94.53,237,Paid,Yes,Approval,57.3,Medium,70.80834601877316,16.4,On-Time,On-Time,On-Time,On-Time,On-Time
LA-2989,Gujarat,Ahmedabad,Highway,70.91,169,Paid,No,Possession,64.6,High,82.66805124263104,25.5,On-Time,On-Time,On-Time,On-Time,Delayed
LA-2990,Karnataka,Bengaluru,Industrial Corridor,186.8,221,Partially Paid,No,Compensation,84.6,High,59.09518282382507,60.0,On-Time,On-Time,Delayed,On-Time,Delayed
LA-2991,Tamil Nadu,Salem,Industrial Corridor,200.21,341,Partially Paid,Yes,Approval,56.4,Low,70.88772377120038,21.4,Delayed,Delayed,Delayed,On-Time,Delayed
LA-2992,Uttar Pradesh,Lucknow,Highway,257.77,459,Paid,Yes,Compensation,69.0,Medium,60.265643254900105,18.4,On-Time,On-Time,On-Time,On-Time,Delayed
LA-2993,Madhya Pradesh,Indore,Railway,229.19,227,Pending,No,Approval,79.6,High,30.566524337724722,13.8,On-Time,Delayed,On-Time,On-Time,On-Time
LA-2994,Uttar Pradesh,Varanasi,Industrial Corridor,95.88,169,Pending,No,Possession,74.3,High,64.42346273979912,24.7,On-Time,On-Time,Delayed,Delayed,On-Time
LA-2995,Tamil Nadu,Salem,Irrigation,55.41,131,Paid,Yes,Compensation,93.4,High,46.37705938446773,19.7,On-Time,On-Time,On-Time,On-Time,Delayed
LA-2996,Karnataka,Hubballi,Metro,29.25,38,Paid,Yes,Possession,25.1,High,84.07233597326191,16.7,On-Time,On-Time,On-Time,On-Time,On-Time
LA-2997,West Bengal,Kolkata,Highway,141.31,267,Pending,No,Possession,35.9,Medium,84.17609440886025,12.9,On-Time,Delayed,On-Time,On-Time,Delayed
LA-2998,Delhi,New Delhi,Irrigation,119.77,276,Partially Paid,No,Possession,73.9,High,52.460034673376555,3.1,Delayed,On-Time,On-Time,On-Time,Delayed
LA-2999,Delhi,North Delhi,Airport,112.2,136,Paid,Yes,Compensation,64.8,Low,50.154571407235224,28.3,Delayed,On-Time,On-Time,On-Time,Delayed
LA-3000,Maharashtra,Nagpur,Railway,120.92,176,Partially Paid,No,Possession,50.5,Medium,55.56529386192778,16.4,On-Time,Delayed,On-Time,Delayed,On-Time
LA-3001,Maharashtra,Nagpur,Highway,131.12,160,Paid,No,Approval,83.9,Low,72.98592083540368,7.9,On-Time,On-Time,On-Time,On-Time,On-Time
LA-3002,Maharashtra,Nashik,Industrial Corridor,257.63,397,Partially Paid,Yes,Notification,67.1,Medium,73.04541803953032,18.1,On-Time,On-Time,Delayed,On-Time,On-Time
LA-3003,Bihar,Bhagalpur,Railway,103.75,244,Paid,Yes,Possession,88.9,Medium,95.0,16.5,On-Time,On-Time,On-Time,On-Time,Delayed
LA-3004,Maharashtra,Pune,Metro,129.42,248,Paid,No,Compensation,51.0,Medium,60.369806421492214,2.7,On-Time,On-Time,On-Time,On-Time,On-Time
LA-3005,Maharashtra,Pune,Railway,63.53,119,Partially Paid,No,Notification,39.4,High,66.37054496595074,6.2,On-Time,On-Time,Delayed,On-Time,On-Time
LA-3006,Tamil Nadu,Salem,Railway,280.15,490,Partially Paid,No,Notification,83.3,Medium,93.97599507004642,6.6,Delayed,On-Time,On-Time,On-Time,On-Time
LA-3007,Gujarat,Vadodara,Metro,19.2,30,Paid,No,Notification,44.8,High,69.29511781569978,59.4,On-Time,On-Time,On-Time,On-Time,On-Time
LA-3008,Tamil Nadu,Coimbatore,Power Project,194.04,308,Paid,No,Possession,41.0,High,48.6788649092845,27.1,On-Time,On-Time,Delayed,On-Time,On-Time
LA-3009,Delhi,South Delhi,Metro,107.45,208,Paid,No,Compensation,23.0,High,70.12948969884918,12.9,On-Time,On-Time,On-Time,On-Time,On-Time
LA-3010,Rajasthan,Kota,Irrigation,75.08,128,Paid,Yes,Approval,65.8,Medium,75.5722296933775,17.1,On-Time,On-Time,On-Time,On-Time,Delayed
LA-3011,Delhi,New Delhi,Railway,30.72,121,Paid,No,Possession,73.6,Low,59.87457181712065,20.0,Delayed,On-Time,On-Time,On-Time,On-Time
LA-3012,Delhi,New Delhi,Metro,144.37,226,Partially Paid,No,Approval,49.2,High,76.92919485973563,34.3,On-Time,On-Time,On-Time,Delayed,On-Time
LA-3013,Bihar,Bhagalpur,Power Project,45.85,60,Paid,No,Possession,50.0,Medium,75.59435084150331,40.6,On-Time,On-Time,On-Time,On-Time,On-Time
LA-3014,Uttar Pradesh,Kanpur,Irrigation,176.15,267,Partially Paid,No,Compensation,50.0,Low,58.123323967678694,48.2,Delayed,On-Time,On-Time,On-Time,Delayed
LA-3015,Rajasthan,Udaipur,Highway,79.69,185,Pending,No,Compensation,94.0,High,88.27554489496656,7.2,On-Time,On-Time,On-Time,On-Time,On-Time
LA-3016,Gujarat,Vadodara,Metro,22.24,38,Paid,No,Approval,54.4,High,53.246310419575735,17.6,Delayed,On-Time,On-Time,On-Time,On-Time
LA-3017,Maharashtra,Nagpur,Metro,96.37,82,Partially Paid,No,Approval,72.5,High,71.55967667487081,14.4,Delayed,On-Time,Delayed,On-Time,On-Time
LA-3018,Bihar,Bhagalpur,Railway,89.94,158,Pending,No,Possession,78.4,Low,55.968291256570915,8.4,On-Time,Delayed,On-Time,On-Time,On-Time
LA-3019,Delhi,South Delhi,Irrigation,177.58,339,Paid,No,Notification,66.7,High,39.60638431332894,50.2,Delayed,On-Time,On-Time,Delayed,On-Time
LA-3020,Karnataka,Hubballi,Highway,149.02,270,Pending,No,Possession,67.0,High,70.37557967121293,44.4,On-Time,On-Time,Delayed,On-Time,Delayed
LA-3021,West Bengal,Durgapur,Airport,28.83,83,Partially Paid,No,Compensation,57.1,Medium,93.93991979483447,34.9,Delayed,On-Time,On-Time,On-Time,On-Time
LA-3022,Madhya Pradesh,Indore,Airport,156.89,255,Partially Paid,No,Approval,61.0,Low,64.19238390407078,46.0,Delayed,Delayed,Delayed,On-Time,Delayed
LA-3023,West Bengal,Durgapur,Industrial Corridor,61.65,142,Paid,No,Compensation,58.1,Low,42.598624101790506,14.7,On-Time,On-Time,On-Time,On-Time,On-Time
LA-3024,Delhi,North Delhi,Metro,58.08,141,Partially Paid,No,Notification,64.3,High,68.33087087790175,25.0,Delayed,On-Time,On-Time,On-Time,On-Time
LA-3025,Gujarat,Surat,Metro,137.59,242,Paid,No,Compensation,22.1,Low,52.719756872579545,45.6,On-Time,On-Time,On-Time,Delayed,Delayed
LA-3026,Maharashtra,Nagpur,Highway,56.23,148,Partially Paid,No,Possession,82.5,High,80.80688236005298,37.1,On-Time,On-Time,On-Time,Delayed,On-Time
LA-3027,Karnataka,Hubballi,Power Project,215.18,266,Pending,No,Approval,75.2,High,61.57048375305667,40.3,On-Time,Delayed,On-Time,On-Time,Delayed
LA-3028,West Bengal,Howrah,Airport,19.84,67,Partially Paid,Yes,Compensation,56.2,Low,38.4115648691992,30.4,Delayed,Delayed,On-Time,On-Time,On-Time
LA-3029,Maharashtra,Pune,Industrial Corridor,86.85,145,Paid,Yes,Approval,81.8,Medium,72.62785977393882,25.7,Delayed,On-Time,On-Time,On-Time,On-Time
LA-3030,Karnataka,Hubballi,Highway,88.3,135,Paid,No,Compensation,38.5,High,68.13316463675511,15.2,On-Time,Delayed,On-Time,Delayed,On-Time
LA-3031,Uttar Pradesh,Kanpur,Metro,35.89,48,Paid,Yes,Approval,87.9,Medium,60.50182508575064,41.6,On-Time,On-Time,On-Time,On-Time,Delayed
LA-3032,Madhya Pradesh,Jabalpur,Airport,65.4,110,Pending,No,Compensation,35.2,Medium,49.41796030523211,48.6,Delayed,On-Time,Delayed,Delayed,Delayed
LA-3033,Rajasthan,Jodhpur,Irrigation,60.69,187,Paid,No,Possession,53.1,Low,91.8370609514177,13.2,On-Time,On-Time,On-Time,On-Time,On-Time
LA-3034,West Bengal,Howrah,Industrial Corridor,19.95,30,Paid,No,Notification,86.3,Low,58.22137202139197,20.2,On-Time,On-Time,On-Time,On-Time,On-Time
LA-3035,Madhya Pradesh,Jabalpur,Railway,47.09,99,Paid,Yes,Compensation,12.9,Medium,78.45647257094595,5.8,On-Time,Delayed,On-Time,On-Time,On-Time
LA-3036,Maharashtra,Mumbai,Airport,78.16,102,Pending,Yes,Compensation,85.7,Low,58.05107160201478,13.1,Delayed,Delayed,Delayed,On-Time,Delayed
LA-3037,Uttar Pradesh,Agra,Industrial Corridor,74.23,87,Paid,Yes,Compensation,20.5,Medium,75.21236313759131,34.7,Delayed,Delayed,On-Time,On-Time,Delayed
LA-3038,Uttar Pradesh,Varanasi,Highway,142.93,205,Pending,Yes,Compensation,77.7,Medium,65.80178248640955,54.5,Delayed,Delayed,Delayed,Delayed,Delayed
LA-3039,Uttar Pradesh,Lucknow,Railway,201.95,398,Partially Paid,No,Compensation,54.6,Medium,65.42022187935352,27.2,Delayed,Delayed,On-Time,Delayed,On-Time
LA-3040,Maharashtra,Nagpur,Industrial Corridor,67.85,206,Pending,No,Notification,42.7,High,52.60289423089251,26.5,On-Time,On-Time,On-Time,On-Time,On-Time
LA-3041,Bihar,Bhagalpur,Industrial Corridor,31.04,80,Paid,No,Possession,75.8,High,72.92216612340518,60.0,On-Time,On-Time,On-Time,On-Time,On-Time
LA-3042,Madhya Pradesh,Jabalpur,Metro,116.49,160,Paid,Yes,Possession,81.7,High,86.07685382112908,25.9,Delayed,Delayed,Delayed,Delayed,On-Time
LA-3043,Rajasthan,Kota,Power Project,77.71,113,Paid,No,Notification,55.6,Medium,49.48430926755602,29.4,On-Time,On-Time,On-Time,On-Time,Delayed
LA-3044,Uttar Pradesh,Varanasi,Airport,166.72,212,Paid,No,Approval,83.8,High,52.5157486003459,46.2,On-Time,On-Time,On-Time,On-Time,On-Time
LA-3045,Bihar,Gaya,Metro,79.34,75,Partially Paid,Yes,Possession,44.9,High,95.0,23.5,On-Time,On-Time,Delayed,On-Time,On-Time
LA-3046,Karnataka,Hubballi,Irrigation,89.51,171,Paid,No,Possession,38.5,High,49.97597238969813,40.4,On-Time,Delayed,On-Time,On-Time,On-Time
LA-3047,Delhi,South Delhi,Railway,75.42,153,Paid,No,Possession,36.6,High,56.68134473273207,32.8,On-Time,On-Time,On-Time,On-Time,On-Time
LA-3048,Karnataka,Hubballi,Power Project,218.94,367,Partially Paid,Yes,Possession,70.1,Medium,85.75550580844151,10.9,Delayed,Delayed,On-Time,On-Time,Delayed
LA-3049,Rajasthan,Kota,Industrial Corridor,95.27,172,Paid,No,Notification,68.5,High,86.20738986670683,1.7,On-Time,On-Time,On-Time,On-Time,On-Time
LA-3050,Uttar Pradesh,Prayagraj,Metro,176.49,214,Paid,No,Possession,61.6,High,28.57875384408439,7.5,On-Time,Delayed,On-Time,On-Time,On-Time
LA-3051,Rajasthan,Udaipur,Power Project,67.48,115,Paid,No,Possession,86.6,Medium,76.48138870926068,23.3,Delayed,On-Time,On-Time,Delayed,On-Time
LA-3052,Rajasthan,Jaipur,Irrigation,132.8,278,Partially Paid,No,Approval,65.3,Low,62.07492852648652,44.6,Delayed,On-Time,On-Time,On-Time,On-Time
LA-3053,Uttar Pradesh,Varanasi,Airport,145.78,150,Partially Paid,Yes,Approval,83.6,High,62.75967618454264,20.7,Delayed,Delayed,On-Time,Delayed,Delayed
LA-3054,West Bengal,Howrah,Irrigation,69.15,62,Partially Paid,No,Compensation,18.4,High,82.47685375111317,20.6,Delayed,On-Time,Delayed,On-Time,On-Time
LA-3055,Bihar,Gaya,Railway,150.44,244,Paid,No,Compensation,46.5,Low,59.777361083414306,17.4,On-Time,Delayed,On-Time,On-Time,Delayed
LA-3056,Karnataka,Mysuru,Highway,20.33,29,Paid,No,Approval,22.3,High,57.320744538005194,15.2,On-Time,On-Time,On-Time,On-Time,On-Time
LA-3057,Rajasthan,Udaipur,Metro,104.5,108,Pending,No,Notification,39.7,Low,60.17700863083597,60.0,Delayed,Delayed,Delayed,On-Time,Delayed
LA-3058,Gujarat,Vadodara,Railway,134.95,184,Partially Paid,Yes,Notification,72.1,High,59.763460156405536,25.5,On-Time,On-Time,Delayed,Delayed,Delayed
LA-3059,Karnataka,Hubballi,Highway,48.59,122,Partially Paid,Yes,Approval,71.0,High,70.2103551988532,15.0,On-Time,On-Time,Delayed,On-Time,On-Time
LA-3060,Rajasthan,Jaipur,Metro,58.78,112,Partially Paid,No,Approval,54.0,High,84.84994889516018,25.0,On-Time,On-Time,On-Time,On-Time,On-Time
LA-3061,Delhi,New Delhi,Railway,33.97,70,Paid,Yes,Possession,16.2,High,71.41327701664035,26.8,On-Time,On-Time,On-Time,Delayed,On-Time
LA-3062,Rajasthan,Jodhpur,Irrigation,37.08,103,Pending,Yes,Notification,36.2,Low,64.80703427050022,11.2,On-Time,On-Time,On-Time,Delayed,Delayed
LA-3063,Tamil Nadu,Chennai,Railway,44.06,79,Pending,No,Possession,33.6,Low,73.1958314646389,50.9,Delayed,On-Time,On-Time,Delayed,Delayed
LA-3064,Rajasthan,Udaipur,Power Project,149.9,307,Partially Paid,Yes,Possession,68.4,Low,76.70294196799317,17.2,On-Time,Delayed,Delayed,Delayed,On-Time
LA-3065,Delhi,New Delhi,Irrigation,46.32,76,Pending,No,Possession,76.3,Low,73.67015532732884,50.0,On-Time,On-Time,Delayed,On-Time,Delayed
LA-3066,Tamil Nadu,Chennai,Metro,12.1,58,Paid,No,Compensation,50.3,Low,54.99042593184643,15.6,On-Time,On-Time,On-Time,On-Time,On-Time
LA-3067,Uttar Pradesh,Lucknow,Railway,123.19,169,Partially Paid,Yes,Notification,66.4,Medium,71.36906762668994,13.1,Delayed,On-Time,Delayed,On-Time,Delayed
LA-3068,Maharashtra,Aurangabad,Industrial Corridor,13.19,48,Pending,No,Approval,26.9,Low,33.20672246540927,59.3,On-Time,Delayed,Delayed,Delayed,Delayed
LA-3069,Uttar Pradesh,Lucknow,Metro,82.56,162,Paid,Yes,Notification,27.6,High,88.00882166736025,51.8,Delayed,Delayed,On-Time,On-Time,Delayed
LA-3070,Maharashtra,Nashik,Railway,68.22,135,Paid,No,Possession,71.2,High,87.96621839925831,17.0,On-Time,On-Time,On-Time,On-Time,On-Time
LA-3071,Tamil Nadu,Coimbatore,Power Project,65.12,119,Partially Paid,No,Approval,87.6,Medium,78.34101544766655,15.2,On-Time,On-Time,On-Time,On-Time,On-Time
LA-3072,Rajasthan,Udaipur,Highway,23.45,5,Paid,No,Compensation,81.1,Low,83.68901687465547,33.0,Delayed,On-Time,On-Time,On-Time,On-Time
LA-3073,Uttar Pradesh,Kanpur,Highway,113.87,159,Pending,No,Possession,77.3,Medium,63.88756980670871,9.1,Delayed,On-Time,On-Time,On-Time,On-Time
LA-3074,Bihar,Bhagalpur,Industrial Corridor,45.79,42,Paid,No,Possession,68.4,Low,53.74270137445157,29.1,Delayed,On-Time,On-Time,Delayed,On-Time
LA-3075,Bihar,Patna,Metro,142.86,251,Partially Paid,No,Possession,54.0,Medium,46.19145861313874,46.8,Delayed,Delayed,On-Time,Delayed,Delayed
LA-3076,Bihar,Muzaffarpur,Power Project,118.18,263,Paid,No,Compensation,76.2,Medium,80.12206399114353,17.6,On-Time,On-Time,On-Time,On-Time,On-Time
LA-3077,Maharashtra,Pune,Railway,197.66,421,Paid,Yes,Compensation,91.0,Low,53.740776139877354,47.9,Delayed,Delayed,Delayed,On-Time,On-Time
LA-3078,Rajasthan,Kota,Railway,92.35,213,Pending,No,Compensation,68.7,High,59.39356775048348,43.5,On-Time,On-Time,On-Time,On-Time,On-Time
LA-3079,West Bengal,Siliguri,Highway,124.28,276,Partially Paid,Yes,Notification,92.2,Low,68.36207152308552,30.2,Delayed,On-Time,Delayed,On-Time,On-Time
LA-3080,Tamil Nadu,Coimbatore,Power Project,53.52,66,Paid,Yes,Possession,90.4,Medium,64.43795165877454,60.0,On-Time,On-Time,On-Time,Delayed,Delayed
LA-3081,Delhi,New Delhi,Irrigation,13.78,26,Paid,No,Compensation,33.1,Medium,68.97159174485587,9.2,On-Time,Delayed,On-Time,On-Time,On-Time
LA-3082,Delhi,South Delhi,Industrial Corridor,45.78,38,Partially Paid,Yes,Notification,71.8,Low,37.87824019369889,9.3,Delayed,Delayed,On-Time,Delayed,On-Time
LA-3083,Rajasthan,Jaipur,Highway,119.76,124,Pending,No,Possession,52.3,High,61.49755473159851,47.3,On-Time,Delayed,On-Time,On-Time,On-Time
LA-3084,Bihar,Muzaffarpur,Highway,102.65,98,Partially Paid,No,Compensation,63.9,High,77.36244975274225,9.1,Delayed,On-Time,On-Time,On-Time,On-Time
LA-3085,Rajasthan,Jodhpur,Industrial Corridor,69.34,105,Partially Paid,No,Possession,38.5,Medium,58.522740355046096,20.3,On-Time,On-Time,On-Time,On-Time,Delayed
LA-3086,Rajasthan,Udaipur,Metro,61.81,200,Paid,No,Possession,49.6,High,52.067548761439404,24.8,Delayed,On-Time,On-Time,On-Time,On-Time
LA-3087,Uttar Pradesh,Kanpur,Railway,32.08,94,Pending,No,Possession,67.9,Medium,79.32192199722522,46.0,Delayed,On-Time,On-Time,On-Time,On-Time
LA-3088,Karnataka,Hubballi,Metro,68.31,18,Partially Paid,No,Notification,57.7,High,58.63622428081872,23.4,On-Time,On-Time,On-Time,On-Time,On-Time
LA-3089,Tamil Nadu,Chennai,Power Project,66.85,66,Partially Paid,Yes,Approval,53.2,Low,67.7673332540297,7.9,Delayed,Delayed,On-Time,Delayed,Delayed
LA-3090,Gujarat,Surat,Irrigation,191.25,338,Partially Paid,No,Possession,26.7,High,61.84334173340384,32.9,On-Time,On-Time,On-Time,Delayed,On-Time
LA-3091,Tamil Nadu,Chennai,Airport,112.7,135,Partially Paid,No,Possession,78.3,Medium,64.99349557372085,34.7,On-Time,On-Time,On-Time,On-Time,On-Time
LA-3092,West Bengal,Howrah,Airport,92.68,191,Pending,No,Compensation,30.3,Low,87.94415441246886,22.8,On-Time,On-Time,On-Time,Delayed,Delayed
LA-3093,Uttar Pradesh,Prayagraj,Airport,98.92,140,Partially Paid,No,Approval,53.0,Low,73.57903654401602,18.0,On-Time,Delayed,On-Time,Delayed,On-Time
LA-3094,Rajasthan,Kota,Industrial Corridor,216.67,201,Pending,No,Notification,81.0,Medium,46.6732248280299,41.7,On-Time,On-Time,On-Time,Delayed,Delayed
LA-3095,Maharashtra,Mumbai,Highway,60.78,112,Partially Paid,No,Possession,88.6,Medium,59.418766883946844,29.0,Delayed,Delayed,On-Time,Delayed,On-Time
LA-3096,Tamil Nadu,Salem,Irrigation,53.93,110,Partially Paid,No,Approval,84.7,High,58.81080736194754,21.3,On-Time,On-Time,On-Time,On-Time,On-Time
LA-3097,Madhya Pradesh,Indore,Metro,226.31,414,Pending,No,Notification,61.6,High,68.24557229268747,45.8,On-Time,On-Time,Delayed,On-Time,On-Time
LA-3098,Madhya Pradesh,Indore,Railway,137.9,277,Paid,No,Compensation,59.5,High,78.63174994670199,21.1,Delayed,On-Time,On-Time,On-Time,On-Time
LA-3099,Tamil Nadu,Madurai,Airport,50.59,127,Paid,No,Approval,73.8,Medium,65.47756338628311,22.6,On-Time,On-Time,Delayed,On-Time,Delayed
LA-3100,Gujarat,Surat,Metro,229.9,472,Partially Paid,No,Possession,81.0,High,65.03692678194547,13.0,On-Time,On-Time,On-Time,On-Time,On-Time
LA-3101,Bihar,Bhagalpur,Airport,65.11,77,Pending,No,Notification,54.6,Medium,31.52668669415951,43.4,On-Time,On-Time,Delayed,On-Time,On-Time
LA-3102,Rajasthan,Jaipur,Irrigation,65.14,70,Paid,Yes,Notification,78.3,High,84.86067221243208,20.6,On-Time,On-Time,On-Time,On-Time,On-Time
LA-3103,Uttar Pradesh,Kanpur,Airport,25.52,20,Paid,No,Compensation,75.2,Medium,62.48199407028331,15.7,On-Time,On-Time,On-Time,On-Time,On-Time
LA-3104,Karnataka,Mangaluru,Railway,32.16,112,Paid,Yes,Compensation,32.1,Medium,68.8796175380349,36.6,Delayed,Delayed,Delayed,Delayed,On-Time
LA-3105,Tamil Nadu,Coimbatore,Power Project,159.12,161,Paid,Yes,Notification,53.9,Low,68.84419440937157,12.2,Delayed,On-Time,On-Time,On-Time,On-Time
LA-3106,Maharashtra,Nashik,Power Project,76.27,143,Paid,No,Compensation,44.5,High,53.46157102291872,24.3,On-Time,On-Time,Delayed,On-Time,Delayed
LA-3107,Bihar,Patna,Irrigation,82.49,84,Partially Paid,No,Approval,78.8,High,61.3413838631165,23.4,On-Time,On-Time,On-Time,Delayed,On-Time
LA-3108,Bihar,Patna,Power Project,191.24,235,Pending,No,Possession,71.9,High,53.34360269796245,43.5,Delayed,Delayed,Delayed,On-Time,Delayed
LA-3109,Maharashtra,Mumbai,Industrial Corridor,118.92,163,Partially Paid,No,Notification,52.6,High,85.74994622822528,21.6,On-Time,On-Time,Delayed,On-Time,On-Time
LA-3110,West Bengal,Durgapur,Highway,32.41,121,Paid,No,Possession,97.9,Medium,31.642204064431468,41.0,Delayed,Delayed,On-Time,On-Time,On-Time
LA-3111,Uttar Pradesh,Agra,Industrial Corridor,179.72,268,Pending,No,Compensation,30.7,High,50.70014814895181,27.8,On-Time,On-Time,On-Time,On-Time,On-Time
LA-3112,Uttar Pradesh,Kanpur,Metro,163.52,305,Partially Paid,No,Notification,50.2,High,60.168952627195324,18.5,On-Time,On-Time,On-Time,On-Time,Delayed
LA-3113,Uttar Pradesh,Prayagraj,Industrial Corridor,76.44,130,Paid,No,Notification,77.8,Low,87.46243573870179,60.0,Delayed,On-Time,On-Time,On-Time,On-Time
LA-3114,Bihar,Bhagalpur,Metro,27.4,24,Paid,No,Compensation,70.7,Medium,75.61724480957227,24.0,On-Time,On-Time,On-Time,On-Time,Delayed
LA-3115,Karnataka,Mysuru,Metro,109.17,157,Pending,Yes,Approval,84.6,High,40.42939569585669,42.1,On-Time,Delayed,On-Time,Delayed,Delayed
LA-3116,Uttar Pradesh,Varanasi,Highway,38.26,95,Partially Paid,No,Approval,48.7,High,63.26735853312259,19.3,On-Time,On-Time,On-Time,On-Time,On-Time
LA-3117,Gujarat,Surat,Railway,69.45,134,Partially Paid,No,Approval,77.7,High,75.81996512392625,2.3,On-Time,On-Time,On-Time,On-Time,On-Time
LA-3118,Madhya Pradesh,Indore,Irrigation,73.25,165,Paid,No,Compensation,17.2,Medium,95.0,30.2,On-Time,Delayed,On-Time,On-Time,On-Time
LA-3119,Uttar Pradesh,Lucknow,Highway,40.97,40,Pending,No,Compensation,36.2,Medium,59.903782067287864,6.4,Delayed,On-Time,Delayed,Delayed,Delayed
LA-3120,Bihar,Gaya,Irrigation,196.85,231,Paid,No,Notification,84.6,Medium,47.23342898295369,20.4,Delayed,On-Time,On-Time,On-Time,Delayed
LA-3121,Tamil Nadu,Madurai,Power Project,50.1,116,Pending,No,Compensation,33.2,High,69.83552403544145,21.0,On-Time,Delayed,Delayed,On-Time,On-Time
LA-3122,Rajasthan,Jodhpur,Power Project,188.91,306,Partially Paid,No,Possession,30.2,Medium,64.35071592680586,5.1,On-Time,On-Time,Delayed,On-Time,On-Time
LA-3123,West Bengal,Kolkata,Industrial Corridor,91.3,214,Paid,Yes,Notification,49.5,High,71.94963006782922,23.0,On-Time,On-Time,Delayed,On-Time,Delayed
LA-3124,Gujarat,Surat,Metro,24.33,13,Paid,No,Possession,24.2,Medium,75.35712402256,19.9,Delayed,On-Time,On-Time,On-Time,On-Time
LA-3125,West Bengal,Kolkata,Airport,77.33,186,Paid,No,Compensation,79.2,Low,69.79897538206748,18.3,Delayed,Delayed,On-Time,On-Time,On-Time
LA-3126,Karnataka,Bengaluru,Airport,195.19,307,Paid,No,Possession,74.2,High,72.92295085500969,15.7,On-Time,On-Time,On-Time,On-Time,On-Time
LA-3127,Madhya Pradesh,Indore,Irrigation,75.16,159,Paid,No,Notification,68.7,High,89.5352747954251,19.8,On-Time,On-Time,On-Time,On-Time,On-Time
LA-3128,Uttar Pradesh,Agra,Metro,48.29,98,Partially Paid,No,Possession,94.7,Low,60.63412354568901,30.6,Delayed,On-Time,On-Time,On-Time,Delayed
LA-3129,Bihar,Patna,Irrigation,158.75,239,Partially Paid,Yes,Compensation,77.2,High,46.63353646686814,53.8,Delayed,On-Time,On-Time,Delayed,Delayed
LA-3130,Gujarat,Vadodara,Highway,44.01,88,Partially Paid,No,Compensation,51.7,High,69.7096362572621,28.1,On-Time,On-Time,On-Time,On-Time,On-Time
LA-3131,Uttar Pradesh,Prayagraj,Railway,67.78,167,Partially Paid,No,Compensation,44.2,Medium,45.780004547213295,34.8,On-Time,Delayed,On-Time,On-Time,Delayed
LA-3132,Delhi,North Delhi,Highway,80.96,149,Pending,No,Notification,40.3,Medium,48.17612370897827,11.3,On-Time,On-Time,On-Time,On-Time,On-Time
LA-3133,Madhya Pradesh,Indore,Metro,68.5,106,Pending,No,Possession,40.2,Low,52.66849716727977,59.7,On-Time,On-Time,Delayed,Delayed,Delayed
LA-3134,Rajasthan,Kota,Metro,88.32,204,Paid,No,Compensation,29.5,High,46.238889486874214,8.0,On-Time,On-Time,On-Time,On-Time,Delayed
LA-3135,Karnataka,Mangaluru,Railway,73.93,69,Partially Paid,Yes,Notification,93.6,High,82.52847563013238,39.2,Delayed,On-Time,Delayed,On-Time,On-Time
LA-3136,Bihar,Patna,Irrigation,40.17,82,Paid,Yes,Notification,92.4,High,65.73366647026207,8.8,On-Time,On-Time,On-Time,Delayed,On-Time
LA-3137,Delhi,New Delhi,Industrial Corridor,63.56,148,Paid,No,Notification,62.7,Medium,75.60183255790935,3.2,On-Time,On-Time,On-Time,On-Time,On-Time
LA-3138,Karnataka,Mangaluru,Industrial Corridor,119.6,189,Partially Paid,No,Compensation,85.4,High,72.65396577387986,6.2,On-Time,On-Time,On-Time,Delayed,Delayed
LA-3139,Uttar Pradesh,Prayagraj,Railway,186.74,279,Paid,Yes,Compensation,15.7,Medium,61.850742023266385,60.0,Delayed,On-Time,On-Time,On-Time,Delayed
LA-3140,Bihar,Bhagalpur,Industrial Corridor,30.05,63,Pending,Yes,Compensation,93.4,High,79.40755782615186,17.1,On-Time,On-Time,Delayed,Delayed,Delayed
LA-3141,Tamil Nadu,Coimbatore,Airport,35.2,138,Paid,Yes,Approval,26.5,High,57.76147986933384,29.0,On-Time,On-Time,On-Time,Delayed,On-Time
LA-3142,Rajasthan,Udaipur,Industrial Corridor,132.16,269,Paid,No,Compensation,71.8,High,62.48055888010309,18.8,Delayed,On-Time,On-Time,On-Time,On-Time
LA-3143,Karnataka,Bengaluru,Industrial Corridor,244.21,456,Pending,No,Compensation,77.2,Low,54.382382213671335,9.8,On-Time,Delayed,On-Time,Delayed,Delayed
LA-3144,Maharashtra,Nashik,Industrial Corridor,53.27,92,Paid,No,Notification,84.7,Low,86.00458711061418,34.6,On-Time,On-Time,On-Time,On-Time,On-Time
LA-3145,Rajasthan,Kota,Airport,38.85,98,Paid,No,Approval,82.8,Low,63.392971875803944,26.1,On-Time,Delayed,On-Time,On-Time,On-Time
LA-3146,Tamil Nadu,Coimbatore,Irrigation,174.61,316,Paid,No,Notification,39.1,High,73.97041610495943,17.6,On-Time,Delayed,On-Time,On-Time,On-Time
LA-3147,Rajasthan,Jodhpur,Industrial Corridor,170.05,299,Pending,No,Possession,72.6,High,56.2780753555166,19.9,On-Time,Delayed,Delayed,On-Time,Delayed
LA-3148,Gujarat,Rajkot,Power Project,9.89,59,Paid,Yes,Compensation,81.4,High,77.70529365718184,10.8,On-Time,On-Time,On-Time,On-Time,Delayed
LA-3149,Rajasthan,Jaipur,Airport,16.9,87,Partially Paid,No,Possession,69.4,Medium,76.59204635147414,38.9,On-Time,On-Time,On-Time,On-Time,Delayed
LA-3150,Tamil Nadu,Madurai,Railway,34.42,109,Pending,No,Approval,63.4,High,40.61780474557479,17.2,On-Time,On-Time,On-Time,Delayed,On-Time
LA-3151,Maharashtra,Pune,Highway,135.68,215,Partially Paid,Yes,Possession,22.8,High,65.06187640574271,26.9,Delayed,Delayed,Delayed,Delayed,Delayed
LA-3152,Uttar Pradesh,Lucknow,Railway,82.28,203,Pending,No,Compensation,37.9,High,66.75350799944464,12.3,Delayed,Delayed,On-Time,On-Time,On-Time
LA-3153,Karnataka,Bengaluru,Highway,99.18,222,Paid,No,Compensation,47.5,Medium,60.504179080834824,6.1,On-Time,On-Time,On-Time,On-Time,On-Time
LA-3154,Tamil Nadu,Madurai,Railway,208.92,259,Pending,Yes,Approval,46.4,High,85.77065501420644,26.0,On-Time,On-Time,Delayed,Delayed,Delayed
LA-3155,Uttar Pradesh,Prayagraj,Power Project,49.08,87,Pending,Yes,Compensation,53.7,High,46.74129316361433,25.1,Delayed,On-Time,On-Time,Delayed,Delayed
LA-3156,Maharashtra,Nagpur,Highway,106.75,118,Paid,No,Possession,41.2,High,58.275759703817386,22.8,Delayed,On-Time,On-Time,Delayed,On-Time
LA-3157,Uttar Pradesh,Varanasi,Highway,138.52,186,Paid,No,Approval,66.0,High,52.25993227902237,30.9,On-Time,On-Time,On-Time,On-Time,Delayed
LA-3158,Maharashtra,Pune,Metro,58.92,122,Pending,No,Notification,89.4,Medium,80.4488221551825,16.4,On-Time,On-Time,Delayed,On-Time,On-Time
LA-3159,Rajasthan,Udaipur,Highway,37.46,90,Partially Paid,Yes,Compensation,5.9,Medium,49.570791188519486,16.7,On-Time,Delayed,Delayed,Delayed,Delayed
LA-3160,Karnataka,Hubballi,Highway,168.1,237,Partially Paid,No,Possession,50.7,High,37.51126601453302,57.9,On-Time,On-Time,On-Time,Delayed,Delayed
LA-3161,Karnataka,Hubballi,Metro,103.49,164,Pending,No,Compensation,41.8,Medium,71.47077677600784,13.6,On-Time,Delayed,Delayed,On-Time,On-Time
LA-3162,Madhya Pradesh,Gwalior,Industrial Corridor,23.53,83,Partially Paid,No,Approval,72.3,High,62.91242305971349,18.4,On-Time,Delayed,Delayed,On-Time,On-Time
LA-3163,Gujarat,Rajkot,Industrial Corridor,209.0,295,Paid,No,Approval,75.8,High,80.60524431009857,39.0,On-Time,On-Time,Delayed,On-Time,On-Time
LA-3164,Bihar,Gaya,Metro,113.9,200,Paid,No,Approval,89.3,Medium,77.18515093580652,32.8,On-Time,On-Time,On-Time,Delayed,On-Time
LA-3165,Rajasthan,Jaipur,Airport,146.53,314,Partially Paid,Yes,Possession,50.2,Low,64.36275261696753,20.8,On-Time,Delayed,On-Time,Delayed,Delayed
LA-3166,West Bengal,Howrah,Highway,91.54,133,Paid,Yes,Possession,54.4,Medium,43.35232596299643,18.9,Delayed,Delayed,On-Time,On-Time,Delayed
LA-3167,Madhya Pradesh,Jabalpur,Highway,46.68,159,Paid,Yes,Compensation,61.8,High,47.02846521808364,15.1,Delayed,Delayed,On-Time,On-Time,Delayed
LA-3168,Uttar Pradesh,Varanasi,Metro,96.83,78,Pending,Yes,Approval,30.6,Medium,38.402136317303565,31.4,On-Time,Delayed,Delayed,Delayed,Delayed
LA-3169,Karnataka,Bengaluru,Metro,182.75,192,Paid,Yes,Possession,45.6,High,62.92607759074201,27.6,On-Time,Delayed,On-Time,Delayed,Delayed
LA-3170,Maharashtra,Nagpur,Airport,68.15,69,Paid,No,Compensation,78.8,Medium,55.11945941293409,10.4,On-Time,On-Time,On-Time,On-Time,On-Time
LA-3171,Karnataka,Hubballi,Power Project,37.59,71,Pending,No,Possession,77.1,High,62.289208765911944,31.1,Delayed,On-Time,On-Time,On-Time,On-Time
LA-3172,Delhi,South Delhi,Industrial Corridor,362.94,613,Partially Paid,No,Compensation,86.3,Medium,67.60346263258454,31.6,On-Time,On-Time,On-Time,On-Time,Delayed
LA-3173,Uttar Pradesh,Kanpur,Railway,95.19,87,Paid,No,Possession,90.4,High,93.4745106554345,23.2,Delayed,On-Time,On-Time,On-Time,On-Time
LA-3174,Bihar,Muzaffarpur,Power Project,96.0,190,Pending,Yes,Possession,73.8,Medium,73.71301039132639,21.0,On-Time,Delayed,Delayed,On-Time,Delayed
LA-3175,Uttar Pradesh,Varanasi,Irrigation,70.76,80,Partially Paid,No,Approval,72.0,Medium,66.07005672542579,60.0,On-Time,On-Time,On-Time,On-Time,On-Time
LA-3176,Bihar,Patna,Industrial Corridor,105.9,212,Paid,Yes,Possession,21.9,High,41.52804828687991,20.7,On-Time,On-Time,On-Time,On-Time,On-Time
LA-3177,Maharashtra,Mumbai,Highway,146.35,300,Paid,No,Notification,26.1,Low,65.39317319452392,17.8,On-Time,Delayed,On-Time,On-Time,On-Time
LA-3178,Madhya Pradesh,Gwalior,Irrigation,126.4,132,Paid,No,Possession,73.4,Medium,78.22762237691997,28.8,On-Time,On-Time,On-Time,Delayed,On-Time
LA-3179,Karnataka,Mangaluru,Power Project,171.02,302,Pending,No,Possession,82.2,High,70.8625896228411,15.4,On-Time,On-Time,On-Time,On-Time,Delayed
LA-3180,Rajasthan,Jodhpur,Metro,96.69,158,Partially Paid,Yes,Approval,51.6,High,49.2820849152592,23.5,On-Time,On-Time,On-Time,On-Time,Delayed
LA-3181,Maharashtra,Pune,Airport,68.17,188,Partially Paid,No,Compensation,62.0,Medium,59.35325680638826,29.8,On-Time,Delayed,Delayed,Delayed,On-Time
LA-3182,Uttar Pradesh,Lucknow,Industrial Corridor,173.15,203,Pending,Yes,Compensation,78.8,High,66.10059397002003,58.4,Delayed,Delayed,Delayed,Delayed,Delayed
LA-3183,Delhi,North Delhi,Airport,194.54,281,Paid,No,Possession,28.4,Low,58.87830731466587,24.0,Delayed,Delayed,On-Time,On-Time,Delayed
LA-3184,Maharashtra,Nagpur,Irrigation,67.3,156,Paid,No,Possession,38.3,High,55.74341103693242,31.2,On-Time,On-Time,On-Time,On-Time,Delayed
LA-3185,Karnataka,Mysuru,Industrial Corridor,38.24,99,Paid,No,Compensation,59.3,High,32.79197310415312,16.8,On-Time,Delayed,Delayed,On-Time,On-Time
LA-3186,West Bengal,Siliguri,Power Project,83.34,138,Paid,Yes,Possession,48.5,Low,53.477281529955754,34.6,Delayed,Delayed,Delayed,Delayed,Delayed
LA-3187,Bihar,Bhagalpur,Highway,42.01,108,Partially Paid,No,Approval,51.7,Low,68.76713529975052,36.6,Delayed,On-Time,On-Time,Delayed,On-Time
LA-3188,Tamil Nadu,Coimbatore,Railway,77.1,165,Partially Paid,No,Approval,61.7,High,78.12673934816732,35.6,On-Time,Delayed,Delayed,On-Time,On-Time
LA-3189,Tamil Nadu,Salem,Airport,111.9,67,Paid,Yes,Approval,77.2,Medium,66.14238515369375,22.1,Delayed,On-Time,On-Time,On-Time,On-Time
LA-3190,Karnataka,Mysuru,Airport,37.24,56,Paid,No,Compensation,43.1,High,80.89173259139025,23.9,On-Time,On-Time,On-Time,On-Time,On-Time
LA-3191,Maharashtra,Pune,Railway,81.44,121,Paid,No,Notification,37.8,Medium,63.821459787668104,23.4,On-Time,On-Time,On-Time,On-Time,On-Time
LA-3192,Bihar,Patna,Airport,86.08,115,Pending,No,Compensation,82.9,Low,51.83408997015647,10.6,On-Time,On-Time,On-Time,On-Time,On-Time
LA-3193,Karnataka,Hubballi,Airport,151.42,333,Partially Paid,Yes,Approval,35.7,High,57.889861131451525,29.5,On-Time,On-Time,Delayed,Delayed,Delayed
LA-3194,Madhya Pradesh,Gwalior,Industrial Corridor,199.65,394,Partially Paid,Yes,Possession,73.7,High,72.48520538169686,10.0,Delayed,On-Time,On-Time,On-Time,Delayed
LA-3195,Uttar Pradesh,Prayagraj,Industrial Corridor,66.69,139,Paid,No,Notification,83.7,High,60.97878336671753,24.7,On-Time,On-Time,On-Time,On-Time,On-Time
LA-3196,Gujarat,Ahmedabad,Railway,275.95,317,Paid,Yes,Compensation,87.1,High,55.362539677110895,22.0,On-Time,Delayed,Delayed,Delayed,Delayed
LA-3197,Rajasthan,Kota,Irrigation,134.98,259,Paid,Yes,Compensation,63.6,High,41.636916427755764,41.5,Delayed,Delayed,Delayed,On-Time,On-Time
LA-3198,Bihar,Gaya,Highway,62.37,191,Pending,No,Possession,77.3,Low,51.602363285111565,21.1,On-Time,On-Time,Delayed,On-Time,Delayed
LA-3199,Rajasthan,Jodhpur,Power Project,65.71,106,Pending,No,Compensation,38.8,High,59.04380839685774,51.1,On-Time,Delayed,Delayed,On-Time,On-Time
LA-3200,Gujarat,Vadodara,Power Project,60.85,193,Partially Paid,No,Possession,52.8,Medium,56.28040397069431,19.4,On-Time,On-Time,On-Time,Delayed,Delayed
LA-3201,West Bengal,Howrah,Irrigation,57.77,57,Partially Paid,No,Possession,54.2,Medium,50.38101041668944,10.2,On-Time,Delayed,Delayed,On-Time,On-Time
LA-3202,Uttar Pradesh,Prayagraj,Airport,181.48,127,Partially Paid,No,Compensation,47.1,Medium,88.36065498146365,4.8,On-Time,Delayed,On-Time,On-Time,On-Time
LA-3203,Gujarat,Surat,Highway,143.99,304,Paid,No,Approval,51.3,High,74.00601423936658,53.3,On-Time,On-Time,On-Time,On-Time,On-Time
LA-3204,Delhi,North Delhi,Railway,70.72,147,Paid,No,Possession,68.8,High,95.0,9.1,On-Time,On-Time,On-Time,On-Time,On-Time
LA-3205,Karnataka,Mangaluru,Irrigation,49.35,95,Partially Paid,Yes,Compensation,18.4,Medium,40.92189323184405,22.4,Delayed,Delayed,Delayed,On-Time,Delayed
LA-3206,Bihar,Bhagalpur,Railway,167.98,354,Paid,Yes,Approval,70.5,High,69.69715588306532,11.6,Delayed,On-Time,On-Time,Delayed,On-Time
LA-3207,Maharashtra,Nagpur,Industrial Corridor,94.24,63,Paid,Yes,Compensation,29.4,Medium,58.4808663641851,35.9,On-Time,On-Time,On-Time,On-Time,Delayed
LA-3208,Bihar,Patna,Airport,32.4,5,Partially Paid,No,Possession,82.3,High,65.29479502772811,20.0,On-Time,Delayed,Delayed,On-Time,On-Time
LA-3209,Maharashtra,Pune,Metro,9.18,50,Pending,No,Possession,45.9,Medium,92.76160469018023,2.1,Delayed,On-Time,On-Time,On-Time,On-Time
LA-3210,Bihar,Muzaffarpur,Railway,72.49,118,Pending,Yes,Possession,41.4,Medium,38.90760700322623,52.7,Delayed,On-Time,Delayed,Delayed,Delayed
LA-3211,Tamil Nadu,Coimbatore,Irrigation,100.63,241,Paid,No,Approval,55.8,Medium,56.409287546521995,13.3,On-Time,Delayed,On-Time,Delayed,On-Time
LA-3212,Tamil Nadu,Chennai,Airport,117.45,229,Paid,Yes,Approval,48.0,High,53.77806682090316,22.8,On-Time,Delayed,On-Time,Delayed,On-Time
LA-3213,Delhi,North Delhi,Highway,209.25,240,Partially Paid,No,Notification,33.0,High,56.44934011374485,21.8,On-Time,On-Time,On-Time,On-Time,On-Time
LA-3214,West Bengal,Kolkata,Irrigation,20.83,98,Pending,No,Approval,77.9,Low,33.33978728617379,9.2,Delayed,Delayed,On-Time,On-Time,On-Time
LA-3215,Karnataka,Mysuru,Industrial Corridor,94.93,182,Pending,No,Possession,61.8,High,84.2805524155659,38.1,On-Time,On-Time,On-Time,On-Time,On-Time
LA-3216,Maharashtra,Mumbai,Power Project,81.88,167,Pending,Yes,Approval,39.2,High,84.8764408415723,9.4,On-Time,Delayed,Delayed,Delayed,Delayed
LA-3217,Tamil Nadu,Coimbatore,Highway,38.48,125,Partially Paid,No,Compensation,24.8,Medium,73.72821949364061,53.0,Delayed,Delayed,Delayed,On-Time,On-Time
LA-3218,Maharashtra,Aurangabad,Railway,154.78,299,Paid,Yes,Compensation,27.5,Low,44.92435197746347,23.8,Delayed,On-Time,On-Time,On-Time,Delayed
LA-3219,Bihar,Bhagalpur,Railway,70.58,128,Paid,No,Possession,40.6,High,69.16461991301635,19.1,On-Time,On-Time,Delayed,On-Time,On-Time
LA-3220,Uttar Pradesh,Kanpur,Highway,81.18,82,Paid,No,Notification,47.8,Medium,77.98977999443294,21.9,On-Time,Delayed,On-Time,On-Time,On-Time
LA-3221,Karnataka,Hubballi,Railway,46.14,11,Partially Paid,No,Approval,75.3,Medium,70.82573265357792,17.7,Delayed,On-Time,Delayed,Delayed,On-Time
LA-3222,Rajasthan,Jaipur,Irrigation,92.91,179,Paid,No,Approval,55.5,High,64.25958999935233,27.6,On-Time,Delayed,On-Time,On-Time,On-Time
LA-3223,Uttar Pradesh,Prayagraj,Airport,121.56,148,Partially Paid,No,Approval,95.1,Medium,86.15870598159836,9.7,On-Time,Delayed,Delayed,On-Time,On-Time
LA-3224,Maharashtra,Nashik,Railway,92.23,148,Partially Paid,No,Possession,27.3,Low,54.36290185048557,55.6,Delayed,Delayed,On-Time,Delayed,Delayed
LA-3225,Delhi,South Delhi,Industrial Corridor,60.06,140,Paid,No,Possession,53.2,Low,62.467517027307196,21.5,Delayed,Delayed,On-Time,On-Time,On-Time
LA-3226,Rajasthan,Jaipur,Airport,128.39,165,Pending,Yes,Compensation,10.6,High,74.38400494336962,22.8,On-Time,Delayed,Delayed,Delayed,Delayed
LA-3227,Maharashtra,Mumbai,Irrigation,130.82,75,Partially Paid,No,Possession,40.3,Medium,69.76761436287356,17.1,On-Time,Delayed,On-Time,On-Time,On-Time
LA-3228,Madhya Pradesh,Gwalior,Metro,119.34,227,Pending,No,Approval,30.2,High,73.39946360413725,28.7,On-Time,On-Time,On-Time,On-Time,On-Time
LA-3229,Maharashtra,Aurangabad,Railway,152.49,294,Pending,No,Possession,56.9,High,73.00304958950065,29.4,On-Time,On-Time,On-Time,Delayed,On-Time
LA-3230,Maharashtra,Pune,Railway,61.16,96,Paid,Yes,Approval,55.8,Medium,72.87299915793,30.9,Delayed,On-Time,Delayed,On-Time,On-Time
LA-3231,Karnataka,Mangaluru,Industrial Corridor,54.62,83,Paid,Yes,Possession,33.1,High,59.527723914814516,9.9,On-Time,On-Time,On-Time,On-Time,On-Time
LA-3232,Delhi,South Delhi,Irrigation,47.84,82,Paid,No,Compensation,77.3,High,54.53741693533571,7.7,On-Time,Delayed,On-Time,On-Time,On-Time
LA-3233,Bihar,Patna,Industrial Corridor,35.19,54,Pending,Yes,Notification,66.1,High,67.05708179566379,40.8,On-Time,On-Time,Delayed,Delayed,On-Time
LA-3234,Bihar,Bhagalpur,Power Project,54.24,19,Partially Paid,No,Approval,78.5,High,87.66783060652159,47.8,On-Time,Delayed,On-Time,On-Time,On-Time
LA-3235,Karnataka,Mysuru,Irrigation,58.46,138,Pending,No,Approval,83.0,Medium,64.62708946584257,10.7,On-Time,On-Time,On-Time,Delayed,On-Time
LA-3236,Madhya Pradesh,Indore,Highway,48.08,75,Paid,No,Compensation,57.5,High,73.99097616389328,13.5,On-Time,On-Time,On-Time,On-Time,On-Time
LA-3237,Bihar,Muzaffarpur,Highway,80.55,164,Partially Paid,No,Notification,59.0,Medium,66.68655989168269,7.2,On-Time,On-Time,Delayed,On-Time,On-Time
LA-3238,Uttar Pradesh,Kanpur,Highway,26.92,78,Pending,No,Compensation,34.7,High,95.0,26.6,On-Time,On-Time,On-Time,On-Time,On-Time
LA-3239,Delhi,North Delhi,Industrial Corridor,152.46,259,Partially Paid,No,Compensation,75.4,Medium,62.931259384107435,16.5,Delayed,On-Time,Delayed,On-Time,Delayed
LA-3240,Maharashtra,Nashik,Highway,75.83,130,Paid,No,Compensation,69.9,Low,74.04255478916762,9.0,Delayed,On-Time,On-Time,On-Time,On-Time
LA-3241,Tamil Nadu,Coimbatore,Irrigation,100.07,101,Partially Paid,No,Possession,49.1,High,54.21666520682781,5.5,On-Time,On-Time,Delayed,Delayed,On-Time
LA-3242,Delhi,New Delhi,Highway,37.03,84,Paid,No,Notification,83.7,Medium,48.193400448129005,13.7,On-Time,On-Time,Delayed,On-Time,On-Time
LA-3243,Madhya Pradesh,Indore,Metro,83.31,113,Paid,No,Compensation,66.6,Medium,64.8964740860127,19.0,On-Time,Delayed,On-Time,On-Time,On-Time
LA-3244,West Bengal,Kolkata,Highway,117.04,290,Paid,No,Possession,71.9,Medium,82.71646890807617,7.1,On-Time,On-Time,On-Time,On-Time,On-Time
LA-3245,Bihar,Bhagalpur,Railway,93.24,120,Paid,No,Compensation,84.5,High,74.50383411691323,10.5,On-Time,On-Time,On-Time,On-Time,On-Time
LA-3246,Rajasthan,Kota,Power Project,167.33,281,Pending,Yes,Compensation,73.3,Medium,33.703993495544125,50.9,Delayed,Delayed,Delayed,Delayed,Delayed
LA-3247,Delhi,South Delhi,Industrial Corridor,103.41,202,Paid,No,Compensation,91.4,High,75.99288923820257,7.4,On-Time,On-Time,On-Time,On-Time,On-Time
LA-3248,Bihar,Gaya,Airport,25.86,79,Partially Paid,Yes,Approval,43.4,High,42.02974395780795,14.7,On-Time,On-Time,Delayed,On-Time,On-Time
LA-3249,Madhya Pradesh,Gwalior,Power Project,61.08,130,Paid,No,Compensation,37.2,Medium,77.59988249555579,14.3,On-Time,On-Time,On-Time,On-Time,On-Time
LA-3250,Uttar Pradesh,Varanasi,Metro,34.03,153,Paid,No,Possession,84.2,High,73.1661459628642,35.4,On-Time,On-Time,On-Time,On-Time,On-Time
LA-3251,Uttar Pradesh,Kanpur,Industrial Corridor,147.17,328,Paid,No,Notification,83.3,Medium,62.75291831237242,3.2,On-Time,On-Time,On-Time,On-Time,On-Time
LA-3252,Bihar,Gaya,Irrigation,82.76,185,Paid,No,Possession,57.0,Medium,75.90878909588102,33.7,On-Time,Delayed,On-Time,On-Time,On-Time
LA-3253,Karnataka,Mangaluru,Industrial Corridor,173.71,287,Paid,No,Approval,62.3,Medium,61.038005037336944,60.0,On-Time,On-Time,Delayed,On-Time,On-Time
LA-3254,Tamil Nadu,Chennai,Railway,27.27,87,Partially Paid,No,Compensation,93.1,High,67.24045544226993,22.2,On-Time,On-Time,On-Time,On-Time,On-Time
LA-3255,Bihar,Gaya,Irrigation,63.08,86,Pending,Yes,Possession,21.1,Low,43.426543802942795,35.1,Delayed,Delayed,On-Time,Delayed,Delayed
LA-3256,Madhya Pradesh,Bhopal,Power Project,104.49,165,Paid,No,Possession,33.1,Medium,61.157010795032036,41.7,On-Time,On-Time,On-Time,On-Time,On-Time
LA-3257,Rajasthan,Udaipur,Power Project,53.01,80,Paid,No,Possession,34.6,High,78.85793856738694,21.1,Delayed,On-Time,On-Time,On-Time,On-Time
LA-3258,Gujarat,Surat,Highway,26.8,82,Paid,No,Possession,59.8,High,45.032610222610394,12.9,On-Time,On-Time,On-Time,On-Time,On-Time
LA-3259,Maharashtra,Pune,Irrigation,197.11,350,Pending,Yes,Approval,58.9,Medium,77.27935525235725,19.8,Delayed,Delayed,Delayed,Delayed,Delayed
LA-3260,Gujarat,Rajkot,Railway,153.22,255,Partially Paid,No,Compensation,75.4,Low,34.719204150812025,29.9,Delayed,On-Time,On-Time,Delayed,On-Time
LA-3261,Tamil Nadu,Madurai,Highway,53.0,159,Pending,No,Approval,77.4,Medium,47.15606243254835,14.2,On-Time,On-Time,Delayed,On-Time,Delayed
LA-3262,Madhya Pradesh,Indore,Highway,89.47,186,Paid,No,Approval,89.4,Medium,60.278197200716086,1.8,On-Time,Delayed,On-Time,On-Time,On-Time
LA-3263,Bihar,Gaya,Industrial Corridor,36.03,104,Paid,No,Approval,92.8,High,67.30377500051944,10.5,Delayed,Delayed,On-Time,On-Time,On-Time
LA-3264,Gujarat,Ahmedabad,Power Project,58.07,133,Paid,No,Compensation,63.5,High,56.40930980253046,24.3,On-Time,Delayed,On-Time,Delayed,On-Time
LA-3265,Madhya Pradesh,Gwalior,Highway,25.61,63,Pending,No,Compensation,95.2,High,55.99989292318027,23.6,On-Time,On-Time,On-Time,Delayed,Delayed
LA-3266,Madhya Pradesh,Bhopal,Metro,268.8,475,Paid,No,Possession,84.9,Medium,81.60740569153495,10.0,Delayed,On-Time,Delayed,On-Time,On-Time
LA-3267,Madhya Pradesh,Bhopal,Metro,89.81,124,Partially Paid,No,Compensation,74.3,High,82.83035262593822,14.7,On-Time,On-Time,On-Time,On-Time,On-Time
LA-3268,Karnataka,Hubballi,Power Project,60.56,109,Partially Paid,No,Notification,54.4,High,58.63407152285733,5.4,On-Time,On-Time,On-Time,On-Time,On-Time
LA-3269,Maharashtra,Nagpur,Metro,19.99,10,Partially Paid,No,Compensation,77.1,High,59.088314374262985,18.4,Delayed,On-Time,On-Time,On-Time,On-Time
LA-3270,Rajasthan,Udaipur,Industrial Corridor,67.8,166,Paid,No,Approval,25.0,Low,60.69418548323123,15.3,Delayed,On-Time,On-Time,On-Time,On-Time
LA-3271,Uttar Pradesh,Varanasi,Railway,60.6,154,Partially Paid,Yes,Compensation,56.9,Medium,95.0,16.7,On-Time,Delayed,Delayed,Delayed,On-Time
LA-3272,Gujarat,Rajkot,Airport,46.21,80,Paid,No,Possession,66.9,High,65.25443224332498,60.0,On-Time,On-Time,On-Time,Delayed,On-Time
LA-3273,Rajasthan,Udaipur,Highway,62.46,105,Pending,No,Compensation,75.3,Low,88.56524984672595,22.3,On-Time,On-Time,On-Time,Delayed,Delayed
LA-3274,Karnataka,Hubballi,Airport,30.33,86,Paid,No,Possession,61.5,High,75.98025897345563,7.6,On-Time,On-Time,On-Time,On-Time,On-Time
LA-3275,West Bengal,Durgapur,Railway,164.61,297,Paid,No,Compensation,66.8,High,63.427021534084616,26.1,On-Time,Delayed,On-Time,On-Time,On-Time
LA-3276,Madhya Pradesh,Bhopal,Railway,151.58,313,Paid,No,Compensation,80.4,High,55.289185143701246,16.9,On-Time,On-Time,On-Time,On-Time,Delayed
LA-3277,Karnataka,Bengaluru,Industrial Corridor,183.63,269,Pending,No,Possession,17.0,High,76.68784582116359,12.0,On-Time,Delayed,Delayed,On-Time,On-Time
LA-3278,Rajasthan,Jodhpur,Metro,17.77,82,Paid,Yes,Notification,71.0,High,53.20804045726089,19.5,Delayed,On-Time,On-Time,On-Time,Delayed
LA-3279,Madhya Pradesh,Bhopal,Metro,258.65,294,Paid,Yes,Notification,40.6,Medium,59.202304321791296,46.3,Delayed,On-Time,On-Time,On-Time,Delayed
LA-3280,Delhi,North Delhi,Railway,76.52,107,Paid,No,Notification,54.9,Medium,74.88262976557223,5.4,On-Time,On-Time,On-Time,On-Time,On-Time
LA-3281,Maharashtra,Aurangabad,Industrial Corridor,25.69,5,Paid,No,Approval,42.0,Medium,61.391230723089095,3.0,On-Time,On-Time,On-Time,On-Time,Delayed
LA-3282,Gujarat,Vadodara,Industrial Corridor,32.75,99,Partially Paid,No,Approval,65.7,Medium,59.075708779061436,12.5,On-Time,Delayed,On-Time,On-Time,On-Time
LA-3283,Rajasthan,Jaipur,Power Project,79.78,120,Paid,No,Possession,51.1,Medium,60.38083915512437,18.0,On-Time,On-Time,On-Time,On-Time,On-Time
LA-3284,Delhi,North Delhi,Irrigation,106.69,187,Partially Paid,No,Compensation,22.8,High,54.699454925152345,16.2,On-Time,On-Time,On-Time,On-Time,On-Time
LA-3285,Uttar Pradesh,Prayagraj,Highway,53.16,121,Pending,Yes,Compensation,63.2,Medium,71.7419697796172,15.7,On-Time,On-Time,On-Time,On-Time,On-Time
LA-3286,Maharashtra,Nagpur,Irrigation,57.53,124,Pending,Yes,Approval,70.9,Medium,65.54368590984892,12.7,Delayed,On-Time,Delayed,On-Time,Delayed
LA-3287,West Bengal,Howrah,Metro,50.76,103,Paid,No,Approval,64.1,Low,44.65741908207549,37.1,Delayed,Delayed,On-Time,On-Time,Delayed
LA-3288,Maharashtra,Nagpur,Railway,136.05,263,Paid,No,Approval,50.1,High,57.68799761811523,23.9,On-Time,Delayed,On-Time,On-Time,Delayed
LA-3289,Rajasthan,Kota,Power Project,44.78,5,Pending,Yes,Compensation,62.2,High,59.49437905876317,41.6,On-Time,On-Time,Delayed,On-Time,Delayed
LA-3290,Uttar Pradesh,Agra,Airport,44.45,93,Pending,No,Compensation,62.2,Medium,59.389338134080056,3.5,Delayed,Delayed,On-Time,Delayed,Delayed
LA-3291,Madhya Pradesh,Gwalior,Metro,267.18,307,Paid,No,Compensation,33.3,Medium,73.98637650672431,15.3,On-Time,Delayed,On-Time,On-Time,On-Time
LA-3292,Maharashtra,Aurangabad,Highway,37.3,65,Partially Paid,No,Compensation,24.9,High,54.46709757664091,22.5,On-Time,On-Time,On-Time,On-Time,On-Time
LA-3293,Uttar Pradesh,Kanpur,Industrial Corridor,27.61,68,Pending,No,Possession,34.4,Medium,95.0,7.7,On-Time,On-Time,On-Time,On-Time,On-Time
LA-3294,Rajasthan,Kota,Railway,80.51,199,Paid,Yes,Notification,51.4,High,85.78333373325461,16.3,On-Time,On-Time,Delayed,On-Time,On-Time
LA-3295,Delhi,South Delhi,Metro,53.44,161,Pending,No,Possession,69.5,Low,85.71104618958647,27.6,On-Time,On-Time,On-Time,Delayed,On-Time
LA-3296,Delhi,South Delhi,Airport,88.09,213,Paid,Yes,Compensation,34.6,High,49.4945178078905,48.8,Delayed,Delayed,Delayed,On-Time,Delayed
LA-3297,Uttar Pradesh,Agra,Highway,145.86,235,Paid,Yes,Compensation,68.9,High,34.541350822611875,48.0,Delayed,On-Time,Delayed,On-Time,On-Time
LA-3298,Delhi,New Delhi,Highway,72.39,133,Paid,No,Approval,54.7,High,59.91395908077092,44.2,Delayed,On-Time,On-Time,On-Time,On-Time
LA-3299,Uttar Pradesh,Kanpur,Power Project,92.62,264,Paid,No,Approval,95.9,High,69.40288808917482,52.8,On-Time,On-Time,On-Time,On-Time,On-Time
LA-3300,Maharashtra,Nashik,Metro,155.03,144,Paid,Yes,Approval,18.8,High,62.57061813034966,2.4,On-Time,On-Time,Delayed,On-Time,On-Time
LA-3301,Tamil Nadu,Madurai,Airport,98.6,287,Pending,No,Possession,78.7,Medium,57.05265476711291,4.9,On-Time,On-Time,On-Time,Delayed,Delayed
LA-3302,Madhya Pradesh,Indore,Highway,53.54,89,Partially Paid,No,Compensation,56.4,Low,38.88518156594735,14.9,Delayed,Delayed,Delayed,On-Time,On-Time
LA-3303,Rajasthan,Jaipur,Railway,158.5,264,Partially Paid,No,Possession,54.6,High,54.91788089915323,8.4,On-Time,Delayed,On-Time,On-Time,On-Time
LA-3304,Maharashtra,Aurangabad,Highway,109.65,228,Partially Paid,No,Compensation,55.2,Medium,61.35379746534089,24.4,On-Time,On-Time,On-Time,On-Time,Delayed
LA-3305,West Bengal,Durgapur,Airport,219.37,295,Paid,No,Approval,77.0,High,57.56949233352951,60.0,On-Time,On-Time,On-Time,On-Time,On-Time
LA-3306,Gujarat,Vadodara,Industrial Corridor,179.13,211,Paid,No,Compensation,88.0,High,57.484116792603565,4.1,On-Time,On-Time,On-Time,On-Time,On-Time
LA-3307,Uttar Pradesh,Agra,Industrial Corridor,53.29,96,Pending,No,Notification,51.6,High,53.02569249221396,13.1,Delayed,On-Time,Delayed,On-Time,On-Time
LA-3308,Madhya Pradesh,Jabalpur,Power Project,86.84,69,Partially Paid,Yes,Possession,67.8,High,89.82287652481747,18.3,On-Time,On-Time,On-Time,On-Time,On-Time
LA-3309,Uttar Pradesh,Varanasi,Metro,73.99,203,Paid,No,Possession,7.1,Medium,75.62670957422975,5.4,Delayed,On-Time,On-Time,On-Time,On-Time
LA-3310,Maharashtra,Nagpur,Airport,17.87,5,Pending,No,Compensation,86.6,High,79.34014906444413,32.1,On-Time,On-Time,On-Time,Delayed,On-Time
LA-3311,Rajasthan,Jaipur,Power Project,36.22,79,Paid,Yes,Compensation,64.8,Low,69.09158211506809,20.3,On-Time,On-Time,On-Time,On-Time,On-Time
LA-3312,Bihar,Muzaffarpur,Irrigation,264.56,281,Pending,No,Compensation,49.4,Medium,44.97353230673369,14.2,Delayed,On-Time,On-Time,On-Time,Delayed
LA-3313,Rajasthan,Jaipur,Highway,34.99,112,Pending,Yes,Possession,85.1,Medium,76.07646807032108,26.5,On-Time,On-Time,Delayed,Delayed,Delayed
LA-3314,Karnataka,Mangaluru,Irrigation,53.79,6,Paid,No,Approval,44.4,Low,85.22333850585497,34.8,On-Time,On-Time,On-Time,On-Time,On-Time
LA-3315,West Bengal,Durgapur,Highway,57.55,32,Paid,No,Possession,77.8,Low,87.41088374971085,23.0,Delayed,On-Time,On-Time,On-Time,On-Time
LA-3316,Uttar Pradesh,Prayagraj,Industrial Corridor,67.22,92,Pending,No,Compensation,67.9,Medium,74.35457633051014,23.6,On-Time,On-Time,Delayed,Delayed,On-Time
LA-3317,Maharashtra,Nagpur,Power Project,59.49,158,Paid,No,Possession,16.5,Medium,65.01481488738519,19.9,Delayed,Delayed,On-Time,Delayed,On-Time
LA-3318,Gujarat,Rajkot,Industrial Corridor,230.88,258,Paid,No,Possession,66.3,High,64.97162653106274,24.5,On-Time,On-Time,On-Time,On-Time,On-Time
LA-3319,Gujarat,Ahmedabad,Railway,37.73,102,Paid,No,Possession,64.2,Medium,72.78176968367664,39.8,On-Time,On-Time,On-Time,On-Time,On-Time
LA-3320,Gujarat,Rajkot,Irrigation,9.49,46,Partially Paid,No,Compensation,89.0,Medium,40.38487705703117,60.0,Delayed,On-Time,On-Time,On-Time,On-Time
LA-3321,Bihar,Gaya,Irrigation,83.37,123,Pending,Yes,Approval,56.3,Low,74.5786933875063,60.0,Delayed,On-Time,Delayed,Delayed,Delayed
LA-3322,Karnataka,Bengaluru,Industrial Corridor,104.72,147,Pending,No,Compensation,83.4,High,57.71471834469347,23.7,Delayed,Delayed,Delayed,Delayed,Delayed
LA-3323,Madhya Pradesh,Bhopal,Railway,130.21,196,Pending,No,Compensation,42.8,High,95.0,23.9,On-Time,On-Time,On-Time,Delayed,On-Time
LA-3324,Maharashtra,Mumbai,Highway,236.22,341,Pending,No,Possession,77.5,High,60.4925391596689,41.8,On-Time,On-Time,Delayed,Delayed,On-Time
LA-3325,Tamil Nadu,Madurai,Power Project,48.31,5,Paid,No,Notification,31.2,Low,67.9180558714916,9.9,On-Time,On-Time,On-Time,On-Time,On-Time
LA-3326,West Bengal,Durgapur,Railway,5.0,5,Partially Paid,No,Compensation,91.6,High,67.17079362017688,56.6,On-Time,On-Time,Delayed,On-Time,On-Time
LA-3327,Tamil Nadu,Madurai,Power Project,42.48,122,Paid,Yes,Approval,68.9,Medium,54.61793828548275,22.6,Delayed,Delayed,On-Time,On-Time,Delayed
LA-3328,Delhi,North Delhi,Irrigation,27.12,86,Paid,No,Possession,54.3,High,71.85953149419878,7.3,On-Time,Delayed,On-Time,On-Time,On-Time
LA-3329,Madhya Pradesh,Indore,Power Project,114.66,145,Pending,Yes,Notification,89.6,High,70.13135369406477,4.7,Delayed,On-Time,On-Time,On-Time,On-Time
LA-3330,Delhi,New Delhi,Irrigation,106.53,108,Paid,Yes,Compensation,79.2,High,80.34207251882361,12.6,On-Time,On-Time,On-Time,On-Time,Delayed
LA-3331,Maharashtra,Mumbai,Railway,107.98,62,Pending,Yes,Approval,61.8,Medium,75.80671164883832,15.0,On-Time,On-Time,Delayed,On-Time,Delayed
LA-3332,Delhi,New Delhi,Irrigation,82.26,79,Paid,No,Approval,33.0,High,67.8072112957705,23.6,On-Time,On-Time,On-Time,On-Time,On-Time
LA-3333,Madhya Pradesh,Jabalpur,Metro,61.67,121,Pending,No,Possession,30.2,Medium,52.71829900888474,44.0,On-Time,On-Time,On-Time,Delayed,On-Time
LA-3334,Karnataka,Bengaluru,Irrigation,44.52,137,Paid,Yes,Approval,46.4,Low,53.154266268462656,27.5,Delayed,Delayed,On-Time,Delayed,On-Time
LA-3335,Uttar Pradesh,Agra,Industrial Corridor,91.68,179,Paid,Yes,Notification,60.1,Low,89.85516100888147,35.8,Delayed,On-Time,On-Time,On-Time,Delayed
LA-3336,Gujarat,Vadodara,Railway,121.13,266,Paid,No,Notification,78.9,Medium,66.30719890636905,30.6,Delayed,On-Time,On-Time,On-Time,On-Time
LA-3337,Rajasthan,Udaipur,Highway,53.5,91,Paid,No,Compensation,54.2,Medium,95.0,6.9,On-Time,On-Time,On-Time,On-Time,On-Time
LA-3338,Gujarat,Surat,Power Project,40.18,75,Paid,No,Compensation,85.8,High,52.72611981985815,18.9,On-Time,On-Time,On-Time,On-Time,On-Time
LA-3339,Uttar Pradesh,Lucknow,Airport,81.92,89,Pending,No,Approval,68.6,Low,95.0,8.6,Delayed,On-Time,Delayed,On-Time,Delayed
LA-3340,Gujarat,Ahmedabad,Railway,56.56,53,Partially Paid,No,Compensation,39.6,High,50.84729947034067,20.3,On-Time,On-Time,On-Time,On-Time,On-Time
LA-3341,Tamil Nadu,Coimbatore,Industrial Corridor,161.28,353,Paid,No,Notification,27.0,Medium,58.424213379711944,17.9,On-Time,On-Time,On-Time,On-Time,On-Time
LA-3342,Delhi,New Delhi,Irrigation,150.82,289,Paid,No,Possession,40.6,High,71.6321551881345,16.5,On-Time,On-Time,On-Time,Delayed,On-Time
LA-3343,Uttar Pradesh,Lucknow,Power Project,119.93,160,Paid,No,Possession,45.2,High,79.96307889449486,43.0,On-Time,Delayed,On-Time,On-Time,On-Time
LA-3344,Gujarat,Rajkot,Metro,84.93,109,Paid,No,Possession,71.3,High,75.17119909077647,26.1,On-Time,On-Time,On-Time,On-Time,On-Time
LA-3345,West Bengal,Howrah,Highway,128.18,149,Partially Paid,No,Possession,50.3,Medium,36.30333591529002,52.6,On-Time,Delayed,On-Time,On-Time,Delayed
LA-3346,Karnataka,Mysuru,Metro,58.56,47,Paid,No,Approval,72.2,Medium,56.41394531703006,15.6,Delayed,On-Time,On-Time,On-Time,On-Time
LA-3347,Karnataka,Mangaluru,Airport,147.63,212,Pending,Yes,Approval,66.8,Medium,47.81715170744303,11.4,On-Time,On-Time,On-Time,Delayed,On-Time
LA-3348,Gujarat,Surat,Railway,165.19,284,Paid,No,Compensation,31.8,High,44.28030748408099,8.5,On-Time,On-Time,On-Time,On-Time,On-Time
LA-3349,Madhya Pradesh,Bhopal,Power Project,76.32,140,Partially Paid,No,Notification,73.6,Low,64.75651583778779,37.2,On-Time,Delayed,On-Time,Delayed,On-Time
LA-3350,Delhi,New Delhi,Railway,63.28,65,Partially Paid,No,Approval,53.1,High,33.32642347679848,14.1,On-Time,Delayed,On-Time,On-Time,On-Time
LA-3351,Madhya Pradesh,Gwalior,Industrial Corridor,98.92,138,Paid,No,Notification,49.7,High,79.99860600747589,19.9,On-Time,Delayed,On-Time,On-Time,On-Time
LA-3352,Bihar,Muzaffarpur,Railway,34.08,71,Pending,No,Compensation,84.5,Medium,76.17183968351061,3.5,On-Time,On-Time,Delayed,On-Time,Delayed
LA-3353,Madhya Pradesh,Indore,Highway,109.72,125,Partially Paid,No,Compensation,60.9,Low,89.29114675840785,49.2,On-Time,Delayed,On-Time,Delayed,On-Time
LA-3354,Bihar,Muzaffarpur,Airport,80.07,147,Partially Paid,No,Approval,71.4,High,49.00031982363544,36.5,Delayed,On-Time,On-Time,On-Time,On-Time
LA-3355,Karnataka,Bengaluru,Metro,147.18,273,Paid,No,Notification,87.4,Medium,50.47633954547653,7.2,On-Time,On-Time,On-Time,On-Time,Delayed
LA-3356,Uttar Pradesh,Kanpur,Airport,84.59,222,Pending,No,Compensation,95.9,Medium,80.78245521922112,30.1,On-Time,On-Time,Delayed,Delayed,On-Time
LA-3357,Bihar,Patna,Power Project,75.28,171,Partially Paid,No,Notification,23.2,Low,81.91690185775684,23.6,On-Time,Delayed,Delayed,On-Time,On-Time
LA-3358,Delhi,North Delhi,Railway,19.36,78,Paid,No,Possession,60.2,High,85.22986456389467,50.6,On-Time,On-Time,On-Time,On-Time,On-Time
LA-3359,Rajasthan,Jodhpur,Power Project,129.08,292,Paid,No,Approval,58.9,High,82.31244170632185,15.9,On-Time,Delayed,On-Time,On-Time,On-Time
LA-3360,Uttar Pradesh,Prayagraj,Metro,109.51,181,Paid,No,Compensation,33.3,High,68.2871800798602,22.3,On-Time,On-Time,On-Time,On-Time,On-Time
LA-3361,Delhi,South Delhi,Power Project,74.18,117,Paid,No,Approval,70.9,High,58.09903415801666,47.6,On-Time,On-Time,On-Time,On-Time,On-Time
LA-3362,Gujarat,Surat,Industrial Corridor,76.45,64,Pending,No,Notification,81.1,High,76.02498498149677,20.0,On-Time,On-Time,On-Time,Delayed,On-Time
LA-3363,Maharashtra,Nashik,Airport,71.93,89,Paid,No,Compensation,41.2,Low,58.37223365748535,23.1,Delayed,Delayed,On-Time,On-Time,Delayed
LA-3364,Rajasthan,Jodhpur,Metro,76.62,88,Pending,No,Compensation,53.5,High,66.57925321162455,24.1,On-Time,On-Time,Delayed,Delayed,On-Time
LA-3365,Madhya Pradesh,Gwalior,Metro,138.47,193,Paid,Yes,Possession,32.1,Low,59.2732965103675,45.7,Delayed,Delayed,Delayed,Delayed,Delayed
LA-3366,Delhi,South Delhi,Irrigation,139.31,222,Paid,No,Compensation,63.4,High,68.99948918694125,11.1,On-Time,Delayed,On-Time,On-Time,On-Time
LA-3367,Uttar Pradesh,Lucknow,Metro,65.13,129,Pending,No,Notification,66.0,Low,83.63100288447251,51.2,Delayed,Delayed,On-Time,On-Time,Delayed
LA-3368,Madhya Pradesh,Jabalpur,Irrigation,49.8,109,Paid,No,Approval,89.6,Medium,59.758261502940385,23.5,On-Time,On-Time,On-Time,On-Time,Delayed
LA-3369,Maharashtra,Nagpur,Highway,96.27,170,Partially Paid,No,Approval,84.6,High,57.47924435910262,60.0,Delayed,On-Time,Delayed,On-Time,Delayed
LA-3370,Karnataka,Mangaluru,Irrigation,74.48,75,Pending,No,Notification,75.1,Medium,63.407959124413786,57.9,On-Time,On-Time,Delayed,Delayed,On-Time
LA-3371,Karnataka,Hubballi,Airport,48.21,108,Pending,Yes,Compensation,69.2,High,47.31530084284309,24.3,Delayed,Delayed,Delayed,Delayed,On-Time
LA-3372,Bihar,Bhagalpur,Power Project,80.75,63,Pending,No,Possession,70.0,High,74.96180725201847,20.6,Delayed,Delayed,Delayed,On-Time,Delayed
LA-3373,Karnataka,Hubballi,Irrigation,112.56,211,Pending,Yes,Compensation,75.1,High,66.74778355356199,13.8,On-Time,On-Time,Delayed,On-Time,Delayed
LA-3374,Gujarat,Ahmedabad,Metro,17.45,5,Partially Paid,No,Compensation,79.3,High,64.46916808834177,17.8,On-Time,On-Time,On-Time,Delayed,On-Time
LA-3375,Karnataka,Mangaluru,Airport,289.18,377,Paid,No,Compensation,85.5,Medium,69.92978918611729,7.4,On-Time,Delayed,On-Time,On-Time,On-Time
LA-3376,Maharashtra,Nashik,Irrigation,181.19,350,Partially Paid,No,Possession,34.9,Medium,42.89072112472131,2.6,On-Time,On-Time,On-Time,On-Time,On-Time
LA-3377,Maharashtra,Nashik,Irrigation,45.75,86,Pending,Yes,Approval,32.3,High,86.0097867322054,53.4,Delayed,On-Time,On-Time,Delayed,Delayed
LA-3378,Tamil Nadu,Chennai,Metro,19.72,74,Partially Paid,No,Possession,86.9,Low,57.20527392307183,27.6,Delayed,On-Time,On-Time,On-Time,On-Time
LA-3379,Gujarat,Rajkot,Industrial Corridor,101.11,135,Paid,Yes,Possession,70.5,Low,59.37864546550334,31.8,On-Time,On-Time,Delayed,On-Time,Delayed
LA-3380,Tamil Nadu,Coimbatore,Industrial Corridor,120.37,154,Partially Paid,No,Notification,57.7,High,77.975559079799,19.9,On-Time,On-Time,On-Time,On-Time,Delayed
LA-3381,Tamil Nadu,Chennai,Irrigation,28.52,156,Partially Paid,No,Approval,51.8,High,74.16850127457974,15.2,Delayed,On-Time,On-Time,On-Time,On-Time
LA-3382,Bihar,Gaya,Industrial Corridor,240.36,357,Paid,No,Possession,25.8,High,94.98294190026408,29.7,On-Time,On-Time,On-Time,On-Time,On-Time
LA-3383,Bihar,Bhagalpur,Railway,64.02,46,Partially Paid,No,Possession,60.3,Medium,50.52240342792774,9.3,On-Time,On-Time,On-Time,On-Time,On-Time
LA-3384,Gujarat,Vadodara,Metro,56.92,70,Partially Paid,No,Approval,34.3,High,50.93526886500833,60.0,On-Time,Delayed,Delayed,On-Time,On-Time
LA-3385,Maharashtra,Pune,Railway,45.28,84,Partially Paid,No,Compensation,76.8,High,47.061959380654116,25.7,On-Time,On-Time,On-Time,Delayed,On-Time
LA-3386,Madhya Pradesh,Jabalpur,Airport,143.81,344,Paid,Yes,Approval,95.3,Medium,67.00283762383042,25.6,Delayed,On-Time,On-Time,Delayed,On-Time
LA-3387,Gujarat,Surat,Railway,145.94,368,Paid,Yes,Compensation,70.0,Medium,60.94130856560728,35.5,On-Time,On-Time,On-Time,On-Time,Delayed
LA-3388,Madhya Pradesh,Jabalpur,Airport,35.37,124,Partially Paid,No,Approval,63.8,High,54.570523140312325,42.1,On-Time,On-Time,Delayed,On-Time,Delayed
LA-3389,Karnataka,Mangaluru,Irrigation,73.88,150,Partially Paid,No,Approval,81.5,Low,64.01490613405475,16.8,Delayed,On-Time,Delayed,On-Time,On-Time
LA-3390,Karnataka,Mangaluru,Airport,108.62,175,Paid,No,Compensation,44.4,Medium,49.51786850064733,7.5,On-Time,On-Time,On-Time,On-Time,On-Time
LA-3391,Gujarat,Vadodara,Airport,199.0,222,Paid,Yes,Possession,86.7,High,88.18931648109387,15.9,Delayed,Delayed,On-Time,On-Time,On-Time
LA-3392,Uttar Pradesh,Prayagraj,Power Project,44.44,110,Paid,No,Possession,65.4,Medium,54.51152036393353,8.6,On-Time,On-Time,On-Time,On-Time,On-Time
LA-3393,Gujarat,Ahmedabad,Railway,61.5,90,Paid,Yes,Notification,76.7,High,56.43282989438839,20.1,On-Time,On-Time,On-Time,On-Time,On-Time
LA-3394,Uttar Pradesh,Prayagraj,Power Project,11.65,105,Pending,Yes,Possession,81.3,Medium,29.196499381145635,12.0,Delayed,On-Time,On-Time,On-Time,Delayed
LA-3395,Bihar,Patna,Irrigation,77.67,223,Pending,No,Approval,71.7,High,40.31728951078167,29.3,On-Time,On-Time,Delayed,On-Time,On-Time
LA-3396,Maharashtra,Nashik,Metro,119.09,122,Pending,No,Approval,48.4,High,56.17938130776125,7.7,On-Time,On-Time,On-Time,On-Time,On-Time
LA-3397,Uttar Pradesh,Agra,Railway,60.84,102,Partially Paid,No,Possession,59.5,High,60.417570286000355,56.6,On-Time,On-Time,On-Time,Delayed,Delayed
LA-3398,Delhi,South Delhi,Metro,86.61,158,Partially Paid,No,Compensation,79.9,High,75.7907155755959,27.0,On-Time,On-Time,Delayed,Delayed,On-Time
LA-3399,Madhya Pradesh,Indore,Metro,56.17,104,Paid,Yes,Notification,57.2,Medium,42.565937330889234,28.2,On-Time,On-Time,Delayed,Delayed,On-Time
LA-3400,Madhya Pradesh,Indore,Airport,93.18,101,Partially Paid,Yes,Notification,84.4,Medium,71.7825612093707,23.1,Delayed,On-Time,On-Time,On-Time,Delayed
LA-3401,Maharashtra,Pune,Railway,149.57,289,Paid,No,Compensation,55.1,High,74.36279878706131,40.5,On-Time,On-Time,On-Time,On-Time,On-Time
LA-3402,Delhi,South Delhi,Metro,22.94,65,Partially Paid,Yes,Possession,34.0,High,75.15419186578401,22.0,On-Time,Delayed,On-Time,On-Time,Delayed
LA-3403,Gujarat,Ahmedabad,Industrial Corridor,16.6,24,Paid,No,Possession,67.3,Medium,80.53489670940039,18.7,On-Time,On-Time,On-Time,On-Time,Delayed
LA-3404,Maharashtra,Pune,Metro,108.96,174,Paid,No,Possession,55.7,High,47.571198566921744,23.3,On-Time,On-Time,On-Time,On-Time,On-Time
LA-3405,Karnataka,Hubballi,Industrial Corridor,107.44,39,Paid,Yes,Possession,33.6,High,73.11846731016202,21.2,On-Time,Delayed,On-Time,On-Time,On-Time
LA-3406,Madhya Pradesh,Gwalior,Railway,166.54,369,Pending,No,Compensation,82.5,Medium,91.47741351859067,13.5,On-Time,On-Time,Delayed,On-Time,Delayed
LA-3407,Gujarat,Rajkot,Irrigation,109.02,133,Paid,No,Possession,64.8,Low,86.00404723269688,50.4,On-Time,On-Time,On-Time,On-Time,Delayed
LA-3408,Uttar Pradesh,Prayagraj,Power Project,124.3,239,Paid,No,Notification,81.9,Low,93.37933567703955,24.9,On-Time,On-Time,On-Time,On-Time,Delayed
LA-3409,West Bengal,Howrah,Railway,50.33,94,Pending,No,Possession,63.1,Medium,68.61504746488691,19.2,On-Time,On-Time,On-Time,Delayed,On-Time
LA-3410,Rajasthan,Kota,Power Project,158.36,169,Partially Paid,No,Approval,65.8,High,56.12220969652768,9.7,On-Time,On-Time,Delayed,On-Time,On-Time
LA-3411,Karnataka,Bengaluru,Power Project,51.18,117,Paid,No,Possession,66.9,Medium,27.043923671070104,3.3,On-Time,Delayed,On-Time,Delayed,On-Time
LA-3412,Uttar Pradesh,Kanpur,Railway,16.34,16,Paid,Yes,Notification,77.4,High,46.358931751857625,34.2,On-Time,Delayed,On-Time,On-Time,On-Time
LA-3413,Rajasthan,Kota,Metro,37.79,120,Paid,No,Compensation,66.2,High,57.11898537893377,16.4,On-Time,On-Time,On-Time,On-Time,On-Time
LA-3414,Delhi,South Delhi,Highway,154.02,197,Partially Paid,Yes,Compensation,81.3,Medium,59.82327288605667,14.6,Delayed,On-Time,Delayed,Delayed,Delayed
LA-3415,Rajasthan,Kota,Metro,80.87,152,Pending,No,Possession,83.3,Medium,53.12370264244146,37.5,On-Time,Delayed,On-Time,On-Time,On-Time
LA-3416,West Bengal,Kolkata,Metro,43.43,151,Paid,Yes,Possession,24.3,High,70.09356390204077,1.7,On-Time,Delayed,On-Time,On-Time,Delayed
LA-3417,Gujarat,Surat,Irrigation,47.21,144,Pending,No,Approval,62.1,High,67.92214846966436,3.6,On-Time,On-Time,On-Time,Delayed,Delayed
LA-3418,Delhi,North Delhi,Airport,184.94,183,Paid,No,Compensation,59.1,Medium,65.61429364514328,15.2,On-Time,On-Time,Delayed,On-Time,On-Time
LA-3419,Delhi,North Delhi,Airport,73.2,162,Paid,No,Approval,49.3,Low,76.77940410552573,22.4,On-Time,On-Time,On-Time,On-Time,On-Time
LA-3420,Gujarat,Surat,Metro,106.47,155,Pending,Yes,Notification,48.4,Medium,57.95546767596501,12.9,On-Time,On-Time,Delayed,Delayed,Delayed
LA-3421,Uttar Pradesh,Prayagraj,Industrial Corridor,316.65,375,Paid,Yes,Approval,49.2,High,81.43984184368048,20.4,On-Time,On-Time,On-Time,On-Time,On-Time
LA-3422,Delhi,New Delhi,Irrigation,46.48,76,Pending,No,Approval,26.0,Low,46.943220107065706,15.0,On-Time,On-Time,Delayed,On-Time,Delayed
LA-3423,Tamil Nadu,Chennai,Power Project,183.7,182,Partially Paid,No,Compensation,89.3,Medium,60.44630072095408,25.0,On-Time,Delayed,Delayed,On-Time,Delayed
LA-3424,Rajasthan,Kota,Airport,47.56,32,Paid,No,Possession,69.4,Medium,69.77814145495935,11.1,On-Time,Delayed,On-Time,On-Time,On-Time
LA-3425,Maharashtra,Nagpur,Metro,104.41,110,Paid,No,Possession,60.0,High,36.21985751715887,28.0,On-Time,On-Time,On-Time,On-Time,On-Time
LA-3426,Bihar,Muzaffarpur,Irrigation,168.55,318,Partially Paid,Yes,Notification,65.7,High,57.44186839695545,6.2,On-Time,On-Time,Delayed,On-Time,On-Time
LA-3427,Uttar Pradesh,Kanpur,Highway,77.69,95,Pending,No,Notification,55.7,High,75.67622959962814,14.6,On-Time,On-Time,On-Time,On-Time,On-Time
LA-3428,West Bengal,Howrah,Industrial Corridor,26.62,86,Paid,No,Approval,58.6,High,58.58987581724322,33.2,On-Time,On-Time,On-Time,On-Time,On-Time
LA-3429,Maharashtra,Nashik,Railway,59.56,80,Paid,Yes,Approval,87.6,High,37.660809451465965,56.8,On-Time,Delayed,On-Time,On-Time,Delayed
LA-3430,Bihar,Muzaffarpur,Metro,19.86,75,Paid,No,Notification,57.5,Medium,51.68986238429929,45.5,On-Time,On-Time,On-Time,On-Time,Delayed
LA-3431,Madhya Pradesh,Jabalpur,Irrigation,155.39,277,Partially Paid,No,Approval,79.5,High,44.8232100333492,9.4,On-Time,On-Time,On-Time,On-Time,On-Time
LA-3432,Tamil Nadu,Salem,Metro,235.69,530,Paid,Yes,Compensation,71.1,Low,72.44305848546115,21.6,Delayed,On-Time,On-Time,On-Time,On-Time
LA-3433,West Bengal,Siliguri,Power Project,73.2,150,Paid,Yes,Compensation,89.5,High,66.75930861852768,33.2,Delayed,On-Time,On-Time,Delayed,On-Time
LA-3434,Maharashtra,Nagpur,Industrial Corridor,47.18,106,Pending,No,Compensation,62.1,Medium,41.578095841794365,23.2,On-Time,On-Time,Delayed,On-Time,On-Time
LA-3435,West Bengal,Kolkata,Airport,142.34,223,Paid,Yes,Approval,50.0,Medium,40.43047662000113,10.0,On-Time,On-Time,On-Time,On-Time,Delayed
LA-3436,Gujarat,Vadodara,Airport,295.88,313,Paid,No,Compensation,61.8,Medium,54.12714986459248,8.2,On-Time,Delayed,On-Time,On-Time,On-Time
LA-3437,Gujarat,Rajkot,Airport,162.32,264,Partially Paid,No,Possession,31.2,High,65.46937225416164,9.3,On-Time,On-Time,On-Time,On-Time,On-Time
LA-3438,Maharashtra,Nagpur,Railway,105.11,196,Pending,Yes,Approval,73.0,Medium,54.92199107010687,52.6,Delayed,Delayed,Delayed,Delayed,Delayed
LA-3439,Rajasthan,Udaipur,Irrigation,24.88,99,Paid,No,Notification,32.1,Low,70.25339814582199,27.8,Delayed,On-Time,On-Time,Delayed,On-Time
LA-3440,Uttar Pradesh,Prayagraj,Industrial Corridor,24.13,42,Paid,No,Approval,63.5,Low,69.73358598290626,21.7,On-Time,On-Time,On-Time,On-Time,On-Time
LA-3441,Madhya Pradesh,Indore,Industrial Corridor,74.44,230,Paid,No,Notification,46.8,Medium,72.98455665257578,38.4,On-Time,On-Time,On-Time,On-Time,On-Time
LA-3442,Rajasthan,Jaipur,Airport,87.96,123,Paid,No,Compensation,76.1,Medium,43.799990503959,23.0,On-Time,Delayed,On-Time,On-Time,On-Time
LA-3443,Tamil Nadu,Chennai,Airport,66.33,86,Partially Paid,Yes,Notification,60.2,High,60.862702520628,24.5,On-Time,Delayed,Delayed,On-Time,Delayed
LA-3444,Bihar,Gaya,Power Project,54.49,75,Partially Paid,No,Compensation,42.0,Low,81.13149075953565,19.3,On-Time,On-Time,On-Time,On-Time,On-Time
LA-3445,Gujarat,Vadodara,Highway,46.83,142,Partially Paid,No,Approval,40.4,Low,54.922032385706004,4.7,Delayed,On-Time,On-Time,On-Time,Delayed
LA-3446,Maharashtra,Pune,Highway,75.28,122,Partially Paid,No,Compensation,43.1,Medium,52.79673039035998,11.0,On-Time,On-Time,On-Time,Delayed,On-Time
LA-3447,Maharashtra,Nagpur,Metro,98.1,215,Pending,No,Notification,43.6,Medium,57.67508484799585,15.3,On-Time,Delayed,Delayed,On-Time,On-Time
LA-3448,Uttar Pradesh,Prayagraj,Metro,337.67,464,Partially Paid,No,Compensation,27.3,Medium,57.298836133153394,33.7,On-Time,On-Time,On-Time,On-Time,On-Time
LA-3449,Delhi,North Delhi,Industrial Corridor,17.01,79,Pending,No,Notification,93.2,High,66.8220966825839,37.3,On-Time,On-Time,On-Time,On-Time,Delayed
LA-3450,Maharashtra,Nashik,Industrial Corridor,143.03,179,Paid,No,Notification,85.0,Low,56.27716581921944,5.3,Delayed,On-Time,On-Time,On-Time,On-Time
LA-3451,Maharashtra,Nashik,Railway,56.75,88,Pending,No,Possession,64.0,Medium,34.70286687244886,13.0,On-Time,Delayed,On-Time,Delayed,On-Time
LA-3452,West Bengal,Siliguri,Railway,42.99,100,Paid,No,Compensation,41.8,Medium,82.77972014898107,19.8,On-Time,Delayed,On-Time,On-Time,On-Time
LA-3453,Madhya Pradesh,Gwalior,Highway,62.67,74,Paid,Yes,Notification,67.2,Medium,72.59631417167041,8.0,On-Time,On-Time,On-Time,Delayed,On-Time
LA-3454,Maharashtra,Nashik,Metro,103.96,146,Pending,No,Compensation,67.7,Low,67.23622762677373,32.3,Delayed,On-Time,Delayed,On-Time,On-Time
LA-3455,Madhya Pradesh,Bhopal,Highway,14.33,45,Paid,No,Compensation,72.1,Medium,63.58741190666823,41.0,On-Time,On-Time,On-Time,Delayed,Delayed
LA-3456,Uttar Pradesh,Varanasi,Highway,161.92,231,Partially Paid,Yes,Compensation,50.6,High,60.15941150197345,60.0,Delayed,Delayed,On-Time,Delayed,On-Time
LA-3457,Gujarat,Vadodara,Metro,100.95,189,Partially Paid,No,Approval,27.1,Medium,53.000500298773844,19.0,On-Time,On-Time,Delayed,On-Time,On-Time
LA-3458,Madhya Pradesh,Gwalior,Irrigation,84.29,105,Pending,No,Possession,41.2,Low,36.83624952053136,19.7,On-Time,On-Time,Delayed,Delayed,Delayed
LA-3459,Rajasthan,Jodhpur,Railway,59.25,105,Partially Paid,No,Approval,65.7,Medium,89.41158453841942,46.5,Delayed,Delayed,On-Time,On-Time,On-Time
LA-3460,Gujarat,Ahmedabad,Power Project,5.0,59,Paid,Yes,Approval,73.1,Low,65.31340410724349,42.8,Delayed,Delayed,Delayed,Delayed,Delayed
LA-3461,West Bengal,Howrah,Power Project,54.59,94,Paid,No,Approval,71.0,Low,40.833383639599575,30.7,Delayed,Delayed,Delayed,On-Time,On-Time
LA-3462,Bihar,Bhagalpur,Power Project,71.09,113,Pending,No,Possession,79.0,Medium,49.607697246195485,14.1,Delayed,Delayed,Delayed,Delayed,On-Time
LA-3463,Madhya Pradesh,Bhopal,Metro,213.72,264,Paid,Yes,Possession,77.3,High,69.56720763535559,13.3,On-Time,On-Time,Delayed,Delayed,On-Time
LA-3464,Madhya Pradesh,Bhopal,Airport,79.32,108,Pending,No,Possession,65.1,High,69.26797499511932,17.7,Delayed,On-Time,On-Time,Delayed,Delayed
LA-3465,Madhya Pradesh,Bhopal,Airport,90.26,214,Paid,No,Possession,75.3,Medium,53.787394063037226,22.5,Delayed,Delayed,Delayed,On-Time,On-Time
LA-3466,Uttar Pradesh,Lucknow,Airport,42.79,43,Paid,No,Possession,32.4,High,48.831978605955335,27.5,On-Time,Delayed,On-Time,Delayed,On-Time
LA-3467,Gujarat,Surat,Industrial Corridor,75.81,132,Paid,No,Compensation,82.0,Medium,56.41668262588558,29.5,On-Time,On-Time,On-Time,On-Time,Delayed
LA-3468,Delhi,South Delhi,Railway,22.07,65,Partially Paid,No,Possession,73.5,Medium,36.058752109850104,23.8,On-Time,Delayed,On-Time,Delayed,On-Time
LA-3469,Rajasthan,Kota,Railway,67.1,193,Paid,Yes,Possession,58.7,High,57.8650986413228,15.7,Delayed,Delayed,On-Time,On-Time,On-Time
LA-3470,Rajasthan,Udaipur,Irrigation,135.49,267,Paid,No,Notification,24.3,Medium,58.0246417234613,4.9,On-Time,On-Time,On-Time,On-Time,On-Time
LA-3471,Uttar Pradesh,Kanpur,Irrigation,74.45,113,Paid,No,Compensation,43.4,Medium,87.89970447189476,32.6,On-Time,On-Time,On-Time,On-Time,Delayed
LA-3472,West Bengal,Durgapur,Industrial Corridor,71.18,74,Paid,No,Compensation,54.0,High,58.23972573300368,22.7,On-Time,On-Time,On-Time,On-Time,On-Time
LA-3473,Bihar,Muzaffarpur,Highway,134.28,221,Paid,Yes,Possession,44.8,High,68.79272376846387,21.3,Delayed,On-Time,On-Time,On-Time,On-Time
LA-3474,Karnataka,Mangaluru,Irrigation,134.79,139,Paid,Yes,Possession,52.7,Low,88.97431340726057,17.8,Delayed,Delayed,On-Time,On-Time,Delayed
LA-3475,Rajasthan,Jodhpur,Power Project,17.68,82,Pending,Yes,Possession,44.3,High,48.990673798959406,60.0,On-Time,On-Time,On-Time,On-Time,On-Time
LA-3476,Bihar,Patna,Airport,148.56,307,Paid,No,Possession,64.4,High,55.62964051683845,48.1,On-Time,On-Time,On-Time,On-Time,On-Time
LA-3477,Uttar Pradesh,Kanpur,Power Project,208.6,254,Paid,Yes,Compensation,87.7,High,56.908938283414294,33.8,On-Time,Delayed,On-Time,On-Time,On-Time
LA-3478,Tamil Nadu,Coimbatore,Airport,57.32,120,Pending,No,Notification,40.1,High,39.88129952254317,28.5,On-Time,On-Time,On-Time,On-Time,Delayed
LA-3479,Uttar Pradesh,Lucknow,Power Project,61.4,65,Paid,No,Notification,45.1,Medium,61.077514675438934,23.5,On-Time,Delayed,On-Time,On-Time,On-Time
LA-3480,Tamil Nadu,Chennai,Highway,77.21,160,Pending,Yes,Compensation,19.7,High,82.45087344087374,10.8,On-Time,On-Time,On-Time,Delayed,Delayed
LA-3481,Maharashtra,Mumbai,Power Project,36.21,62,Paid,No,Approval,36.2,Low,77.6833154218433,16.3,On-Time,Delayed,Delayed,On-Time,Delayed
LA-3482,Bihar,Muzaffarpur,Power Project,183.5,282,Paid,Yes,Compensation,55.3,High,82.73408675989309,44.7,Delayed,On-Time,On-Time,Delayed,On-Time
LA-3483,West Bengal,Durgapur,Metro,231.85,331,Paid,No,Approval,77.2,Medium,55.492979057809535,22.1,Delayed,On-Time,On-Time,On-Time,On-Time
LA-3484,Uttar Pradesh,Kanpur,Power Project,159.42,324,Partially Paid,No,Possession,79.2,High,48.06227096179167,48.8,Delayed,On-Time,On-Time,On-Time,Delayed
LA-3485,Rajasthan,Jaipur,Metro,17.52,16,Partially Paid,No,Approval,49.7,Low,95.0,23.6,On-Time,On-Time,On-Time,On-Time,On-Time
LA-3486,West Bengal,Siliguri,Railway,49.68,165,Paid,Yes,Possession,32.9,Medium,68.22159077737773,3.9,On-Time,On-Time,On-Time,Delayed,Delayed
LA-3487,Rajasthan,Jodhpur,Industrial Corridor,58.46,20,Pending,No,Possession,61.6,Low,40.81437943953574,32.8,On-Time,Delayed,Delayed,On-Time,On-Time
LA-3488,Bihar,Bhagalpur,Power Project,70.57,126,Paid,No,Compensation,74.2,Medium,95.0,22.9,On-Time,On-Time,On-Time,On-Time,On-Time
LA-3489,Madhya Pradesh,Gwalior,Railway,94.47,142,Paid,No,Approval,60.2,Medium,63.65030057992021,60.0,On-Time,On-Time,On-Time,On-Time,On-Time
LA-3490,Gujarat,Vadodara,Irrigation,82.17,195,Partially Paid,Yes,Possession,75.0,Low,25.0,19.1,Delayed,Delayed,Delayed,On-Time,On-Time
LA-3491,Maharashtra,Nagpur,Irrigation,82.62,87,Pending,No,Compensation,42.5,High,86.8179330346608,17.6,On-Time,On-Time,On-Time,On-Time,Delayed
LA-3492,Uttar Pradesh,Agra,Metro,160.73,303,Paid,No,Approval,59.3,Medium,30.344508675465953,17.3,On-Time,On-Time,On-Time,On-Time,On-Time
LA-3493,Tamil Nadu,Madurai,Power Project,123.57,178,Paid,No,Notification,38.2,High,69.32624707068193,14.6,On-Time,Delayed,Delayed,Delayed,Delayed
LA-3494,Gujarat,Surat,Power Project,75.21,125,Pending,No,Approval,50.8,Medium,77.63667051246577,44.4,On-Time,On-Time,Delayed,Delayed,On-Time
LA-3495,Rajasthan,Udaipur,Highway,138.82,286,Pending,No,Notification,36.3,Low,75.22090670165169,60.0,On-Time,On-Time,Delayed,Delayed,Delayed
LA-3496,Rajasthan,Udaipur,Railway,98.87,198,Paid,No,Approval,85.3,Low,88.34134230216652,25.0,On-Time,On-Time,On-Time,On-Time,On-Time
LA-3497,Madhya Pradesh,Gwalior,Airport,141.2,352,Pending,Yes,Approval,77.4,High,80.25690188157658,33.8,On-Time,On-Time,Delayed,On-Time,Delayed
LA-3498,Bihar,Gaya,Airport,212.53,239,Paid,No,Compensation,70.8,High,92.84954084952554,18.4,On-Time,On-Time,On-Time,Delayed,On-Time
LA-3499,West Bengal,Durgapur,Highway,174.53,213,Pending,No,Possession,83.3,High,63.60519075463622,60.0,On-Time,On-Time,Delayed,On-Time,On-Time
LA-3500,Gujarat,Ahmedabad,Metro,31.5,121,Partially Paid,Yes,Compensation,23.8,High,58.79576741705648,29.9,On-Time,Delayed,On-Time,On-Time,Delayed
LA-3501,Tamil Nadu,Chennai,Airport,80.06,161,Pending,No,Possession,34.3,High,59.800211391324424,18.0,On-Time,On-Time,On-Time,Delayed,On-Time
LA-3502,Tamil Nadu,Chennai,Airport,114.69,217,Pending,Yes,Possession,65.7,High,85.60471357551394,43.1,On-Time,Delayed,Delayed,Delayed,Delayed
LA-3503,Madhya Pradesh,Bhopal,Irrigation,26.16,139,Paid,No,Compensation,51.6,Low,55.409318247764965,23.2,On-Time,Delayed,On-Time,Delayed,On-Time
LA-3504,West Bengal,Durgapur,Irrigation,110.02,181,Paid,No,Approval,60.6,Medium,77.71106312738809,4.9,On-Time,On-Time,On-Time,On-Time,On-Time
LA-3505,Uttar Pradesh,Prayagraj,Industrial Corridor,115.16,175,Partially Paid,No,Approval,53.4,Medium,52.101426002337796,9.9,On-Time,On-Time,On-Time,On-Time,On-Time
LA-3506,Uttar Pradesh,Agra,Railway,28.85,30,Paid,Yes,Possession,92.4,Medium,52.372672952146644,8.0,On-Time,Delayed,Delayed,Delayed,Delayed
LA-3507,Bihar,Bhagalpur,Metro,76.75,102,Paid,Yes,Possession,69.1,Medium,82.76426895548843,47.0,On-Time,Delayed,Delayed,On-Time,Delayed
LA-3508,Gujarat,Rajkot,Power Project,107.58,278,Pending,Yes,Compensation,75.6,Low,71.54998775243747,13.9,Delayed,Delayed,Delayed,Delayed,Delayed
LA-3509,Bihar,Patna,Railway,209.65,347,Paid,No,Notification,23.0,Medium,32.60537351482342,8.7,On-Time,On-Time,On-Time,Delayed,On-Time
LA-3510,Bihar,Patna,Metro,84.15,157,Paid,No,Possession,70.6,High,52.192773999322434,29.3,On-Time,On-Time,On-Time,On-Time,On-Time
LA-3511,Delhi,New Delhi,Airport,31.12,118,Paid,No,Approval,60.6,Medium,26.437176574503162,27.5,On-Time,On-Time,On-Time,On-Time,On-Time
LA-3512,Bihar,Muzaffarpur,Industrial Corridor,27.23,25,Partially Paid,No,Notification,69.4,Low,59.36707610296915,43.7,On-Time,On-Time,On-Time,On-Time,On-Time
LA-3513,Gujarat,Rajkot,Railway,61.63,107,Paid,No,Possession,55.3,High,60.89861270581034,51.2,On-Time,On-Time,On-Time,On-Time,On-Time
LA-3514,Rajasthan,Jaipur,Airport,108.47,318,Paid,Yes,Compensation,37.0,Medium,57.88938289343414,19.2,Delayed,On-Time,On-Time,Delayed,Delayed
LA-3515,Madhya Pradesh,Indore,Metro,123.12,127,Pending,No,Compensation,37.7,High,83.09738927706874,58.3,On-Time,On-Time,Delayed,On-Time,On-Time
LA-3516,West Bengal,Kolkata,Railway,33.18,77,Pending,No,Possession,48.3,High,71.19581047679208,45.7,On-Time,On-Time,Delayed,On-Time,On-Time
LA-3517,Delhi,New Delhi,Power Project,113.18,259,Pending,No,Compensation,43.9,Low,95.0,4.7,On-Time,On-Time,Delayed,Delayed,On-Time
LA-3518,Rajasthan,Udaipur,Railway,11.37,92,Pending,No,Compensation,70.4,High,73.01178217907835,32.5,On-Time,On-Time,On-Time,On-Time,On-Time
LA-3519,Karnataka,Bengaluru,Airport,55.69,89,Paid,No,Approval,86.0,High,73.28784849299691,12.5,On-Time,On-Time,On-Time,On-Time,On-Time
LA-3520,Karnataka,Mysuru,Railway,111.43,134,Partially Paid,No,Approval,75.1,High,69.0799118681204,11.5,On-Time,On-Time,Delayed,On-Time,On-Time
LA-3521,Karnataka,Bengaluru,Power Project,179.34,234,Paid,Yes,Possession,65.6,Low,60.96480006727688,56.4,Delayed,On-Time,Delayed,On-Time,Delayed
LA-3522,Uttar Pradesh,Agra,Industrial Corridor,22.9,38,Paid,No,Approval,45.0,High,55.255267010306014,44.2,On-Time,On-Time,On-Time,Delayed,On-Time
LA-3523,Maharashtra,Pune,Industrial Corridor,102.56,102,Paid,Yes,Notification,51.7,Low,61.47524776933906,47.3,Delayed,Delayed,On-Time,On-Time,On-Time
LA-3524,Gujarat,Ahmedabad,Airport,67.07,163,Paid,No,Notification,66.2,High,62.163826882026925,22.4,On-Time,On-Time,On-Time,On-Time,On-Time
LA-3525,Tamil Nadu,Coimbatore,Metro,18.06,73,Paid,Yes,Compensation,54.5,Low,63.586871247657584,6.2,Delayed,Delayed,On-Time,Delayed,Delayed
LA-3526,Maharashtra,Nagpur,Airport,26.55,16,Paid,Yes,Compensation,44.9,Low,74.53980712048187,6.6,Delayed,Delayed,On-Time,Delayed,On-Time
LA-3527,Uttar Pradesh,Lucknow,Industrial Corridor,99.01,7,Partially Paid,No,Compensation,51.5,High,69.50110257000942,11.1,On-Time,On-Time,On-Time,On-Time,On-Time
LA-3528,West Bengal,Kolkata,Highway,252.37,397,Paid,No,Compensation,59.2,High,57.24607608706747,46.4,Delayed,Delayed,On-Time,On-Time,On-Time
LA-3529,Delhi,North Delhi,Highway,85.74,178,Partially Paid,No,Notification,69.9,High,53.92783896741386,17.2,On-Time,On-Time,Delayed,On-Time,On-Time
LA-3530,West Bengal,Howrah,Railway,394.06,355,Partially Paid,Yes,Compensation,52.9,Medium,68.36417421636064,55.9,On-Time,Delayed,Delayed,Delayed,Delayed
LA-3531,Karnataka,Bengaluru,Power Project,130.97,166,Pending,No,Possession,41.1,High,51.09891443299464,14.2,On-Time,On-Time,On-Time,On-Time,On-Time
LA-3532,Tamil Nadu,Madurai,Irrigation,45.69,82,Paid,No,Notification,85.1,High,58.596791484939445,60.0,Delayed,On-Time,On-Time,On-Time,On-Time
LA-3533,Maharashtra,Pune,Irrigation,149.19,382,Partially Paid,No,Compensation,57.2,High,57.02981764422563,41.5,On-Time,Delayed,On-Time,On-Time,On-Time
LA-3534,Delhi,South Delhi,Irrigation,31.85,40,Partially Paid,Yes,Compensation,25.0,High,95.0,11.9,On-Time,On-Time,Delayed,On-Time,On-Time
LA-3535,Karnataka,Hubballi,Railway,92.37,184,Pending,Yes,Compensation,70.8,High,45.88731476325499,24.2,Delayed,On-Time,Delayed,Delayed,Delayed
LA-3536,Bihar,Patna,Highway,93.53,175,Paid,No,Notification,43.3,Low,53.11044884079052,43.9,Delayed,On-Time,On-Time,On-Time,On-Time
LA-3537,Karnataka,Hubballi,Industrial Corridor,91.92,152,Paid,No,Possession,84.0,Low,56.66634849682692,25.2,Delayed,On-Time,On-Time,Delayed,Delayed
LA-3538,Uttar Pradesh,Lucknow,Railway,29.43,118,Paid,No,Compensation,76.7,High,58.22048227710087,17.4,On-Time,On-Time,On-Time,On-Time,Delayed
LA-3539,Tamil Nadu,Salem,Irrigation,5.25,97,Paid,No,Possession,85.0,Medium,79.99713475443657,16.8,On-Time,On-Time,On-Time,On-Time,On-Time
LA-3540,Tamil Nadu,Madurai,Irrigation,68.56,156,Partially Paid,No,Approval,85.8,Medium,61.18418139345506,14.1,On-Time,Delayed,Delayed,On-Time,On-Time
LA-3541,Karnataka,Mysuru,Airport,107.89,134,Pending,No,Compensation,63.7,Medium,45.137044088882725,13.7,Delayed,Delayed,On-Time,Delayed,On-Time
LA-3542,Tamil Nadu,Salem,Irrigation,205.83,207,Paid,No,Possession,25.0,Medium,86.46371121496587,20.6,On-Time,On-Time,On-Time,Delayed,On-Time
LA-3543,Bihar,Patna,Power Project,108.97,183,Paid,No,Approval,46.5,Medium,68.95458501261693,10.5,On-Time,On-Time,Delayed,On-Time,On-Time
LA-3544,Madhya Pradesh,Jabalpur,Irrigation,31.36,87,Paid,Yes,Approval,78.4,Medium,71.30785341925431,16.2,On-Time,Delayed,On-Time,On-Time,On-Time
LA-3545,Uttar Pradesh,Prayagraj,Airport,71.45,63,Paid,Yes,Compensation,62.6,Medium,74.76255255328824,34.4,Delayed,On-Time,Delayed,On-Time,On-Time
LA-3546,Rajasthan,Udaipur,Irrigation,74.77,107,Pending,No,Notification,69.4,High,46.51938099858752,11.7,On-Time,On-Time,Delayed,On-Time,On-Time
LA-3547,Delhi,New Delhi,Power Project,187.41,319,Pending,No,Compensation,57.4,High,64.896786004992,9.3,On-Time,On-Time,Delayed,On-Time,On-Time
LA-3548,Gujarat,Vadodara,Industrial Corridor,111.01,150,Paid,No,Notification,71.7,High,77.31871691415091,9.1,On-Time,On-Time,On-Time,On-Time,Delayed
LA-3549,Gujarat,Surat,Railway,35.86,28,Paid,Yes,Notification,34.6,Medium,55.39595441995273,17.1,On-Time,Delayed,On-Time,On-Time,Delayed
LA-3550,Delhi,New Delhi,Power Project,55.21,125,Pending,Yes,Compensation,89.6,High,69.59990960178484,10.0,On-Time,On-Time,Delayed,On-Time,On-Time
LA-3551,Maharashtra,Nashik,Airport,139.54,173,Paid,No,Notification,44.7,Medium,73.15277824046034,19.9,On-Time,On-Time,On-Time,On-Time,On-Time
LA-3552,Uttar Pradesh,Lucknow,Railway,97.53,172,Partially Paid,No,Possession,79.5,High,43.10065873028435,29.0,On-Time,Delayed,On-Time,On-Time,On-Time
LA-3553,Tamil Nadu,Chennai,Railway,84.22,146,Pending,No,Possession,87.3,Low,49.513301153358384,13.5,Delayed,On-Time,On-Time,Delayed,On-Time
LA-3554,West Bengal,Kolkata,Airport,71.18,100,Partially Paid,No,Compensation,72.9,High,30.72835046380179,6.6,Delayed,Delayed,Delayed,On-Time,On-Time
LA-3555,Delhi,North Delhi,Highway,137.37,228,Paid,No,Possession,54.9,Medium,68.40100702776803,54.5,Delayed,On-Time,On-Time,On-Time,On-Time
LA-3556,West Bengal,Durgapur,Irrigation,63.18,46,Paid,No,Possession,67.1,Medium,93.27454568622974,19.4,On-Time,On-Time,On-Time,On-Time,On-Time
LA-3557,Rajasthan,Jodhpur,Power Project,53.47,66,Pending,Yes,Approval,87.7,High,54.617253492255294,22.0,Delayed,Delayed,On-Time,Delayed,Delayed
LA-3558,Maharashtra,Mumbai,Airport,153.31,244,Paid,No,Possession,71.7,High,62.10968818678324,35.6,Delayed,On-Time,On-Time,On-Time,On-Time
LA-3559,Delhi,North Delhi,Industrial Corridor,5.12,11,Paid,Yes,Notification,87.1,Low,80.19985182379577,9.1,Delayed,Delayed,Delayed,On-Time,Delayed
LA-3560,Rajasthan,Jaipur,Metro,34.93,75,Pending,Yes,Approval,80.6,High,68.98813468297351,14.1,Delayed,On-Time,Delayed,On-Time,Delayed
LA-3561,Tamil Nadu,Madurai,Airport,46.96,117,Pending,No,Compensation,42.7,Low,50.39464730837237,22.1,On-Time,On-Time,Delayed,On-Time,On-Time
LA-3562,Karnataka,Hubballi,Irrigation,160.09,238,Paid,No,Compensation,22.5,Low,87.89461380350743,28.5,Delayed,On-Time,On-Time,On-Time,On-Time
LA-3563,Delhi,South Delhi,Irrigation,93.94,193,Paid,No,Notification,65.1,Medium,67.95986363350795,20.6,On-Time,Delayed,On-Time,On-Time,On-Time
LA-3564,Delhi,New Delhi,Railway,32.84,5,Partially Paid,No,Approval,64.4,Medium,61.51676551032888,23.9,On-Time,On-Time,Delayed,On-Time,On-Time
LA-3565,Gujarat,Rajkot,Railway,30.71,6,Paid,Yes,Compensation,73.9,Medium,62.7583613338875,20.7,On-Time,On-Time,On-Time,On-Time,Delayed
LA-3566,Maharashtra,Nagpur,Airport,163.01,298,Paid,Yes,Approval,47.0,Medium,73.86303335716815,19.5,Delayed,On-Time,On-Time,Delayed,On-Time
LA-3567,Maharashtra,Mumbai,Metro,30.8,178,Pending,No,Possession,23.9,Low,55.79920243679713,2.7,Delayed,On-Time,On-Time,On-Time,On-Time
LA-3568,Maharashtra,Mumbai,Airport,51.78,105,Paid,No,Compensation,69.2,High,88.5743118573231,30.6,On-Time,On-Time,On-Time,On-Time,On-Time
LA-3569,Tamil Nadu,Coimbatore,Metro,61.72,174,Paid,No,Approval,64.4,High,83.87950010754761,6.9,On-Time,On-Time,Delayed,Delayed,Delayed
LA-3570,West Bengal,Durgapur,Metro,118.97,268,Paid,No,Notification,65.3,High,65.12719666154723,60.0,On-Time,On-Time,On-Time,On-Time,On-Time
LA-3571,Gujarat,Ahmedabad,Irrigation,57.66,68,Paid,No,Compensation,40.6,Medium,65.92414079565965,15.9,On-Time,On-Time,On-Time,On-Time,On-Time
LA-3572,Bihar,Gaya,Irrigation,26.52,8,Partially Paid,No,Compensation,89.3,High,52.30937420405894,18.1,On-Time,On-Time,On-Time,On-Time,Delayed
LA-3573,Maharashtra,Nashik,Irrigation,125.88,267,Pending,Yes,Notification,66.3,Low,55.43990897934228,24.3,Delayed,On-Time,Delayed,Delayed,Delayed
LA-3574,Rajasthan,Udaipur,Industrial Corridor,124.09,176,Partially Paid,No,Approval,62.0,High,47.96905488760669,47.6,On-Time,On-Time,On-Time,On-Time,On-Time
LA-3575,Uttar Pradesh,Agra,Irrigation,220.59,442,Partially Paid,No,Approval,33.1,Low,61.938882008167134,23.0,On-Time,Delayed,Delayed,On-Time,On-Time
LA-3576,Madhya Pradesh,Indore,Power Project,100.1,148,Partially Paid,No,Notification,57.1,High,65.93515279934027,5.8,Delayed,On-Time,Delayed,On-Time,Delayed
LA-3577,West Bengal,Kolkata,Railway,29.64,110,Paid,No,Compensation,85.7,High,41.14883389813387,20.0,On-Time,Delayed,On-Time,On-Time,On-Time
LA-3578,Madhya Pradesh,Bhopal,Railway,214.01,323,Paid,No,Possession,84.9,High,75.33367732695498,10.3,On-Time,On-Time,On-Time,On-Time,Delayed
LA-3579,Gujarat,Ahmedabad,Metro,61.55,93,Partially Paid,Yes,Compensation,41.1,High,51.93675918699508,10.6,On-Time,On-Time,Delayed,Delayed,On-Time
LA-3580,Madhya Pradesh,Indore,Railway,145.35,213,Paid,No,Possession,78.7,Medium,71.1771758559197,11.1,On-Time,On-Time,Delayed,On-Time,On-Time
LA-3581,Uttar Pradesh,Prayagraj,Highway,209.36,239,Paid,Yes,Notification,95.5,Low,77.10875303210179,28.6,Delayed,Delayed,On-Time,On-Time,Delayed
LA-3582,Bihar,Gaya,Metro,89.1,115,Paid,No,Approval,52.9,High,84.60580861705132,30.1,On-Time,Delayed,On-Time,On-Time,Delayed
LA-3583,Rajasthan,Jodhpur,Railway,81.66,74,Partially Paid,No,Compensation,74.2,Medium,81.45580133712616,34.4,On-Time,On-Time,On-Time,Delayed,Delayed
LA-3584,Gujarat,Rajkot,Highway,100.34,102,Paid,No,Compensation,72.3,High,89.84963609654942,14.3,On-Time,On-Time,On-Time,On-Time,On-Time
LA-3585,Madhya Pradesh,Bhopal,Industrial Corridor,113.33,290,Partially Paid,No,Compensation,38.7,High,77.23233998449516,23.5,On-Time,On-Time,On-Time,On-Time,On-Time
LA-3586,Madhya Pradesh,Jabalpur,Railway,161.12,184,Paid,Yes,Compensation,82.7,Medium,67.51586074456938,31.7,Delayed,Delayed,On-Time,On-Time,Delayed
LA-3587,Delhi,South Delhi,Highway,73.49,146,Pending,No,Compensation,59.6,High,57.90989153090105,56.8,On-Time,Delayed,On-Time,On-Time,Delayed
LA-3588,Karnataka,Hubballi,Airport,86.08,74,Paid,No,Notification,64.3,Low,63.20843176044398,6.2,On-Time,Delayed,On-Time,On-Time,On-Time
LA-3589,Maharashtra,Pune,Power Project,56.23,44,Partially Paid,No,Compensation,70.2,Medium,89.44192772997613,23.7,Delayed,On-Time,On-Time,On-Time,On-Time
LA-3590,Karnataka,Mysuru,Airport,56.01,50,Paid,Yes,Compensation,81.0,High,62.03238089347011,10.0,On-Time,On-Time,Delayed,Delayed,On-Time
LA-3591,Tamil Nadu,Coimbatore,Highway,41.93,45,Paid,Yes,Possession,53.0,Medium,64.9228320839266,27.9,On-Time,Delayed,Delayed,On-Time,On-Time
LA-3592,Tamil Nadu,Chennai,Metro,59.21,89,Pending,No,Compensation,33.5,High,87.14334506741986,7.4,On-Time,On-Time,On-Time,On-Time,On-Time
LA-3593,Madhya Pradesh,Jabalpur,Irrigation,37.83,108,Paid,No,Compensation,84.9,Medium,61.500168109452545,24.2,On-Time,Delayed,On-Time,Delayed,On-Time
LA-3594,Rajasthan,Jodhpur,Irrigation,149.17,293,Paid,Yes,Compensation,67.2,Low,53.07791981771016,14.8,Delayed,Delayed,On-Time,On-Time,Delayed
LA-3595,Uttar Pradesh,Varanasi,Irrigation,128.78,190,Partially Paid,No,Possession,65.9,Low,81.99778121108761,5.8,On-Time,On-Time,On-Time,On-Time,On-Time
LA-3596,Tamil Nadu,Salem,Metro,77.77,106,Paid,No,Possession,46.1,High,52.58736991213515,15.9,On-Time,Delayed,On-Time,On-Time,On-Time
LA-3597,Maharashtra,Nashik,Railway,98.53,33,Partially Paid,No,Possession,75.8,High,71.05726090771812,19.7,On-Time,On-Time,On-Time,On-Time,On-Time
LA-3598,Rajasthan,Jaipur,Irrigation,41.97,118,Paid,No,Compensation,22.9,Medium,68.43244038768454,50.5,On-Time,On-Time,On-Time,Delayed,On-Time
LA-3599,Maharashtra,Mumbai,Airport,81.4,30,Paid,No,Notification,78.7,Low,69.7360934535619,22.9,On-Time,On-Time,Delayed,On-Time,On-Time
LA-3600,Uttar Pradesh,Varanasi,Metro,175.27,294,Pending,Yes,Compensation,73.0,Low,28.703653756455964,15.0,Delayed,Delayed,Delayed,On-Time,Delayed
LA-3601,Madhya Pradesh,Gwalior,Metro,171.43,191,Partially Paid,No,Compensation,66.7,High,76.70700182970202,10.3,On-Time,On-Time,On-Time,On-Time,On-Time
LA-3602,Delhi,New Delhi,Irrigation,223.38,282,Paid,Yes,Possession,49.7,Medium,64.10757550279293,50.3,Delayed,On-Time,On-Time,On-Time,Delayed
LA-3603,Karnataka,Bengaluru,Airport,148.93,275,Partially Paid,No,Notification,78.0,Low,74.2442436849081,18.0,Delayed,Delayed,On-Time,On-Time,On-Time
LA-3604,Maharashtra,Mumbai,Industrial Corridor,104.58,235,Pending,No,Compensation,86.2,High,72.51190026840558,42.7,Delayed,On-Time,Delayed,On-Time,On-Time
LA-3605,Delhi,North Delhi,Metro,143.86,290,Partially Paid,Yes,Approval,82.8,Low,69.73896511743986,17.9,Delayed,Delayed,Delayed,Delayed,Delayed
LA-3606,Rajasthan,Udaipur,Irrigation,31.74,65,Paid,No,Possession,59.9,High,59.04230183848209,16.8,Delayed,On-Time,On-Time,On-Time,On-Time
LA-3607,Delhi,New Delhi,Power Project,136.84,223,Paid,No,Approval,68.5,High,59.207869643921995,19.4,On-Time,On-Time,On-Time,On-Time,On-Time
LA-3608,Maharashtra,Nagpur,Highway,152.27,333,Paid,Yes,Compensation,89.0,High,64.18559423717143,35.2,Delayed,On-Time,On-Time,On-Time,On-Time
LA-3609,Karnataka,Bengaluru,Railway,80.43,153,Paid,No,Approval,33.1,Medium,67.57209785671442,17.7,On-Time,On-Time,On-Time,On-Time,On-Time
LA-3610,Delhi,New Delhi,Metro,86.93,138,Paid,No,Notification,54.5,Low,58.639992645976896,26.8,On-Time,Delayed,On-Time,On-Time,On-Time
LA-3611,Bihar,Muzaffarpur,Power Project,68.69,100,Paid,No,Compensation,62.9,Medium,79.14404611635888,60.0,On-Time,On-Time,On-Time,On-Time,Delayed
LA-3612,Delhi,New Delhi,Power Project,78.67,290,Pending,No,Notification,61.6,High,60.0823543842504,13.3,On-Time,On-Time,Delayed,Delayed,Delayed
LA-3613,Maharashtra,Nashik,Metro,94.49,155,Partially Paid,No,Compensation,36.9,High,50.302231418501286,18.3,On-Time,On-Time,Delayed,Delayed,On-Time
LA-3614,Karnataka,Hubballi,Industrial Corridor,101.39,196,Paid,Yes,Possession,90.8,Medium,73.92853318974626,39.9,Delayed,Delayed,On-Time,On-Time,Delayed
LA-3615,Maharashtra,Pune,Highway,42.53,135,Partially Paid,Yes,Possession,82.0,Medium,93.21745261005677,35.9,Delayed,Delayed,On-Time,Delayed,Delayed
LA-3616,Uttar Pradesh,Agra,Railway,48.97,124,Partially Paid,No,Approval,86.3,Medium,47.48671857174524,18.8,Delayed,On-Time,On-Time,On-Time,On-Time
LA-3617,Gujarat,Ahmedabad,Metro,128.86,207,Paid,No,Possession,43.3,High,63.12026162831963,43.9,On-Time,On-Time,On-Time,On-Time,On-Time
LA-3618,Maharashtra,Aurangabad,Railway,107.93,166,Paid,Yes,Approval,76.0,Medium,80.95850409994289,17.0,Delayed,On-Time,Delayed,Delayed,On-Time
LA-3619,Bihar,Bhagalpur,Airport,45.46,128,Paid,No,Possession,31.2,Low,73.54757563467446,24.8,On-Time,On-Time,On-Time,On-Time,Delayed
LA-3620,Maharashtra,Pune,Power Project,76.11,144,Partially Paid,No,Possession,40.3,Medium,74.31860588198512,34.7,On-Time,On-Time,On-Time,On-Time,On-Time
LA-3621,Tamil Nadu,Chennai,Power Project,243.67,237,Paid,No,Notification,87.5,Medium,65.45727207011437,60.0,On-Time,Delayed,On-Time,On-Time,On-Time
LA-3622,Bihar,Gaya,Metro,10.34,17,Paid,No,Approval,46.9,Low,25.1299642164568,52.0,On-Time,Delayed,On-Time,Delayed,Delayed
LA-3623,Gujarat,Ahmedabad,Metro,5.19,5,Paid,No,Approval,20.7,Medium,68.86778574377367,18.0,On-Time,On-Time,On-Time,On-Time,On-Time
LA-3624,Bihar,Muzaffarpur,Airport,10.59,68,Partially Paid,No,Possession,51.2,Medium,70.602239754457,38.6,On-Time,On-Time,Delayed,Delayed,Delayed
LA-3625,Gujarat,Ahmedabad,Industrial Corridor,304.28,414,Partially Paid,No,Approval,57.0,Medium,81.88758952593845,45.0,On-Time,On-Time,Delayed,Delayed,Delayed
LA-3626,West Bengal,Siliguri,Metro,35.09,123,Paid,No,Compensation,66.3,High,53.73548453295154,10.9,Delayed,On-Time,On-Time,Delayed,On-Time
LA-3627,Uttar Pradesh,Kanpur,Power Project,65.9,147,Paid,No,Compensation,83.7,Medium,90.2422935863654,30.1,On-Time,On-Time,On-Time,On-Time,On-Time
LA-3628,Karnataka,Mangaluru,Railway,121.82,126,Partially Paid,Yes,Possession,32.7,Low,60.34331202138549,14.0,On-Time,Delayed,Delayed,Delayed,Delayed
LA-3629,Rajasthan,Kota,Highway,116.45,95,Pending,No,Possession,66.2,High,57.76043943298398,27.3,Delayed,On-Time,On-Time,On-Time,Delayed
LA-3630,Gujarat,Surat,Irrigation,69.28,117,Pending,No,Approval,86.9,Low,54.188506301772804,42.7,On-Time,On-Time,Delayed,On-Time,On-Time
LA-3631,Madhya Pradesh,Jabalpur,Railway,200.27,258,Pending,No,Compensation,57.1,Medium,80.69492923544414,4.1,On-Time,On-Time,Delayed,On-Time,On-Time
LA-3632,Karnataka,Bengaluru,Industrial Corridor,140.17,135,Paid,No,Possession,76.4,High,48.56011348373296,55.1,Delayed,On-Time,On-Time,On-Time,Delayed
LA-3633,Delhi,North Delhi,Highway,50.81,168,Paid,No,Possession,20.8,Medium,74.47889618442738,53.4,On-Time,On-Time,On-Time,Delayed,On-Time
LA-3634,Uttar Pradesh,Prayagraj,Railway,36.59,70,Partially Paid,No,Notification,48.5,High,52.886512779093,39.4,On-Time,On-Time,On-Time,On-Time,On-Time
LA-3635,Karnataka,Hubballi,Railway,93.39,196,Paid,No,Approval,34.2,Low,64.33762857813097,15.7,On-Time,On-Time,Delayed,On-Time,On-Time
LA-3636,Karnataka,Hubballi,Airport,144.62,329,Paid,Yes,Approval,80.4,Medium,42.130189152630834,50.2,Delayed,Delayed,On-Time,On-Time,On-Time
LA-3637,West Bengal,Kolkata,Irrigation,247.26,328,Paid,No,Approval,82.5,Low,76.78065064070353,35.2,Delayed,On-Time,On-Time,On-Time,On-Time
LA-3638,Tamil Nadu,Chennai,Industrial Corridor,104.38,199,Paid,No,Notification,63.3,Medium,62.749395913852574,60.0,On-Time,On-Time,On-Time,On-Time,On-Time
LA-3639,West Bengal,Howrah,Power Project,63.71,120,Paid,No,Compensation,18.2,Medium,73.36145431206882,18.7,Delayed,On-Time,On-Time,On-Time,On-Time
LA-3640,Karnataka,Bengaluru,Airport,189.01,364,Pending,Yes,Compensation,82.8,Low,62.316215063196594,6.7,Delayed,Delayed,On-Time,On-Time,On-Time
LA-3641,Maharashtra,Nashik,Highway,172.65,199,Paid,No,Compensation,88.7,High,72.91621864087242,21.9,On-Time,On-Time,On-Time,On-Time,On-Time
LA-3642,Uttar Pradesh,Prayagraj,Irrigation,139.2,215,Paid,No,Compensation,78.7,Medium,64.30835709578264,28.7,On-Time,Delayed,On-Time,On-Time,Delayed
LA-3643,Tamil Nadu,Salem,Power Project,30.56,26,Paid,Yes,Notification,66.5,High,76.10958573287769,26.8,On-Time,On-Time,On-Time,On-Time,Delayed
LA-3644,Madhya Pradesh,Bhopal,Airport,66.24,153,Pending,No,Possession,97.5,Low,73.00679211380061,13.5,On-Time,Delayed,Delayed,On-Time,On-Time
LA-3645,Delhi,North Delhi,Irrigation,72.85,151,Partially Paid,No,Possession,93.8,Medium,67.94363568407744,20.7,On-Time,Delayed,On-Time,Delayed,On-Time
LA-3646,Gujarat,Rajkot,Industrial Corridor,139.25,282,Paid,No,Compensation,81.4,Low,51.497804282091565,20.1,On-Time,Delayed,On-Time,On-Time,Delayed
LA-3647,West Bengal,Siliguri,Metro,14.8,81,Paid,No,Possession,71.7,Low,58.43913666722361,22.2,On-Time,On-Time,On-Time,On-Time,On-Time
LA-3648,Rajasthan,Jaipur,Metro,62.4,166,Partially Paid,Yes,Notification,63.4,High,53.41681136992163,37.4,On-Time,On-Time,Delayed,On-Time,On-Time
LA-3649,Gujarat,Rajkot,Highway,85.1,154,Paid,No,Possession,90.7,High,86.43041924709811,3.6,On-Time,On-Time,On-Time,On-Time,On-Time
LA-3650,Rajasthan,Kota,Metro,70.96,90,Pending,Yes,Notification,32.1,Medium,76.70538273794148,23.9,Delayed,On-Time,On-Time,Delayed,Delayed
LA-3651,Uttar Pradesh,Agra,Airport,230.83,473,Partially Paid,No,Approval,56.4,Medium,65.56622388798205,26.2,On-Time,On-Time,Delayed,On-Time,Delayed
LA-3652,Gujarat,Surat,Highway,162.11,292,Paid,No,Approval,62.1,High,56.567754063510456,8.6,On-Time,On-Time,Delayed,On-Time,On-Time
LA-3653,Gujarat,Rajkot,Power Project,161.84,132,Pending,No,Compensation,61.6,High,53.153431183775155,31.9,On-Time,Delayed,On-Time,On-Time,On-Time
LA-3654,Delhi,South Delhi,Industrial Corridor,58.9,79,Paid,Yes,Approval,58.1,Medium,66.83712741572606,26.4,On-Time,Delayed,Delayed,On-Time,Delayed
LA-3655,Tamil Nadu,Madurai,Highway,95.14,211,Paid,No,Compensation,66.3,High,92.64814380594049,49.6,On-Time,Delayed,On-Time,On-Time,On-Time
LA-3656,Gujarat,Rajkot,Power Project,41.8,97,Paid,No,Approval,87.1,Low,65.08895747146768,10.9,On-Time,On-Time,On-Time,Delayed,On-Time
LA-3657,Tamil Nadu,Salem,Highway,42.84,112,Pending,No,Possession,57.6,Low,83.0288037949822,8.3,Delayed,On-Time,On-Time,On-Time,On-Time
LA-3658,Bihar,Muzaffarpur,Railway,163.09,372,Paid,No,Compensation,39.8,Medium,69.13495185101777,59.7,Delayed,On-Time,On-Time,On-Time,On-Time
LA-3659,Uttar Pradesh,Prayagraj,Railway,145.59,135,Paid,No,Approval,50.9,High,73.43861255547279,15.2,On-Time,On-Time,On-Time,On-Time,On-Time
LA-3660,Karnataka,Hubballi,Highway,39.33,27,Paid,Yes,Approval,64.8,High,57.8612404000973,43.1,On-Time,On-Time,On-Time,On-Time,On-Time
LA-3661,Rajasthan,Jaipur,Irrigation,90.82,62,Pending,Yes,Possession,35.2,Medium,62.04398746084304,22.0,Delayed,Delayed,Delayed,Delayed,Delayed
LA-3662,Bihar,Gaya,Metro,22.15,79,Paid,Yes,Approval,54.9,Low,52.53791142726901,22.9,On-Time,Delayed,On-Time,Delayed,On-Time
LA-3663,Uttar Pradesh,Agra,Railway,120.51,300,Paid,No,Compensation,59.2,High,69.56875509620234,14.7,On-Time,On-Time,On-Time,On-Time,On-Time
LA-3664,Karnataka,Hubballi,Irrigation,38.53,114,Partially Paid,No,Compensation,38.4,High,61.34865871169077,19.5,On-Time,On-Time,On-Time,On-Time,Delayed
LA-3665,Madhya Pradesh,Bhopal,Irrigation,91.0,85,Partially Paid,No,Approval,84.3,High,70.39828349849103,8.9,On-Time,On-Time,On-Time,On-Time,On-Time
LA-3666,Maharashtra,Mumbai,Industrial Corridor,242.39,499,Pending,No,Approval,80.7,Medium,50.22185182068858,8.3,On-Time,Delayed,On-Time,On-Time,Delayed
LA-3667,Uttar Pradesh,Agra,Power Project,34.46,157,Paid,No,Compensation,60.0,Medium,71.8359142174407,10.8,On-Time,On-Time,Delayed,On-Time,On-Time
LA-3668,Karnataka,Mangaluru,Airport,107.19,182,Pending,No,Approval,89.6,High,67.5335433864367,26.9,On-Time,On-Time,On-Time,On-Time,On-Time
LA-3669,Karnataka,Mangaluru,Railway,81.77,234,Paid,No,Approval,34.9,Medium,67.05304426912679,28.5,On-Time,On-Time,On-Time,On-Time,On-Time
LA-3670,Maharashtra,Mumbai,Highway,31.92,123,Paid,No,Notification,39.1,Medium,70.8406369981229,27.6,On-Time,On-Time,On-Time,On-Time,On-Time
LA-3671,Madhya Pradesh,Bhopal,Metro,47.86,92,Pending,Yes,Approval,64.7,Medium,61.435986763945614,41.4,Delayed,Delayed,Delayed,Delayed,On-Time
LA-3672,Gujarat,Surat,Airport,113.5,174,Partially Paid,No,Approval,47.1,Medium,95.0,33.8,On-Time,On-Time,Delayed,On-Time,Delayed
LA-3673,Karnataka,Bengaluru,Power Project,72.04,56,Partially Paid,Yes,Possession,77.7,Low,72.02668599318208,8.8,On-Time,Delayed,Delayed,On-Time,Delayed
LA-3674,Uttar Pradesh,Prayagraj,Irrigation,204.27,321,Pending,No,Compensation,71.2,Medium,66.5766796568056,5.9,On-Time,On-Time,Delayed,On-Time,Delayed
LA-3675,Bihar,Gaya,Power Project,117.19,177,Partially Paid,No,Possession,34.4,Medium,76.12961304247786,35.6,Delayed,On-Time,On-Time,On-Time,Delayed
LA-3676,Maharashtra,Nashik,Railway,36.72,65,Paid,Yes,Notification,56.2,Low,57.18110461025314,9.0,On-Time,Delayed,Delayed,Delayed,On-Time
LA-3677,Gujarat,Surat,Power Project,149.41,157,Pending,No,Notification,72.4,Low,56.68444000725938,25.6,On-Time,On-Time,On-Time,Delayed,On-Time
LA-3678,Delhi,South Delhi,Power Project,161.5,127,Paid,Yes,Possession,71.6,High,77.00553020438485,12.3,On-Time,On-Time,On-Time,On-Time,On-Time
LA-3679,Uttar Pradesh,Kanpur,Metro,102.11,163,Partially Paid,No,Compensation,74.8,High,78.33714541351056,13.5,On-Time,On-Time,Delayed,On-Time,On-Time
LA-3680,Rajasthan,Jodhpur,Irrigation,123.84,240,Paid,No,Notification,65.5,Low,82.87626688336998,21.4,Delayed,On-Time,Delayed,On-Time,On-Time
LA-3681,Maharashtra,Nagpur,Metro,101.15,196,Paid,No,Approval,39.5,High,43.62246407932366,11.9,Delayed,On-Time,Delayed,On-Time,On-Time
LA-3682,Bihar,Gaya,Metro,185.02,272,Partially Paid,No,Compensation,23.2,Low,63.10416419575293,16.5,On-Time,Delayed,On-Time,Delayed,On-Time
LA-3683,Delhi,South Delhi,Highway,170.94,259,Paid,No,Possession,82.4,High,69.94446242292935,22.2,Delayed,On-Time,On-Time,On-Time,On-Time
LA-3684,Gujarat,Surat,Power Project,22.08,59,Partially Paid,No,Notification,79.2,Low,75.80471637761647,39.2,On-Time,Delayed,On-Time,On-Time,Delayed
LA-3685,Maharashtra,Nashik,Power Project,19.86,82,Pending,No,Compensation,72.5,Medium,72.89874468744523,41.3,Delayed,On-Time,Delayed,On-Time,On-Time
LA-3686,Delhi,New Delhi,Power Project,73.01,184,Paid,No,Compensation,41.9,Medium,52.2338357348627,39.5,On-Time,On-Time,On-Time,On-Time,Delayed
LA-3687,Uttar Pradesh,Kanpur,Industrial Corridor,143.38,308,Partially Paid,Yes,Possession,69.7,High,72.72135346645737,13.8,On-Time,Delayed,Delayed,Delayed,Delayed
LA-3688,Gujarat,Surat,Metro,180.66,276,Pending,No,Possession,56.2,Low,69.81853213841634,10.7,On-Time,On-Time,Delayed,Delayed,On-Time
LA-3689,Rajasthan,Kota,Airport,64.5,101,Partially Paid,No,Approval,78.4,High,69.77772933171016,14.4,On-Time,On-Time,On-Time,On-Time,On-Time
LA-3690,Gujarat,Rajkot,Railway,71.6,123,Partially Paid,No,Compensation,42.9,High,48.55337534088481,12.3,On-Time,On-Time,On-Time,Delayed,On-Time
LA-3691,Rajasthan,Kota,Irrigation,67.38,161,Paid,No,Possession,57.1,High,50.9830149524713,41.7,On-Time,On-Time,On-Time,On-Time,On-Time
LA-3692,Madhya Pradesh,Indore,Airport,79.24,181,Paid,Yes,Compensation,52.0,Low,92.18345993318545,24.9,Delayed,On-Time,On-Time,On-Time,Delayed
LA-3693,Delhi,South Delhi,Irrigation,94.11,174,Paid,No,Possession,66.1,Medium,79.79168812154694,36.4,On-Time,On-Time,On-Time,Delayed,On-Time
LA-3694,Rajasthan,Jodhpur,Highway,59.25,124,Paid,Yes,Possession,62.4,Medium,64.05544924583997,8.1,Delayed,Delayed,Delayed,On-Time,Delayed
LA-3695,West Bengal,Siliguri,Highway,67.22,42,Partially Paid,No,Notification,46.7,Medium,64.31167773886021,41.3,On-Time,On-Time,On-Time,Delayed,Delayed
LA-3696,Rajasthan,Udaipur,Irrigation,109.86,169,Paid,No,Notification,73.4,Low,95.0,10.2,On-Time,On-Time,On-Time,On-Time,On-Time
LA-3697,Karnataka,Mangaluru,Power Project,28.72,93,Pending,Yes,Possession,55.7,Medium,65.68000276492798,20.4,On-Time,Delayed,Delayed,On-Time,Delayed
LA-3698,Maharashtra,Mumbai,Airport,257.38,423,Pending,No,Approval,55.6,Medium,63.2481486315053,28.4,On-Time,On-Time,On-Time,Delayed,Delayed
LA-3699,Tamil Nadu,Salem,Power Project,140.82,174,Paid,No,Notification,27.8,Medium,53.09887023450773,34.8,On-Time,On-Time,On-Time,On-Time,Delayed
LA-3700,Tamil Nadu,Madurai,Industrial Corridor,198.51,444,Paid,No,Approval,32.0,Medium,61.49503703291941,26.1,On-Time,Delayed,On-Time,On-Time,Delayed
LA-3701,Rajasthan,Jaipur,Highway,40.67,117,Partially Paid,No,Possession,74.4,High,39.75734457223928,25.1,On-Time,Delayed,On-Time,On-Time,Delayed
LA-3702,West Bengal,Siliguri,Highway,52.84,80,Partially Paid,No,Notification,41.2,High,72.81189497675054,10.2,On-Time,On-Time,On-Time,On-Time,On-Time
LA-3703,Uttar Pradesh,Kanpur,Airport,7.59,14,Pending,No,Compensation,55.1,High,83.88888495264575,13.1,On-Time,On-Time,On-Time,On-Time,On-Time
LA-3704,Delhi,South Delhi,Highway,87.0,106,Paid,Yes,Notification,19.2,High,84.05597225955746,17.1,On-Time,On-Time,On-Time,On-Time,On-Time
LA-3705,Tamil Nadu,Coimbatore,Industrial Corridor,88.89,158,Paid,No,Notification,75.7,Medium,54.46312201514171,30.9,On-Time,On-Time,Delayed,On-Time,Delayed
LA-3706,Tamil Nadu,Chennai,Industrial Corridor,102.29,183,Pending,No,Approval,58.3,Medium,30.579681775482804,13.2,Delayed,Delayed,On-Time,Delayed,Delayed
LA-3707,Uttar Pradesh,Kanpur,Industrial Corridor,18.45,79,Paid,No,Notification,84.5,Low,70.08912067256755,35.3,On-Time,On-Time,On-Time,On-Time,On-Time
LA-3708,Maharashtra,Nashik,Railway,82.1,150,Partially Paid,No,Possession,27.3,High,84.78059524572456,29.4,On-Time,On-Time,On-Time,On-Time,On-Time
LA-3709,Delhi,South Delhi,Industrial Corridor,106.27,187,Paid,No,Possession,42.2,Medium,40.93791586688553,25.2,On-Time,On-Time,On-Time,On-Time,On-Time
LA-3710,Maharashtra,Nagpur,Industrial Corridor,117.81,227,Pending,No,Possession,32.6,Medium,59.395930431356476,14.1,On-Time,Delayed,Delayed,Delayed,On-Time
LA-3711,Tamil Nadu,Chennai,Railway,54.69,112,Paid,No,Approval,86.9,High,70.36121930438615,22.8,On-Time,Delayed,On-Time,On-Time,On-Time
LA-3712,Rajasthan,Jaipur,Power Project,281.77,506,Partially Paid,No,Compensation,27.7,Medium,52.38407218995891,5.3,On-Time,Delayed,Delayed,Delayed,On-Time
LA-3713,Maharashtra,Nagpur,Metro,71.09,134,Partially Paid,No,Notification,70.3,Low,39.07764020596168,19.9,On-Time,Delayed,On-Time,Delayed,Delayed
LA-3714,Gujarat,Rajkot,Highway,93.46,219,Pending,No,Approval,67.6,High,53.84430503320095,2.6,On-Time,On-Time,On-Time,Delayed,On-Time
LA-3715,Delhi,North Delhi,Industrial Corridor,65.09,143,Paid,No,Compensation,50.6,Medium,56.46372004279485,22.5,On-Time,On-Time,On-Time,Delayed,Delayed
LA-3716,Maharashtra,Nashik,Highway,55.33,125,Paid,No,Compensation,58.2,High,36.707579858444305,25.0,On-Time,On-Time,Delayed,On-Time,On-Time
LA-3717,Madhya Pradesh,Jabalpur,Airport,131.3,158,Paid,No,Notification,75.3,High,81.07315955255949,19.4,On-Time,On-Time,On-Time,On-Time,On-Time
LA-3718,West Bengal,Siliguri,Highway,19.3,51,Pending,No,Approval,15.3,Medium,88.3087312318326,10.0,On-Time,On-Time,Delayed,Delayed,Delayed
LA-3719,Bihar,Muzaffarpur,Irrigation,136.67,236,Partially Paid,No,Possession,73.1,Low,65.4433529112954,40.4,Delayed,Delayed,Delayed,Delayed,On-Time
LA-3720,Delhi,North Delhi,Power Project,91.91,216,Partially Paid,No,Approval,38.9,Medium,75.94230733860041,23.3,On-Time,On-Time,On-Time,Delayed,On-Time
LA-3721,Bihar,Patna,Railway,73.96,186,Paid,No,Possession,74.6,Medium,42.812162021285715,19.3,On-Time,On-Time,On-Time,On-Time,Delayed
LA-3722,Tamil Nadu,Madurai,Highway,30.41,85,Paid,Yes,Possession,87.3,Low,62.87632569971826,16.2,On-Time,On-Time,Delayed,On-Time,Delayed
LA-3723,Tamil Nadu,Chennai,Highway,86.63,229,Paid,Yes,Compensation,56.7,High,56.31643192399514,6.1,Delayed,Delayed,On-Time,Delayed,Delayed
LA-3724,Rajasthan,Jaipur,Highway,130.35,255,Paid,Yes,Approval,67.2,Medium,71.1733609823977,13.1,Delayed,On-Time,On-Time,On-Time,On-Time
LA-3725,Gujarat,Vadodara,Metro,94.62,96,Pending,No,Possession,54.1,Medium,25.0,23.1,On-Time,On-Time,On-Time,On-Time,Delayed
LA-3726,Maharashtra,Nagpur,Metro,80.23,223,Paid,No,Notification,41.9,Low,60.43894258235289,35.2,On-Time,On-Time,On-Time,On-Time,Delayed
LA-3727,Delhi,North Delhi,Airport,70.2,123,Partially Paid,No,Approval,42.7,Medium,74.42601194071207,14.0,On-Time,On-Time,On-Time,Delayed,Delayed
LA-3728,Uttar Pradesh,Agra,Railway,60.15,129,Pending,No,Possession,46.9,Low,68.57296278426483,41.6,Delayed,On-Time,Delayed,On-Time,Delayed
LA-3729,Maharashtra,Nashik,Highway,32.48,60,Pending,No,Approval,72.8,High,76.7436049235483,22.4,On-Time,On-Time,Delayed,On-Time,On-Time
LA-3730,Rajasthan,Jaipur,Highway,128.66,326,Partially Paid,No,Approval,52.4,Medium,56.024366273441736,59.1,Delayed,On-Time,On-Time,Delayed,On-Time
LA-3731,Karnataka,Mysuru,Highway,99.23,59,Paid,Yes,Compensation,65.9,Medium,25.0,36.3,Delayed,Delayed,Delayed,On-Time,On-Time
LA-3732,Rajasthan,Udaipur,Highway,134.17,227,Partially Paid,No,Compensation,76.5,Medium,81.48326641988444,56.4,On-Time,On-Time,On-Time,On-Time,On-Time
LA-3733,Delhi,North Delhi,Metro,59.33,105,Paid,No,Notification,43.5,Medium,76.38719264796661,24.7,On-Time,On-Time,On-Time,On-Time,On-Time
LA-3734,West Bengal,Durgapur,Power Project,74.15,74,Paid,No,Approval,44.2,High,88.53135852878641,13.9,On-Time,On-Time,On-Time,On-Time,On-Time
LA-3735,West Bengal,Howrah,Power Project,30.85,135,Partially Paid,No,Approval,75.1,High,66.1138462802949,18.5,On-Time,On-Time,Delayed,Delayed,On-Time
LA-3736,Tamil Nadu,Chennai,Airport,20.4,5,Pending,Yes,Approval,82.6,High,71.24358761022208,16.2,On-Time,Delayed,Delayed,On-Time,Delayed
LA-3737,West Bengal,Howrah,Irrigation,89.87,183,Paid,Yes,Possession,59.8,Low,95.0,21.5,Delayed,On-Time,On-Time,Delayed,On-Time
LA-3738,Rajasthan,Jaipur,Industrial Corridor,10.33,68,Paid,No,Compensation,51.6,Low,37.23484248622438,16.7,On-Time,On-Time,On-Time,Delayed,On-Time
LA-3739,West Bengal,Durgapur,Railway,106.82,184,Partially Paid,No,Compensation,26.5,High,71.67055943341988,47.9,Delayed,On-Time,On-Time,On-Time,On-Time
LA-3740,Delhi,New Delhi,Power Project,53.19,137,Paid,Yes,Notification,23.8,Low,83.26609405466563,44.6,Delayed,Delayed,On-Time,Delayed,Delayed
LA-3741,Gujarat,Surat,Irrigation,313.33,408,Partially Paid,No,Notification,95.0,High,68.18872569121652,12.0,Delayed,On-Time,Delayed,On-Time,On-Time
LA-3742,Uttar Pradesh,Kanpur,Highway,85.55,166,Paid,Yes,Approval,94.3,High,65.99460618694152,28.2,On-Time,Delayed,On-Time,On-Time,On-Time
LA-3743,Uttar Pradesh,Agra,Power Project,124.53,329,Paid,No,Approval,87.4,High,42.746416277011825,47.7,On-Time,On-Time,On-Time,Delayed,On-Time
LA-3744,Uttar Pradesh,Kanpur,Airport,49.57,84,Partially Paid,No,Notification,47.0,Low,87.00834724569555,11.9,Delayed,Delayed,On-Time,On-Time,Delayed
LA-3745,Madhya Pradesh,Indore,Industrial Corridor,176.69,392,Pending,No,Approval,29.8,Medium,81.03410249248137,8.9,On-Time,Delayed,Delayed,Delayed,Delayed
LA-3746,Tamil Nadu,Coimbatore,Power Project,185.88,176,Partially Paid,No,Notification,76.3,High,84.23838409497391,17.0,On-Time,On-Time,On-Time,On-Time,On-Time
LA-3747,Madhya Pradesh,Jabalpur,Airport,158.38,335,Pending,No,Possession,90.5,Medium,64.67669208873544,7.2,On-Time,On-Time,Delayed,On-Time,Delayed
LA-3748,Uttar Pradesh,Kanpur,Metro,276.69,266,Paid,Yes,Possession,69.2,High,60.1890565534994,47.4,Delayed,Delayed,On-Time,On-Time,On-Time
LA-3749,Tamil Nadu,Madurai,Industrial Corridor,34.42,118,Pending,Yes,Compensation,62.9,High,64.8994124032195,25.6,Delayed,On-Time,Delayed,Delayed,On-Time
LA-3750,Madhya Pradesh,Indore,Airport,130.89,108,Paid,No,Notification,73.2,High,90.48984035638297,4.8,On-Time,Delayed,On-Time,On-Time,On-Time
LA-3751,Gujarat,Ahmedabad,Irrigation,45.63,31,Pending,No,Possession,70.0,High,61.09538334318791,24.4,On-Time,On-Time,On-Time,On-Time,On-Time
LA-3752,Karnataka,Mysuru,Power Project,35.75,130,Paid,Yes,Possession,65.2,Low,87.22914318788196,48.1,Delayed,Delayed,On-Time,Delayed,Delayed
LA-3753,Maharashtra,Nagpur,Metro,82.16,130,Paid,Yes,Approval,69.0,Medium,62.79353023843272,20.4,On-Time,On-Time,Delayed,Delayed,On-Time
LA-3754,Maharashtra,Pune,Irrigation,99.74,241,Paid,No,Compensation,50.6,High,52.14113027063131,20.7,On-Time,On-Time,On-Time,Delayed,Delayed
LA-3755,Bihar,Bhagalpur,Airport,77.96,157,Partially Paid,Yes,Possession,90.4,High,33.84133933823594,31.3,On-Time,On-Time,On-Time,On-Time,Delayed
LA-3756,Maharashtra,Aurangabad,Airport,27.53,73,Paid,No,Compensation,14.0,High,73.61195076300538,33.8,On-Time,On-Time,On-Time,Delayed,Delayed
LA-3757,Rajasthan,Jodhpur,Irrigation,88.22,188,Pending,No,Approval,61.6,High,76.5218317882215,18.4,On-Time,On-Time,On-Time,On-Time,Delayed
LA-3758,Bihar,Bhagalpur,Power Project,83.05,134,Paid,No,Compensation,62.6,Medium,47.7419754395104,43.4,On-Time,On-Time,On-Time,Delayed,On-Time
LA-3759,Karnataka,Hubballi,Industrial Corridor,36.98,125,Paid,No,Compensation,88.1,High,87.15295007545504,11.2,On-Time,On-Time,On-Time,On-Time,On-Time
LA-3760,Delhi,North Delhi,Metro,208.94,317,Paid,No,Approval,68.3,Medium,44.279348356517644,15.8,Delayed,On-Time,On-Time,Delayed,On-Time
LA-3761,Uttar Pradesh,Kanpur,Highway,260.81,469,Paid,No,Possession,91.3,High,75.62657299121426,14.9,Delayed,On-Time,On-Time,On-Time,On-Time
LA-3762,Delhi,South Delhi,Railway,92.32,133,Partially Paid,No,Compensation,94.2,High,76.36223471675335,30.3,On-Time,Delayed,On-Time,On-Time,On-Time
LA-3763,Madhya Pradesh,Jabalpur,Industrial Corridor,158.79,153,Partially Paid,No,Approval,82.9,Low,81.09747226396944,51.5,On-Time,On-Time,On-Time,On-Time,On-Time
LA-3764,Gujarat,Rajkot,Metro,5.54,5,Pending,No,Compensation,64.0,High,35.438037270602145,40.9,On-Time,On-Time,On-Time,On-Time,On-Time
LA-3765,Uttar Pradesh,Kanpur,Irrigation,83.76,135,Paid,No,Compensation,22.8,High,81.0030903529851,12.8,On-Time,On-Time,On-Time,Delayed,On-Time
LA-3766,West Bengal,Durgapur,Airport,170.68,278,Pending,Yes,Notification,86.3,High,62.82736631456704,60.0,On-Time,Delayed,On-Time,Delayed,Delayed
LA-3767,Rajasthan,Jaipur,Irrigation,85.18,143,Paid,No,Approval,90.8,High,59.894582636247364,9.5,On-Time,On-Time,On-Time,Delayed,On-Time
LA-3768,Maharashtra,Aurangabad,Metro,77.46,181,Pending,No,Possession,90.8,High,77.37514212148909,9.9,On-Time,On-Time,Delayed,On-Time,On-Time
LA-3769,Rajasthan,Jaipur,Irrigation,132.48,146,Paid,No,Compensation,63.7,High,79.41029346037469,10.2,On-Time,On-Time,On-Time,On-Time,On-Time
LA-3770,Karnataka,Bengaluru,Irrigation,315.76,432,Partially Paid,Yes,Approval,83.6,Low,35.1705015562669,14.0,Delayed,On-Time,Delayed,Delayed,Delayed
LA-3771,Delhi,South Delhi,Railway,106.34,157,Partially Paid,No,Notification,52.0,Medium,45.65318470008505,36.3,Delayed,On-Time,On-Time,On-Time,On-Time
LA-3772,Maharashtra,Nashik,Power Project,93.0,121,Paid,Yes,Compensation,56.6,Medium,82.98818812396345,35.8,Delayed,On-Time,Delayed,Delayed,Delayed
LA-3773,Tamil Nadu,Madurai,Railway,195.39,274,Paid,Yes,Compensation,42.4,Medium,72.12483615770581,10.1,On-Time,On-Time,On-Time,On-Time,On-Time
LA-3774,Rajasthan,Kota,Highway,115.57,129,Partially Paid,No,Approval,53.4,Medium,67.72628461733187,11.4,On-Time,On-Time,On-Time,Delayed,On-Time
LA-3775,Rajasthan,Kota,Highway,240.99,492,Paid,No,Compensation,67.4,High,50.214946678996554,31.3,On-Time,On-Time,Delayed,On-Time,On-Time
LA-3776,Gujarat,Surat,Railway,36.35,27,Partially Paid,No,Notification,60.8,High,71.58262476338044,12.7,On-Time,On-Time,On-Time,Delayed,On-Time
LA-3777,Delhi,New Delhi,Industrial Corridor,36.78,82,Partially Paid,No,Notification,82.2,High,83.28398197410074,10.5,On-Time,On-Time,On-Time,Delayed,On-Time
LA-3778,Uttar Pradesh,Kanpur,Industrial Corridor,43.11,38,Partially Paid,No,Compensation,72.3,Medium,95.0,45.6,Delayed,On-Time,On-Time,Delayed,On-Time
LA-3779,Gujarat,Ahmedabad,Irrigation,151.5,263,Pending,No,Notification,80.6,High,59.68719657485267,1.0,On-Time,On-Time,On-Time,On-Time,On-Time
LA-3780,Uttar Pradesh,Kanpur,Irrigation,106.75,134,Paid,No,Possession,67.4,High,78.15629267975761,30.3,On-Time,On-Time,On-Time,On-Time,Delayed
LA-3781,Delhi,North Delhi,Airport,69.44,143,Paid,Yes,Notification,68.4,High,92.82322370199319,30.2,Delayed,On-Time,On-Time,On-Time,On-Time
LA-3782,Bihar,Muzaffarpur,Highway,107.28,308,Paid,Yes,Compensation,73.2,High,43.26959200002574,29.1,On-Time,Delayed,On-Time,On-Time,On-Time
LA-3783,West Bengal,Siliguri,Airport,166.55,295,Partially Paid,Yes,Approval,43.4,High,91.98692762785785,15.7,On-Time,On-Time,On-Time,On-Time,On-Time
LA-3784,Tamil Nadu,Madurai,Highway,66.71,75,Pending,No,Approval,68.6,High,68.00965380308024,13.7,On-Time,Delayed,On-Time,On-Time,On-Time
LA-3785,Bihar,Patna,Railway,139.61,256,Pending,No,Possession,90.5,High,66.12296448413171,44.4,On-Time,On-Time,On-Time,On-Time,Delayed
LA-3786,Maharashtra,Nagpur,Industrial Corridor,60.68,97,Pending,No,Compensation,87.3,High,56.87406820884875,51.2,On-Time,On-Time,On-Time,On-Time,Delayed
LA-3787,West Bengal,Durgapur,Irrigation,21.47,22,Pending,No,Compensation,72.4,High,59.5415809908703,15.0,On-Time,On-Time,On-Time,On-Time,On-Time
LA-3788,Uttar Pradesh,Agra,Industrial Corridor,85.24,122,Pending,No,Compensation,63.6,High,53.82481696986206,12.1,On-Time,Delayed,Delayed,On-Time,Delayed
LA-3789,West Bengal,Kolkata,Railway,18.9,62,Paid,No,Compensation,37.8,High,50.704639347913094,1.2,On-Time,Delayed,Delayed,On-Time,On-Time
LA-3790,West Bengal,Kolkata,Airport,65.94,128,Pending,Yes,Possession,74.3,Medium,71.74433756642651,41.7,Delayed,On-Time,Delayed,Delayed,Delayed
LA-3791,Karnataka,Mysuru,Airport,93.67,190,Pending,No,Compensation,63.1,High,81.69031156423262,29.0,On-Time,Delayed,Delayed,On-Time,On-Time
LA-3792,West Bengal,Durgapur,Metro,43.4,125,Paid,No,Compensation,58.4,High,49.283805724259345,33.6,Delayed,Delayed,On-Time,On-Time,Delayed
LA-3793,Madhya Pradesh,Jabalpur,Irrigation,125.21,197,Paid,No,Possession,47.1,High,54.57248517025271,30.6,On-Time,On-Time,On-Time,On-Time,On-Time
LA-3794,Maharashtra,Aurangabad,Irrigation,70.73,113,Paid,No,Possession,27.6,High,68.84517466477372,18.5,Delayed,On-Time,On-Time,On-Time,On-Time
LA-3795,Gujarat,Ahmedabad,Irrigation,127.84,118,Pending,Yes,Approval,62.4,High,48.28249095001226,26.7,On-Time,On-Time,Delayed,On-Time,On-Time
LA-3796,Madhya Pradesh,Gwalior,Highway,83.13,75,Partially Paid,No,Compensation,74.1,Low,68.66195061250897,27.4,Delayed,On-Time,On-Time,On-Time,Delayed
LA-3797,Delhi,South Delhi,Airport,72.49,146,Paid,No,Notification,72.5,Low,60.954662880415356,47.9,Delayed,On-Time,On-Time,On-Time,On-Time
LA-3798,Madhya Pradesh,Bhopal,Railway,43.68,144,Partially Paid,No,Approval,91.6,High,40.43081141668628,47.6,On-Time,On-Time,On-Time,On-Time,On-Time
LA-3799,West Bengal,Durgapur,Airport,86.16,127,Paid,No,Approval,63.9,Medium,72.07445618011778,7.9,On-Time,On-Time,On-Time,On-Time,On-Time
LA-3800,Uttar Pradesh,Prayagraj,Industrial Corridor,94.19,126,Pending,Yes,Possession,64.0,High,56.58470634581604,3.5,On-Time,Delayed,On-Time,Delayed,Delayed
LA-3801,Tamil Nadu,Salem,Highway,108.42,226,Pending,No,Compensation,62.2,High,80.37572764250831,5.3,On-Time,On-Time,On-Time,On-Time,On-Time
LA-3802,Bihar,Bhagalpur,Irrigation,101.3,199,Pending,Yes,Compensation,74.0,Medium,62.06756279117831,16.6,On-Time,On-Time,Delayed,On-Time,Delayed
LA-3803,West Bengal,Durgapur,Power Project,27.21,78,Paid,No,Notification,82.7,High,54.330342367927315,50.2,On-Time,On-Time,Delayed,On-Time,On-Time
LA-3804,West Bengal,Siliguri,Metro,161.88,174,Pending,No,Compensation,38.1,High,64.50132889917705,29.1,On-Time,On-Time,On-Time,On-Time,On-Time
LA-3805,Rajasthan,Kota,Highway,111.11,181,Paid,No,Possession,82.8,Medium,83.62956147372651,35.1,Delayed,Delayed,Delayed,On-Time,On-Time
LA-3806,West Bengal,Howrah,Industrial Corridor,87.79,198,Paid,Yes,Approval,74.5,Medium,92.62733790912709,19.3,Delayed,On-Time,On-Time,Delayed,On-Time
LA-3807,Tamil Nadu,Madurai,Irrigation,107.64,207,Paid,No,Notification,44.3,Low,73.89606669842146,6.1,On-Time,On-Time,Delayed,On-Time,Delayed
LA-3808,Uttar Pradesh,Varanasi,Industrial Corridor,121.8,177,Partially Paid,No,Approval,78.6,Medium,56.16452524401961,49.5,On-Time,On-Time,Delayed,On-Time,Delayed
LA-3809,Rajasthan,Jodhpur,Industrial Corridor,268.14,263,Pending,Yes,Compensation,41.3,Medium,65.48910474152136,53.1,On-Time,Delayed,Delayed,Delayed,Delayed
LA-3810,Karnataka,Hubballi,Irrigation,54.69,85,Partially Paid,Yes,Compensation,55.4,High,63.52374044437749,16.2,Delayed,On-Time,Delayed,On-Time,On-Time
LA-3811,Maharashtra,Aurangabad,Industrial Corridor,55.9,116,Pending,No,Compensation,30.9,High,62.74639716773668,9.2,On-Time,On-Time,On-Time,Delayed,On-Time
LA-3812,Madhya Pradesh,Bhopal,Railway,34.52,126,Paid,Yes,Compensation,53.7,Medium,61.184149540367,18.3,Delayed,On-Time,On-Time,On-Time,On-Time
LA-3813,Karnataka,Hubballi,Metro,13.84,44,Paid,Yes,Approval,17.2,Low,50.51858985695288,42.2,Delayed,On-Time,On-Time,On-Time,Delayed
LA-3814,Uttar Pradesh,Lucknow,Power Project,113.06,150,Partially Paid,No,Possession,29.3,High,79.63428263513858,25.7,On-Time,Delayed,On-Time,On-Time,On-Time
LA-3815,Madhya Pradesh,Jabalpur,Industrial Corridor,275.07,342,Paid,Yes,Notification,78.4,Low,77.9116974566856,19.7,On-Time,Delayed,Delayed,On-Time,Delayed
LA-3816,Tamil Nadu,Salem,Industrial Corridor,68.35,132,Pending,No,Approval,85.9,High,65.34743878460203,39.6,On-Time,On-Time,On-Time,Delayed,On-Time
LA-3817,Rajasthan,Udaipur,Airport,184.93,382,Partially Paid,No,Compensation,62.7,High,83.88121486132526,24.0,On-Time,On-Time,On-Time,On-Time,On-Time
LA-3818,Delhi,South Delhi,Metro,69.18,77,Paid,No,Possession,36.5,High,73.86575868738832,12.8,Delayed,On-Time,On-Time,On-Time,On-Time
LA-3819,Delhi,North Delhi,Highway,179.27,328,Pending,Yes,Possession,55.5,Medium,48.253479772583134,26.1,Delayed,Delayed,Delayed,Delayed,Delayed
LA-3820,Gujarat,Surat,Metro,107.04,221,Paid,No,Compensation,57.3,Medium,59.68392524989365,3.9,On-Time,On-Time,On-Time,Delayed,On-Time
LA-3821,West Bengal,Howrah,Metro,86.69,219,Paid,No,Approval,53.6,High,87.20556124978509,60.0,On-Time,On-Time,On-Time,On-Time,On-Time
LA-3822,Uttar Pradesh,Agra,Irrigation,55.24,83,Partially Paid,No,Notification,47.7,Low,59.590282137623205,34.7,On-Time,On-Time,On-Time,On-Time,Delayed
LA-3823,Madhya Pradesh,Gwalior,Irrigation,89.82,114,Partially Paid,No,Approval,38.6,Medium,54.60004996529365,4.6,On-Time,On-Time,On-Time,Delayed,Delayed
LA-3824,Uttar Pradesh,Kanpur,Irrigation,149.49,329,Pending,No,Possession,69.3,Medium,75.83613751943673,16.2,On-Time,On-Time,Delayed,Delayed,On-Time
LA-3825,Maharashtra,Pune,Power Project,49.75,159,Paid,No,Possession,67.4,Medium,60.79673881528635,28.7,On-Time,Delayed,On-Time,On-Time,On-Time
LA-3826,Bihar,Bhagalpur,Metro,80.18,138,Partially Paid,Yes,Possession,52.1,High,73.41177303691143,29.5,On-Time,Delayed,Delayed,On-Time,Delayed
LA-3827,Karnataka,Hubballi,Power Project,97.98,66,Paid,No,Notification,65.0,Medium,64.45825886721623,34.0,On-Time,On-Time,On-Time,Delayed,On-Time
LA-3828,Uttar Pradesh,Kanpur,Industrial Corridor,146.2,190,Paid,No,Compensation,89.0,High,53.05016585303015,18.9,Delayed,On-Time,On-Time,On-Time,On-Time
LA-3829,Gujarat,Surat,Irrigation,91.68,110,Partially Paid,No,Compensation,83.0,High,54.603320638124494,60.0,On-Time,Delayed,On-Time,On-Time,On-Time
LA-3830,Delhi,South Delhi,Industrial Corridor,69.68,201,Paid,No,Compensation,75.2,Medium,39.71376233755855,60.0,Delayed,Delayed,Delayed,Delayed,Delayed
LA-3831,Rajasthan,Jaipur,Irrigation,102.51,171,Partially Paid,No,Compensation,14.6,Low,48.42226162610561,41.7,On-Time,On-Time,On-Time,Delayed,Delayed
LA-3832,Karnataka,Bengaluru,Railway,176.51,242,Partially Paid,No,Possession,89.6,Medium,74.42567570586824,25.9,On-Time,On-Time,Delayed,On-Time,On-Time
LA-3833,Uttar Pradesh,Agra,Power Project,115.22,152,Paid,No,Approval,52.3,Medium,83.08655576064712,9.1,Delayed,On-Time,On-Time,On-Time,On-Time
LA-3834,Maharashtra,Aurangabad,Power Project,81.69,72,Paid,No,Notification,47.9,Medium,55.843606269973435,24.6,On-Time,On-Time,On-Time,On-Time,On-Time
LA-3835,Gujarat,Rajkot,Highway,88.64,188,Paid,Yes,Approval,65.1,High,44.375255613719816,60.0,On-Time,Delayed,Delayed,On-Time,On-Time
LA-3836,Bihar,Bhagalpur,Airport,36.27,99,Pending,No,Notification,19.9,Low,82.06755995396956,27.2,On-Time,Delayed,Delayed,Delayed,On-Time
LA-3837,West Bengal,Howrah,Metro,138.25,217,Paid,No,Approval,68.7,High,82.51142111061183,24.8,On-Time,On-Time,On-Time,On-Time,On-Time
LA-3838,Delhi,New Delhi,Highway,27.93,59,Paid,No,Notification,60.2,High,75.84438134387662,21.7,Delayed,On-Time,On-Time,On-Time,On-Time
LA-3839,Tamil Nadu,Chennai,Power Project,61.52,171,Partially Paid,No,Approval,90.6,High,43.236023238797266,13.7,On-Time,On-Time,On-Time,On-Time,On-Time
LA-3840,Gujarat,Ahmedabad,Highway,74.81,154,Pending,No,Compensation,89.6,High,72.72679293663711,12.8,On-Time,On-Time,On-Time,Delayed,On-Time
LA-3841,Gujarat,Surat,Railway,61.42,205,Pending,No,Possession,61.4,High,73.27368300097784,37.9,Delayed,On-Time,On-Time,On-Time,Delayed
LA-3842,Tamil Nadu,Coimbatore,Airport,37.76,77,Paid,No,Possession,70.6,High,78.5086384334793,33.5,On-Time,On-Time,On-Time,On-Time,On-Time
LA-3843,Bihar,Muzaffarpur,Power Project,50.63,60,Paid,No,Approval,85.2,High,67.26483537812747,7.6,Delayed,On-Time,On-Time,On-Time,On-Time
LA-3844,West Bengal,Siliguri,Power Project,26.43,81,Partially Paid,No,Notification,79.4,Medium,53.74737449024854,54.9,On-Time,On-Time,On-Time,On-Time,On-Time
LA-3845,Madhya Pradesh,Indore,Metro,222.06,219,Pending,Yes,Notification,30.5,Medium,58.93187544576927,34.6,Delayed,Delayed,Delayed,On-Time,Delayed
LA-3846,Gujarat,Ahmedabad,Irrigation,56.38,92,Paid,Yes,Possession,90.1,Medium,82.65579405360837,60.0,On-Time,On-Time,On-Time,Delayed,Delayed
LA-3847,Tamil Nadu,Chennai,Airport,52.2,72,Paid,Yes,Compensation,73.6,High,70.6931345202825,13.8,Delayed,On-Time,On-Time,On-Time,On-Time
LA-3848,Maharashtra,Pune,Railway,274.22,455,Paid,Yes,Notification,69.1,Medium,45.379145548985974,39.7,On-Time,Delayed,On-Time,On-Time,On-Time
LA-3849,Madhya Pradesh,Indore,Industrial Corridor,20.45,135,Paid,No,Possession,84.6,High,90.59701035695207,10.7,On-Time,On-Time,On-Time,On-Time,On-Time
LA-3850,Gujarat,Surat,Highway,124.09,156,Partially Paid,No,Approval,69.2,Medium,82.33320894302324,3.9,Delayed,On-Time,On-Time,Delayed,On-Time
LA-3851,Karnataka,Hubballi,Metro,87.28,196,Paid,Yes,Possession,52.7,High,89.9374799424046,40.0,On-Time,On-Time,On-Time,Delayed,On-Time
LA-3852,Maharashtra,Aurangabad,Power Project,38.27,127,Paid,No,Approval,42.2,Medium,82.01468575868441,10.4,On-Time,Delayed,On-Time,On-Time,On-Time
LA-3853,Uttar Pradesh,Prayagraj,Industrial Corridor,91.85,267,Paid,No,Approval,38.5,High,51.074032826392674,30.3,On-Time,Delayed,On-Time,On-Time,On-Time
LA-3854,Bihar,Patna,Railway,245.08,373,Paid,No,Compensation,22.3,Medium,69.95007427505223,27.3,On-Time,On-Time,On-Time,On-Time,On-Time
LA-3855,Uttar Pradesh,Kanpur,Airport,123.4,210,Paid,Yes,Possession,28.6,Low,74.05241301596148,17.7,On-Time,Delayed,On-Time,On-Time,On-Time
LA-3856,Rajasthan,Jodhpur,Highway,112.74,227,Paid,Yes,Possession,64.3,Medium,44.83543990663583,10.6,On-Time,On-Time,On-Time,On-Time,Delayed
LA-3857,Uttar Pradesh,Agra,Metro,30.27,87,Pending,No,Compensation,52.2,High,47.414204513219644,37.9,On-Time,On-Time,On-Time,Delayed,On-Time
LA-3858,Delhi,New Delhi,Power Project,43.93,98,Paid,No,Approval,60.8,High,76.15097350467315,21.8,On-Time,On-Time,On-Time,On-Time,On-Time
LA-3859,Delhi,New Delhi,Power Project,22.08,53,Partially Paid,Yes,Approval,77.8,Low,77.34032444359444,2.4,Delayed,Delayed,Delayed,On-Time,Delayed
LA-3860,Uttar Pradesh,Lucknow,Industrial Corridor,89.39,90,Pending,No,Possession,92.5,High,95.0,24.5,On-Time,On-Time,On-Time,On-Time,On-Time
LA-3861,Bihar,Bhagalpur,Industrial Corridor,86.72,205,Paid,No,Compensation,65.3,Low,61.09420101331217,6.1,On-Time,Delayed,On-Time,On-Time,On-Time
LA-3862,Maharashtra,Aurangabad,Highway,44.16,54,Paid,No,Possession,93.2,High,39.75582000491967,17.1,On-Time,On-Time,On-Time,On-Time,On-Time
LA-3863,West Bengal,Siliguri,Airport,149.95,301,Paid,No,Approval,78.9,Low,62.73301132851516,23.9,Delayed,Delayed,Delayed,On-Time,Delayed
LA-3864,Madhya Pradesh,Bhopal,Railway,28.4,100,Partially Paid,No,Compensation,51.3,Low,77.6518984446293,1.0,On-Time,On-Time,On-Time,Delayed,On-Time
LA-3865,Gujarat,Ahmedabad,Irrigation,47.12,123,Partially Paid,No,Approval,57.1,Medium,59.53851920172592,13.4,On-Time,On-Time,On-Time,On-Time,Delayed
LA-3866,Madhya Pradesh,Bhopal,Airport,91.5,140,Paid,No,Compensation,88.4,High,66.52618687583478,18.8,On-Time,On-Time,Delayed,On-Time,Delayed
LA-3867,Rajasthan,Jodhpur,Airport,31.86,56,Pending,No,Possession,59.4,High,55.368533472680205,35.5,On-Time,On-Time,On-Time,On-Time,On-Time
LA-3868,Tamil Nadu,Madurai,Airport,67.16,174,Partially Paid,No,Compensation,84.6,Low,82.89642733724877,43.7,On-Time,On-Time,On-Time,Delayed,Delayed
LA-3869,Maharashtra,Aurangabad,Irrigation,49.97,97,Paid,No,Compensation,21.6,Low,76.16923373529596,28.4,On-Time,On-Time,On-Time,Delayed,On-Time
LA-3870,Gujarat,Rajkot,Highway,101.14,182,Pending,No,Approval,25.9,High,52.69888192487141,48.7,On-Time,Delayed,Delayed,On-Time,Delayed
LA-3871,Bihar,Gaya,Irrigation,26.11,13,Paid,No,Notification,6.9,High,57.17111631720689,33.6,On-Time,On-Time,On-Time,On-Time,On-Time
LA-3872,West Bengal,Howrah,Highway,11.24,70,Partially Paid,No,Possession,86.4,Low,54.807620932517466,5.5,Delayed,Delayed,On-Time,On-Time,On-Time
LA-3873,Bihar,Bhagalpur,Irrigation,30.69,61,Paid,No,Approval,93.0,Medium,37.10567669298232,37.8,On-Time,Delayed,Delayed,On-Time,On-Time
LA-3874,Gujarat,Ahmedabad,Railway,151.49,242,Partially Paid,No,Possession,72.7,Low,53.57025046810744,7.5,Delayed,On-Time,On-Time,Delayed,On-Time
LA-3875,Tamil Nadu,Madurai,Airport,144.28,363,Paid,No,Compensation,50.3,Low,38.40705463357094,42.1,On-Time,Delayed,On-Time,On-Time,On-Time
LA-3876,Rajasthan,Jaipur,Highway,39.92,29,Partially Paid,Yes,Possession,42.8,Low,79.00369432752217,39.7,Delayed,Delayed,On-Time,On-Time,On-Time
LA-3877,Rajasthan,Udaipur,Irrigation,80.05,224,Paid,No,Possession,67.4,High,80.19312697483292,26.3,Delayed,On-Time,On-Time,On-Time,On-Time
LA-3878,Uttar Pradesh,Agra,Railway,85.13,172,Partially Paid,No,Compensation,18.0,High,60.51816090241101,21.8,Delayed,On-Time,On-Time,On-Time,On-Time
LA-3879,Madhya Pradesh,Gwalior,Irrigation,24.81,95,Paid,No,Possession,62.5,High,68.07043788705161,20.7,On-Time,On-Time,On-Time,On-Time,On-Time
LA-3880,Uttar Pradesh,Agra,Power Project,50.99,60,Paid,No,Notification,84.6,Low,81.0649949118743,35.2,On-Time,On-Time,On-Time,On-Time,On-Time
LA-3881,Maharashtra,Nashik,Railway,72.28,104,Paid,Yes,Compensation,76.2,Medium,76.7567306113763,15.0,Delayed,On-Time,On-Time,On-Time,On-Time
LA-3882,Bihar,Patna,Airport,8.87,33,Paid,No,Possession,60.7,High,95.0,15.9,On-Time,On-Time,On-Time,On-Time,On-Time
LA-3883,Uttar Pradesh,Agra,Metro,91.2,100,Partially Paid,No,Approval,83.1,High,68.89118691106636,22.0,On-Time,On-Time,On-Time,On-Time,On-Time
LA-3884,Delhi,North Delhi,Airport,117.01,164,Pending,No,Compensation,29.5,High,86.78953000215053,11.7,Delayed,On-Time,On-Time,Delayed,On-Time
LA-3885,Delhi,North Delhi,Metro,98.13,140,Pending,Yes,Possession,69.4,Low,66.4267995347839,20.7,Delayed,On-Time,Delayed,On-Time,Delayed
LA-3886,West Bengal,Kolkata,Railway,135.58,238,Pending,No,Possession,66.9,Medium,63.20752312769058,45.8,On-Time,Delayed,Delayed,Delayed,Delayed
LA-3887,Rajasthan,Kota,Power Project,113.05,150,Paid,No,Approval,66.0,Medium,75.18026097226299,9.0,On-Time,Delayed,On-Time,On-Time,On-Time
LA-3888,Gujarat,Ahmedabad,Power Project,149.24,219,Paid,No,Compensation,52.4,High,73.2822981975985,2.6,On-Time,On-Time,On-Time,On-Time,On-Time
LA-3889,Tamil Nadu,Chennai,Highway,12.49,59,Partially Paid,No,Approval,73.2,Low,55.881174111222215,11.5,On-Time,Delayed,On-Time,Delayed,On-Time
LA-3890,Bihar,Patna,Power Project,62.37,102,Pending,Yes,Compensation,81.6,High,52.63953326111896,34.5,Delayed,Delayed,Delayed,On-Time,Delayed
LA-3891,Maharashtra,Nashik,Industrial Corridor,36.41,127,Partially Paid,No,Compensation,78.0,Medium,66.12163367875218,25.8,On-Time,Delayed,Delayed,On-Time,On-Time
LA-3892,Karnataka,Mangaluru,Railway,12.9,25,Paid,No,Compensation,81.5,High,36.6489388930201,7.3,On-Time,On-Time,On-Time,On-Time,On-Time
LA-3893,Tamil Nadu,Salem,Highway,75.54,127,Paid,No,Approval,37.2,High,60.387044319323145,29.9,On-Time,On-Time,On-Time,On-Time,On-Time
LA-3894,Karnataka,Hubballi,Power Project,154.56,124,Paid,No,Notification,84.2,High,50.26492218569409,26.4,On-Time,On-Time,On-Time,On-Time,On-Time
LA-3895,Uttar Pradesh,Lucknow,Railway,52.72,122,Paid,No,Notification,83.3,Medium,56.35480607399373,44.5,On-Time,On-Time,On-Time,On-Time,On-Time
LA-3896,Bihar,Patna,Airport,105.69,180,Partially Paid,No,Notification,40.5,Medium,53.31901026110444,33.9,On-Time,On-Time,On-Time,On-Time,On-Time
LA-3897,Rajasthan,Udaipur,Power Project,185.88,311,Paid,No,Compensation,61.3,High,76.5186345105742,42.1,On-Time,On-Time,Delayed,Delayed,Delayed
LA-3898,Maharashtra,Mumbai,Irrigation,69.19,135,Pending,No,Possession,79.9,High,71.70019442076008,10.5,On-Time,Delayed,On-Time,On-Time,On-Time
LA-3899,Gujarat,Ahmedabad,Metro,166.98,352,Pending,No,Notification,82.9,Low,65.79428787065065,7.6,Delayed,Delayed,Delayed,On-Time,Delayed
LA-3900,Delhi,North Delhi,Railway,156.44,114,Pending,No,Notification,43.5,High,59.24935438558894,14.2,On-Time,On-Time,Delayed,On-Time,On-Time
LA-3901,Uttar Pradesh,Lucknow,Highway,103.48,139,Pending,No,Compensation,35.4,High,80.5204751371705,14.6,On-Time,Delayed,On-Time,On-Time,On-Time
LA-3902,Tamil Nadu,Coimbatore,Airport,29.51,98,Paid,No,Compensation,65.0,High,78.50972896270144,18.7,On-Time,Delayed,On-Time,Delayed,On-Time
LA-3903,Delhi,New Delhi,Industrial Corridor,12.21,41,Pending,No,Notification,57.6,Low,63.33288012207273,8.8,Delayed,On-Time,Delayed,On-Time,On-Time
LA-3904,Gujarat,Vadodara,Airport,47.63,70,Paid,No,Approval,86.7,High,85.32120118477759,12.5,On-Time,On-Time,On-Time,Delayed,On-Time
LA-3905,Rajasthan,Udaipur,Power Project,59.49,43,Pending,No,Approval,64.5,Low,62.156852785624885,60.0,Delayed,On-Time,On-Time,On-Time,On-Time
LA-3906,Delhi,North Delhi,Metro,69.15,110,Paid,No,Approval,37.1,High,68.07053786356877,25.3,On-Time,On-Time,On-Time,On-Time,On-Time
LA-3907,West Bengal,Siliguri,Airport,125.54,262,Paid,No,Approval,71.4,High,56.38672069689664,22.8,Delayed,On-Time,On-Time,On-Time,On-Time
LA-3908,Uttar Pradesh,Agra,Industrial Corridor,45.96,32,Paid,Yes,Approval,48.9,High,59.10184650826216,29.7,On-Time,Delayed,Delayed,On-Time,On-Time
LA-3909,Maharashtra,Aurangabad,Irrigation,127.78,140,Paid,No,Compensation,80.2,Medium,55.59475212925484,8.4,Delayed,On-Time,Delayed,On-Time,On-Time
LA-3910,Maharashtra,Nagpur,Highway,230.95,298,Pending,No,Compensation,86.6,High,75.31387784973802,6.4,Delayed,On-Time,On-Time,On-Time,Delayed
LA-3911,Maharashtra,Mumbai,Railway,73.56,95,Pending,No,Notification,48.7,Medium,70.64329245683379,22.4,On-Time,On-Time,On-Time,On-Time,Delayed
LA-3912,Delhi,North Delhi,Metro,96.46,221,Partially Paid,No,Compensation,73.0,High,49.208919279931294,5.6,On-Time,On-Time,Delayed,On-Time,On-Time
LA-3913,Karnataka,Hubballi,Industrial Corridor,221.95,241,Partially Paid,Yes,Compensation,19.7,High,73.49673575636528,10.3,On-Time,On-Time,On-Time,On-Time,Delayed
LA-3914,West Bengal,Kolkata,Power Project,138.93,149,Partially Paid,No,Possession,83.5,Low,91.8942658432313,3.4,On-Time,On-Time,On-Time,On-Time,Delayed
LA-3915,Uttar Pradesh,Lucknow,Power Project,47.2,88,Paid,No,Approval,47.2,Medium,55.09885949834913,39.0,On-Time,On-Time,On-Time,On-Time,On-Time
LA-3916,Karnataka,Bengaluru,Power Project,242.69,405,Pending,No,Compensation,67.7,High,54.241121561299224,26.3,On-Time,On-Time,On-Time,Delayed,On-Time
LA-3917,Karnataka,Mangaluru,Metro,94.93,204,Paid,No,Compensation,57.6,Medium,65.1210032278938,14.1,On-Time,On-Time,On-Time,On-Time,On-Time
LA-3918,Bihar,Bhagalpur,Airport,51.67,37,Partially Paid,No,Approval,43.8,Medium,85.67352140004547,60.0,Delayed,Delayed,On-Time,On-Time,On-Time
LA-3919,Gujarat,Rajkot,Metro,18.91,88,Pending,No,Possession,67.7,High,58.4253158534079,41.6,On-Time,Delayed,On-Time,On-Time,On-Time
LA-3920,Maharashtra,Aurangabad,Power Project,46.42,108,Paid,Yes,Compensation,22.5,Medium,92.62776398922955,24.2,Delayed,Delayed,On-Time,On-Time,On-Time
LA-3921,Maharashtra,Pune,Irrigation,92.06,191,Paid,No,Compensation,43.6,High,49.144120425063136,47.5,On-Time,Delayed,On-Time,On-Time,On-Time
LA-3922,Karnataka,Hubballi,Industrial Corridor,36.49,94,Pending,No,Notification,57.2,Medium,67.82072849515131,19.7,Delayed,On-Time,On-Time,Delayed,On-Time
LA-3923,Tamil Nadu,Madurai,Railway,41.45,61,Pending,No,Approval,45.7,Medium,39.481098957007106,25.5,Delayed,Delayed,On-Time,On-Time,On-Time
LA-3924,Uttar Pradesh,Kanpur,Railway,191.91,365,Pending,No,Compensation,60.3,High,50.957795743054774,23.4,On-Time,On-Time,Delayed,Delayed,On-Time
LA-3925,Gujarat,Rajkot,Metro,96.02,235,Partially Paid,Yes,Approval,89.9,High,61.798986081522834,17.6,Delayed,On-Time,On-Time,On-Time,Delayed
LA-3926,Bihar,Patna,Power Project,22.17,20,Paid,Yes,Compensation,34.6,High,69.05291181918972,18.4,Delayed,Delayed,On-Time,Delayed,On-Time
LA-3927,Tamil Nadu,Salem,Highway,131.61,223,Paid,No,Approval,40.7,Low,83.61097965910514,60.0,On-Time,Delayed,On-Time,On-Time,On-Time
LA-3928,West Bengal,Howrah,Irrigation,12.3,90,Paid,No,Compensation,35.0,Medium,54.51006034447039,30.6,On-Time,On-Time,On-Time,On-Time,On-Time
LA-3929,Tamil Nadu,Chennai,Metro,92.05,163,Partially Paid,Yes,Compensation,88.1,High,71.30965866867034,49.7,On-Time,On-Time,Delayed,Delayed,On-Time
LA-3930,Gujarat,Vadodara,Power Project,84.09,181,Paid,No,Notification,63.8,High,44.91339376364874,9.4,Delayed,On-Time,On-Time,On-Time,On-Time
LA-3931,Madhya Pradesh,Jabalpur,Airport,316.59,536,Partially Paid,Yes,Compensation,27.6,High,80.14780241118564,16.4,On-Time,On-Time,On-Time,Delayed,Delayed
LA-3932,Karnataka,Mangaluru,Railway,162.19,346,Pending,No,Approval,60.0,Medium,84.6557345242916,9.1,On-Time,Delayed,On-Time,Delayed,Delayed
LA-3933,Delhi,North Delhi,Railway,80.79,174,Pending,No,Approval,54.5,Medium,80.56287263593185,41.4,On-Time,On-Time,On-Time,Delayed,Delayed
LA-3934,Rajasthan,Jodhpur,Irrigation,145.93,239,Paid,No,Notification,21.5,Low,80.54096645599273,44.2,Delayed,Delayed,On-Time,On-Time,Delayed
LA-3935,Karnataka,Mangaluru,Railway,13.55,37,Paid,Yes,Approval,86.0,High,63.62924664005151,29.6,Delayed,On-Time,On-Time,Delayed,Delayed
LA-3936,Uttar Pradesh,Agra,Highway,83.4,107,Pending,No,Approval,42.1,Medium,69.15068187041688,60.0,On-Time,Delayed,Delayed,Delayed,On-Time
LA-3937,Tamil Nadu,Madurai,Power Project,49.92,139,Partially Paid,No,Possession,86.5,Medium,63.545300001582945,43.5,On-Time,On-Time,On-Time,On-Time,On-Time
LA-3938,Madhya Pradesh,Indore,Power Project,90.51,156,Pending,No,Approval,30.5,Low,64.31736989944609,23.5,On-Time,On-Time,Delayed,Delayed,Delayed
LA-3939,West Bengal,Howrah,Irrigation,11.77,77,Pending,No,Notification,76.5,High,53.845053524756054,22.6,On-Time,On-Time,Delayed,Delayed,Delayed
LA-3940,Delhi,New Delhi,Power Project,129.15,295,Paid,No,Notification,57.2,Medium,69.2250285476416,30.4,On-Time,Delayed,On-Time,On-Time,On-Time
LA-3941,Maharashtra,Aurangabad,Irrigation,113.49,135,Paid,Yes,Notification,69.5,High,71.26700506159433,45.0,Delayed,On-Time,Delayed,Delayed,On-Time
LA-3942,Madhya Pradesh,Jabalpur,Power Project,165.71,189,Paid,No,Compensation,72.1,High,79.77946503046601,32.2,On-Time,On-Time,On-Time,On-Time,On-Time
LA-3943,Maharashtra,Pune,Highway,59.31,163,Partially Paid,No,Notification,84.7,Low,70.88176873331281,15.8,On-Time,On-Time,On-Time,On-Time,On-Time
LA-3944,Karnataka,Mysuru,Industrial Corridor,132.49,202,Paid,No,Compensation,65.2,Low,78.21618989379486,15.7,Delayed,Delayed,On-Time,On-Time,On-Time
LA-3945,Tamil Nadu,Chennai,Metro,255.94,490,Pending,No,Approval,80.2,Medium,53.83587935188898,27.4,Delayed,On-Time,On-Time,Delayed,On-Time
LA-3946,Uttar Pradesh,Lucknow,Metro,66.42,80,Pending,No,Possession,32.0,High,86.3515688516635,14.3,On-Time,On-Time,On-Time,On-Time,Delayed
LA-3947,Rajasthan,Jaipur,Power Project,25.43,118,Paid,No,Approval,62.7,Low,61.38120321926886,53.0,On-Time,Delayed,On-Time,On-Time,On-Time
LA-3948,Rajasthan,Kota,Airport,127.05,188,Pending,No,Compensation,66.9,High,34.26868957329333,27.7,On-Time,On-Time,Delayed,On-Time,On-Time
LA-3949,Gujarat,Vadodara,Railway,62.02,135,Partially Paid,No,Compensation,75.6,High,59.15764844374044,7.7,On-Time,On-Time,On-Time,On-Time,On-Time
LA-3950,West Bengal,Kolkata,Highway,34.93,104,Pending,No,Approval,52.7,Medium,73.65020520866399,21.4,On-Time,On-Time,Delayed,On-Time,On-Time
LA-3951,Tamil Nadu,Coimbatore,Airport,41.13,116,Paid,No,Possession,95.5,High,66.23306504470558,23.6,On-Time,On-Time,On-Time,On-Time,On-Time
LA-3952,Karnataka,Bengaluru,Airport,22.05,106,Paid,No,Compensation,75.6,Low,35.869816302009134,44.1,On-Time,Delayed,On-Time,On-Time,Delayed
LA-3953,Karnataka,Hubballi,Power Project,35.06,18,Paid,No,Approval,72.5,High,68.2273463133733,21.9,On-Time,Delayed,On-Time,On-Time,On-Time
LA-3954,Rajasthan,Jodhpur,Highway,107.76,140,Paid,No,Compensation,59.0,High,66.9009722845685,60.0,On-Time,On-Time,Delayed,On-Time,On-Time
LA-3955,West Bengal,Durgapur,Metro,110.55,208,Paid,Yes,Possession,74.2,Medium,50.4284910811635,33.8,Delayed,Delayed,Delayed,On-Time,Delayed
LA-3956,Karnataka,Mysuru,Railway,44.56,76,Pending,No,Compensation,45.8,Medium,73.46771663741106,7.5,Delayed,Delayed,On-Time,On-Time,On-Time
LA-3957,Karnataka,Hubballi,Metro,306.51,568,Paid,No,Possession,84.6,Medium,62.992559724792606,18.0,Delayed,On-Time,On-Time,On-Time,Delayed
LA-3958,Bihar,Gaya,Airport,89.2,156,Pending,No,Notification,49.0,High,35.73377650559565,15.1,On-Time,Delayed,On-Time,Delayed,On-Time
LA-3959,Maharashtra,Pune,Railway,103.1,134,Partially Paid,No,Compensation,33.2,Medium,75.42612662091568,23.6,On-Time,On-Time,Delayed,On-Time,On-Time
LA-3960,Tamil Nadu,Coimbatore,Industrial Corridor,118.6,213,Paid,No,Possession,67.1,High,67.62226024871833,60.0,On-Time,On-Time,On-Time,On-Time,Delayed
LA-3961,Uttar Pradesh,Agra,Airport,46.78,45,Partially Paid,No,Approval,88.6,High,87.70338816488442,12.4,On-Time,On-Time,On-Time,On-Time,On-Time
LA-3962,Maharashtra,Nashik,Metro,151.27,144,Pending,Yes,Possession,93.8,Medium,52.02581038288105,5.0,Delayed,Delayed,On-Time,Delayed,Delayed
LA-3963,Maharashtra,Nagpur,Metro,19.43,79,Partially Paid,No,Notification,79.0,High,61.504360054671,19.0,On-Time,On-Time,Delayed,On-Time,On-Time
LA-3964,West Bengal,Durgapur,Power Project,31.65,105,Paid,No,Possession,37.0,Low,80.98990153948544,14.3,On-Time,Delayed,On-Time,On-Time,On-Time
LA-3965,Bihar,Bhagalpur,Metro,47.13,126,Pending,No,Approval,92.5,Medium,51.26568642320545,29.7,On-Time,On-Time,On-Time,On-Time,On-Time
LA-3966,Karnataka,Mysuru,Highway,96.51,146,Paid,No,Notification,65.7,Low,80.46124124528853,3.3,On-Time,On-Time,On-Time,On-Time,On-Time
LA-3967,Karnataka,Mysuru,Airport,27.07,103,Partially Paid,No,Possession,51.3,High,80.85244413798071,47.2,On-Time,On-Time,On-Time,Delayed,Delayed
LA-3968,Madhya Pradesh,Gwalior,Irrigation,29.4,64,Partially Paid,No,Approval,92.8,Low,69.70670559741671,27.3,On-Time,Delayed,On-Time,Delayed,On-Time
LA-3969,West Bengal,Siliguri,Irrigation,205.96,334,Paid,No,Notification,56.7,High,62.52306778748642,27.5,On-Time,On-Time,On-Time,On-Time,On-Time
LA-3970,Rajasthan,Jodhpur,Railway,189.04,360,Paid,No,Notification,46.8,High,55.290697813502426,22.7,On-Time,On-Time,On-Time,On-Time,On-Time
LA-3971,Gujarat,Surat,Metro,26.05,95,Pending,Yes,Compensation,24.9,High,54.18375924931098,6.5,Delayed,On-Time,On-Time,On-Time,Delayed
LA-3972,Uttar Pradesh,Agra,Power Project,43.52,51,Pending,No,Possession,13.8,Medium,69.66246086020845,23.4,On-Time,On-Time,Delayed,On-Time,Delayed
LA-3973,Tamil Nadu,Chennai,Power Project,79.33,144,Partially Paid,Yes,Notification,70.3,High,25.0,15.5,On-Time,On-Time,On-Time,On-Time,On-Time
LA-3974,Karnataka,Mangaluru,Metro,123.46,72,Paid,No,Compensation,55.2,Medium,56.64415305663077,4.6,Delayed,On-Time,On-Time,On-Time,On-Time
LA-3975,Gujarat,Surat,Highway,58.43,122,Paid,No,Notification,56.3,High,54.57553884917868,13.6,On-Time,On-Time,On-Time,On-Time,On-Time
LA-3976,Delhi,New Delhi,Power Project,53.02,121,Paid,No,Compensation,32.7,High,50.179366066235616,39.7,On-Time,On-Time,On-Time,On-Time,On-Time
LA-3977,Bihar,Bhagalpur,Irrigation,174.13,330,Partially Paid,No,Notification,52.9,Medium,67.78566185623842,36.7,On-Time,On-Time,On-Time,On-Time,Delayed
LA-3978,Delhi,North Delhi,Railway,46.93,102,Paid,No,Approval,66.7,High,42.95315761047277,34.7,On-Time,Delayed,Delayed,On-Time,On-Time
LA-3979,Karnataka,Hubballi,Airport,66.03,179,Paid,No,Notification,37.2,Medium,83.04308541840075,31.0,Delayed,Delayed,On-Time,On-Time,On-Time
LA-3980,West Bengal,Kolkata,Industrial Corridor,115.42,129,Paid,No,Compensation,93.7,Medium,78.70370864321545,30.9,On-Time,On-Time,On-Time,On-Time,On-Time
LA-3981,Gujarat,Ahmedabad,Highway,118.84,246,Partially Paid,No,Possession,68.6,Low,85.39322249737182,41.2,Delayed,On-Time,On-Time,On-Time,Delayed
LA-3982,Maharashtra,Pune,Power Project,110.61,179,Pending,No,Compensation,41.4,High,57.09160834093058,16.8,On-Time,On-Time,Delayed,Delayed,On-Time
LA-3983,Karnataka,Mysuru,Airport,106.17,211,Partially Paid,Yes,Notification,38.7,Low,68.11699674136514,33.8,Delayed,Delayed,On-Time,On-Time,Delayed
LA-3984,Tamil Nadu,Chennai,Industrial Corridor,96.89,101,Partially Paid,No,Compensation,89.4,Medium,77.34756515837825,36.5,On-Time,On-Time,On-Time,On-Time,Delayed
LA-3985,Rajasthan,Kota,Metro,69.2,72,Paid,No,Possession,98.0,Low,63.037908368517144,60.0,Delayed,On-Time,Delayed,On-Time,Delayed
LA-3986,West Bengal,Durgapur,Metro,151.07,163,Paid,No,Notification,55.4,High,56.50092569083724,53.3,On-Time,On-Time,On-Time,On-Time,Delayed
LA-3987,Delhi,North Delhi,Railway,123.0,120,Partially Paid,No,Notification,29.1,Medium,66.79518574798921,44.6,Delayed,On-Time,Delayed,Delayed,On-Time
LA-3988,Rajasthan,Kota,Industrial Corridor,51.87,57,Partially Paid,Yes,Notification,70.4,Low,61.924647998429016,53.7,Delayed,On-Time,On-Time,Delayed,Delayed
LA-3989,Karnataka,Mangaluru,Metro,67.15,115,Paid,Yes,Compensation,30.8,High,48.93977586209927,28.8,Delayed,On-Time,On-Time,On-Time,On-Time
LA-3990,Bihar,Muzaffarpur,Metro,29.14,107,Partially Paid,No,Compensation,29.5,Medium,29.294296637797935,52.3,On-Time,Delayed,Delayed,On-Time,Delayed
LA-3991,Uttar Pradesh,Varanasi,Irrigation,57.55,82,Pending,No,Compensation,56.8,Low,51.14661018977753,19.4,On-Time,On-Time,On-Time,On-Time,Delayed
LA-3992,Tamil Nadu,Salem,Power Project,32.59,35,Partially Paid,No,Approval,47.4,Medium,29.605825975012856,7.5,Delayed,On-Time,On-Time,On-Time,On-Time
LA-3993,Madhya Pradesh,Gwalior,Railway,153.87,255,Partially Paid,No,Approval,76.5,High,51.950165287154064,40.5,On-Time,On-Time,Delayed,Delayed,On-Time
LA-3994,Gujarat,Surat,Airport,348.29,633,Pending,No,Possession,61.4,Medium,86.28593768588723,21.2,Delayed,On-Time,Delayed,Delayed,On-Time
LA-3995,Uttar Pradesh,Lucknow,Metro,30.29,69,Paid,No,Approval,91.1,High,37.27225670219411,15.0,On-Time,On-Time,On-Time,On-Time,On-Time
LA-3996,Bihar,Gaya,Irrigation,72.45,121,Partially Paid,No,Possession,65.8,Low,71.73349679221296,38.9,On-Time,Delayed,On-Time,Delayed,On-Time
LA-3997,Uttar Pradesh,Lucknow,Highway,63.98,81,Pending,No,Compensation,89.1,High,83.34033768144009,1.0,On-Time,Delayed,On-Time,On-Time,On-Time
LA-3998,Maharashtra,Mumbai,Highway,10.42,19,Paid,No,Notification,39.7,High,41.40996727987549,25.2,On-Time,On-Time,On-Time,On-Time,On-Time
LA-3999,Maharashtra,Nagpur,Airport,48.53,82,Paid,No,Compensation,51.3,High,91.91493806087537,12.9,On-Time,Delayed,On-Time,On-Time,On-Time
LA-4000,Bihar,Gaya,Industrial Corridor,249.51,286,Partially Paid,No,Possession,89.7,Medium,63.85294067228806,13.6,On-Time,On-Time,On-Time,On-Time,On-Time
